<?xml version="1.0" encoding="UTF-8"?>
<window id="604">
    <defaultcontrol always="true">29</defaultcontrol>
    <controls>
        <control type="group">
            <animation type="WindowOpen" condition="Window.IsVisible(DialogPVRChannelManager.xml)" reversible="false">
                <effect type="fade" start="0" end="100" time="0" delay="300" />
            </animation>
            <control type="group">
                <include>KeyboardAnimations</include>
                <visible>!Window.IsVisible(virtualkeyboard) + !Window.IsVisible(FileBrowser) + !Window.IsVisible(yesnodialog) + !Window.IsVisible(okdialog)</visible>
                
                <control type="image">
                    <posx>820</posx>
                    <posy>166</posy>
                    <width>80</width>
                    <height>60</height>
                    <texture>dialogs/default/arrow.png</texture>
                </control>
                
                <control type="image">
                    <posx>207</posx>
                    <posy>186</posy>
                    <width>1296</width>
                    <height>708</height>
                    <texture border="39">dialogs/default/bg.png</texture>
                </control>
                            
                <control type="label">
                    <description>Heading</description>
                    <posx>373</posx>
                    <posy>138</posy>
                    <width>974</width>
                    <font>Font-Condensed-S34</font>
                    <label>$LOCALIZE[19143]</label>
                    <textcolor>ddwhite</textcolor>
                    <align>center</align>
                </control>
                
                <control type="group">
                    <description>Group list</description>
                    <posx>241</posx>
                    <posy>220</posy>
                    <control type="label">
                        <description>Name label</description>
                        <posx>0</posx>
                        <posy>0</posy>
                        <width>400</width>
                        <height>34</height>
                        <align>left</align>
                        <textoffsetx>20</textoffsetx>
                        <label>$LOCALIZE[42180]</label>
                        <textcolor>FF585858</textcolor>
                        <shadowcolor>20FFFFFF</shadowcolor>
                        <font>Font-Condensed-S30</font>
                    </control>
                    <control type="image">
                        <posx>0</posx>
                        <posy>40</posy>
                        <width>400</width>
                        <height>601</height>
                        <texture border="5">dialogs/default/inner.png</texture>
                    </control>
                    <control type="list" id="13">
                        <posx>0</posx>
                        <posy>40</posy>
                        <width>400</width>
                        <height>600</height>
                        <onleft>9000</onleft>
                        <onright>60</onright>
                        <onup>13</onup>
                        <ondown>13</ondown>
                        <scrolltime tween="cubic" easing="out">500</scrolltime>
                        <pagecontrol>60</pagecontrol>
                        <itemlayout height="60">
                            <control type="image">
                                <posx>0</posx>
                                <posy>1</posy>
                                <width>400</width>
                                <height>60</height>
                                <texture>dialogs/default/separator.png</texture>
                            </control>
                            <control type="label">
                                <posx>20</posx>
                                <posy>0</posy>
                                <width>360</width>
                                <height>60</height>
                                <info>ListItem.Label</info>
                                <textcolor>FF585858</textcolor>
                                <selectedcolor>FF585858</selectedcolor>
                                <scroll>false</scroll>
                            </control>
                        </itemlayout>
                        <focusedlayout height="60">
                            <control type="group">
                                <visible>!Control.HasFocus(13)</visible>
                                <include>visiblehidefadeinfo</include>
                                <control type="image">
                                    <posx>0</posx>
                                    <posy>1</posy>
                                    <width>400</width>
                                    <height>60</height>
                                    <texture>dialogs/default/separator.png</texture>
                                </control>
                                <control type="label">
                                    <posx>20</posx>
                                    <posy>0</posy>
                                    <width>310</width>
                                    <height>60</height>
                                    <info>ListItem.Label</info>
                                    <textcolor>FF585858</textcolor>
                                    <selectedcolor>FF585858</selectedcolor>
                                    <scroll>false</scroll>
                                </control>
                                <control type="image">
                                    <posx>335</posx>
                                    <posy>0</posy>
                                    <width>60</width>
                                    <height>60</height>
                                    <texture>dialogs/select/selected.png</texture>
                                </control>
                            </control>
                            <control type="group">
                                <visible>Control.HasFocus(13)</visible>
                                <include>visiblehidefadeinfo</include>
                                <control type="image">
                                    <posx>0</posx>
                                    <posy>0</posy>
                                    <width>400</width>
                                    <height>60</height>
                                    <texture border="2">dialogs/default/highlight.png</texture>
                                </control>
                                <control type="label">
                                    <posx>20</posx>
                                    <posy>0</posy>
                                    <width>360</width>
                                    <height>60</height>
                                    <info>ListItem.Label</info>
                                    <textcolor>eewhite</textcolor>
                                    <selectedcolor>eewhite</selectedcolor>
                                </control>
                            </control>
                        </focusedlayout>
                    </control>
                    <control type="image" id="62">
                        <animation effect="fade" start="100" end="0" time="0" delay="1500">WindowOpen</animation>
                    </control>
                    <control type="image" id="61">
                        <animation effect="fade" start="0" end="100" time="0">Visible</animation>
                        <animation effect="fade" start="100" end="0" time="0">Hidden</animation>
                        <visible>Control.HasFocus(60) | !Control.IsVisible(62)</visible>
                    </control>
                    <control type="image" id="61">
                        <animation effect="fade" start="0" end="100" time="0">Visible</animation>
                        <animation effect="fade" start="100" end="0" time="0" delay="1500">Hidden</animation>
                        <visible>!Control.HasFocus(60) + [Container(13).Scrolling | Container(13).OnScrollNext | Container(13).OnScrollPrevious]</visible>
                    </control>
                    <control type="scrollbar" id="60">
                        <posx>386</posx>
                        <posy>43</posy>
                        <width>11</width>
                        <height>594</height>
                        <texturesliderbackground>-</texturesliderbackground>
                        <texturesliderbar border="0,6,0,6">dialogs/default/scrollbar.png</texturesliderbar>
                        <texturesliderbarfocus border="0,6,0,6">dialogs/default/scrollbar.png</texturesliderbarfocus>
                        <textureslidernib>-</textureslidernib>
                        <textureslidernibfocus>-</textureslidernibfocus>
                        <onleft>13</onleft>
                        <onright>11</onright>
                        <ondown>60</ondown>
                        <onup>60</onup>
                        <showonepage>false</showonepage>
                        <orientation>vertical</orientation>
                        <animation effect="fade" start="75" end="0" time="300" tween="sine" easing="inout" condition="!Control.IsVisible(61)">Conditional</animation>
                    </control>
                </control>
                <control type="group">
                    <description>Channels list</description>
                    <posx>655</posx>
                    <posy>220</posy>
                    <control type="label" id="21">
                        <description>Name label</description>
                        <posx>0</posx>
                        <posy>0</posy>
                        <width>400</width>
                        <height>34</height>
                        <align>left</align>
                        <textoffsetx>20</textoffsetx>
                        <textcolor>FF585858</textcolor>
                        <shadowcolor>20FFFFFF</shadowcolor>
                        <font>Font-Condensed-S30</font>
                    </control>
                    <control type="image">
                        <posx>0</posx>
                        <posy>40</posy>
                        <width>400</width>
                        <height>601</height>
                        <texture border="5">dialogs/default/inner.png</texture>
                    </control>
                    <control type="list" id="11">
                        <posx>0</posx>
                        <posy>40</posy>
                        <width>400</width>
                        <height>600</height>                        
                        <onleft>60</onleft>
                        <onright>70</onright>
                        <onup>11</onup>
                        <ondown>11</ondown>
                        <scrolltime tween="cubic" easing="out">500</scrolltime>
                        <pagecontrol>70</pagecontrol>
                        <itemlayout height="60">
                            <control type="image">
                                <posx>0</posx>
                                <posy>1</posy>
                                <width>400</width>
                                <height>60</height>
                                <texture>dialogs/default/separator.png</texture>
                            </control>
                            <control type="image">
                                <posx>20</posx>
                                <posy>10</posy>
                                <width>40</width>
                                <height>40</height>
                                <bordertexture border="1">windows/common/darkgrey.png</bordertexture>
                                <texture background="true" fallback="windows/pvr/defaultchannel.png">$VAR[PvrListIcon]</texture>
                            </control>
                            <control type="label">
                                <posx>70</posx>
                                <posy>0</posy>
                                <width>310</width>
                                <height>60</height>
                                <label>$INFO[ListItem.ChannelNumberLabel,(,) ]$INFO[ListItem.ChannelName]</label>
                                <textcolor>FF585858</textcolor>
                                <selectedcolor>FF585858</selectedcolor>
                                <scroll>false</scroll>
                            </control>
                        </itemlayout>
                        <focusedlayout height="60">
                            <control type="group">
                                <visible>!Control.HasFocus(11)</visible>
                                <include>visiblehidefadeinfo</include>
                                <control type="image">
                                    <posx>0</posx>
                                    <posy>1</posy>
                                    <width>400</width>
                                    <height>60</height>
                                    <texture>dialogs/default/separator.png</texture>
                                </control>
                                <control type="label">
                                    <posx>70</posx>
                                    <posy>0</posy>
                                    <width>260</width>
                                    <height>60</height>
                                    <label>$INFO[ListItem.ChannelNumberLabel,(,) ]$INFO[ListItem.ChannelName]</label>
                                    <textcolor>FF585858</textcolor>
                                    <selectedcolor>FF585858</selectedcolor>
                                    <scroll>false</scroll>
                                </control>
                                <control type="image">
                                    <posx>335</posx>
                                    <posy>0</posy>
                                    <width>60</width>
                                    <height>60</height>
                                    <texture>dialogs/select/selected.png</texture>
                                </control>
                            </control>
                            <control type="group">
                                <visible>Control.HasFocus(11)</visible>
                                <include>visiblehidefadeinfo</include>
                                <control type="image">
                                    <posx>0</posx>
                                    <posy>0</posy>
                                    <width>400</width>
                                    <height>60</height>
                                    <texture border="2">dialogs/default/highlight.png</texture>
                                </control>
                                <control type="label">
                                    <posx>70</posx>
                                    <posy>0</posy>
                                    <width>310</width>
                                    <height>60</height>
                                    <label>$INFO[ListItem.ChannelNumberLabel,(,) ]$INFO[ListItem.ChannelName]</label>
                                    <textcolor>eewhite</textcolor>
                                    <selectedcolor>eewhite</selectedcolor>
                                </control>
                            </control>
                            <control type="image">
                                <posx>20</posx>
                                <posy>10</posy>
                                <width>40</width>
                                <height>40</height>
                                <bordertexture border="1">windows/common/darkgrey.png</bordertexture>
                                <texture background="true" fallback="windows/pvr/defaultchannel.png">$VAR[PvrListIcon]</texture>
                            </control>
                        </focusedlayout>
                    </control>
                    <control type="image" id="72">
                        <animation effect="fade" start="100" end="0" time="0" delay="1500">WindowOpen</animation>
                    </control>
                    <control type="image" id="71">
                        <animation effect="fade" start="0" end="100" time="0">Visible</animation>
                        <animation effect="fade" start="100" end="0" time="0">Hidden</animation>
                        <visible>Control.HasFocus(70) | !Control.IsVisible(72)</visible>
                    </control>
                    <control type="image" id="71">
                        <animation effect="fade" start="0" end="100" time="0">Visible</animation>
                        <animation effect="fade" start="100" end="0" time="0" delay="1500">Hidden</animation>
                        <visible>!Control.HasFocus(70) + [Container(11).Scrolling | Container(11).OnScrollNext | Container(11).OnScrollPrevious]</visible>
                    </control>
                    <control type="scrollbar" id="70">
                        <posx>386</posx>
                        <posy>43</posy>
                        <width>11</width>
                        <height>594</height>
                        <texturesliderbackground>-</texturesliderbackground>
                        <texturesliderbar border="0,6,0,6">dialogs/default/scrollbar.png</texturesliderbar>
                        <texturesliderbarfocus border="0,6,0,6">dialogs/default/scrollbar.png</texturesliderbarfocus>
                        <textureslidernib>-</textureslidernib>
                        <textureslidernibfocus>-</textureslidernibfocus>
                        <onleft>11</onleft>
                        <onright>12</onright>
                        <ondown>70</ondown>
                        <onup>70</onup>
                        <showonepage>false</showonepage>
                        <orientation>vertical</orientation>
                        <animation effect="fade" start="75" end="0" time="300" tween="sine" easing="inout" condition="!Control.IsVisible(71)">Conditional</animation>
                    </control>
                </control>
                <control type="group">
                    <description>Grouped channels list</description>
                    <posx>1069</posx>
                    <posy>220</posy>
                    <control type="label" id="22">
                        <description>Name label</description>
                        <posx>0</posx>
                        <posy>0</posy>
                        <width>400</width>
                        <height>34</height>
                        <align>left</align>
                        <textoffsetx>20</textoffsetx>
                        <textcolor>FF585858</textcolor>
                        <shadowcolor>20FFFFFF</shadowcolor>
                        <font>Font-Condensed-S30</font>
                    </control>
                    <control type="image">
                        <posx>0</posx>
                        <posy>40</posy>
                        <width>400</width>
                        <height>601</height>
                        <texture border="5">dialogs/default/inner.png</texture>
                    </control>
                    <control type="list" id="12">
                        <posx>0</posx>
                        <posy>40</posy>
                        <width>400</width>
                        <height>600</height>                        
                        <onleft>70</onleft>
                        <onright>80</onright>
                        <onup>12</onup>
                        <ondown>12</ondown>
                        <scrolltime tween="cubic" easing="out">500</scrolltime>
                        <pagecontrol>80</pagecontrol>
                        <itemlayout height="60">
                            <control type="image">
                                <posx>0</posx>
                                <posy>1</posy>
                                <width>400</width>
                                <height>60</height>
                                <texture>dialogs/default/separator.png</texture>
                            </control>
                            <control type="image">
                                <posx>20</posx>
                                <posy>10</posy>
                                <width>40</width>
                                <height>40</height>
                                <bordertexture border="1">windows/common/darkgrey.png</bordertexture>
                                <texture background="true" fallback="windows/pvr/defaultchannel.png">$VAR[PvrListIcon]</texture>
                            </control>
                            <control type="label">
                                <posx>70</posx>
                                <posy>0</posy>
                                <width>310</width>
                                <height>60</height>
                                <label>$INFO[ListItem.ChannelNumberLabel,(,) ]$INFO[ListItem.ChannelName]</label>
                                <textcolor>FF585858</textcolor>
                                <selectedcolor>FF585858</selectedcolor>
                                <scroll>false</scroll>
                            </control>
                        </itemlayout>
                        <focusedlayout height="60">
                            <control type="group">
                                <visible>!Control.HasFocus(12)</visible>
                                <include>visiblehidefadeinfo</include>
                                <control type="image">
                                    <posx>0</posx>
                                    <posy>1</posy>
                                    <width>400</width>
                                    <height>60</height>
                                    <texture>dialogs/default/separator.png</texture>
                                </control>
                                <control type="label">
                                    <posx>70</posx>
                                    <posy>0</posy>
                                    <width>260</width>
                                    <height>60</height>
                                    <label>$INFO[ListItem.ChannelNumberLabel,(,) ]$INFO[ListItem.ChannelName]</label>
                                    <textcolor>FF585858</textcolor>
                                    <selectedcolor>FF585858</selectedcolor>
                                    <scroll>false</scroll>
                                </control>
                                <control type="image">
                                    <posx>335</posx>
                                    <posy>0</posy>
                                    <width>60</width>
                                    <height>60</height>
                                    <texture>dialogs/select/selected.png</texture>
                                </control>
                            </control>
                            <control type="group">
                                <visible>Control.HasFocus(12)</visible>
                                <include>visiblehidefadeinfo</include>
                                <control type="image">
                                    <posx>0</posx>
                                    <posy>0</posy>
                                    <width>400</width>
                                    <height>60</height>
                                    <texture border="2">dialogs/default/highlight.png</texture>
                                </control>
                                <control type="label">
                                    <posx>70</posx>
                                    <posy>0</posy>
                                    <width>310</width>
                                    <height>60</height>
                                    <label>$INFO[ListItem.ChannelNumberLabel,(,) ]$INFO[ListItem.ChannelName]</label>
                                    <textcolor>eewhite</textcolor>
                                    <selectedcolor>eewhite</selectedcolor>
                                </control>
                            </control>
                            <control type="image">
                                <posx>20</posx>
                                <posy>10</posy>
                                <width>40</width>
                                <height>40</height>
                                <bordertexture border="1">windows/common/darkgrey.png</bordertexture>
                                <texture background="true" fallback="windows/pvr/defaultchannel.png">$VAR[PvrListIcon]</texture>
                            </control>
                        </focusedlayout>
                    </control>
                    <control type="image" id="82">
                        <animation effect="fade" start="100" end="0" time="0" delay="1500">WindowOpen</animation>
                    </control>
                    <control type="image" id="81">
                        <animation effect="fade" start="0" end="100" time="0">Visible</animation>
                        <animation effect="fade" start="100" end="0" time="0">Hidden</animation>
                        <visible>Control.HasFocus(80) | !Control.IsVisible(82)</visible>
                    </control>
                    <control type="image" id="81">
                        <animation effect="fade" start="0" end="100" time="0">Visible</animation>
                        <animation effect="fade" start="100" end="0" time="0" delay="1500">Hidden</animation>
                        <visible>!Control.HasFocus(80) + [Container(12).Scrolling | Container(12).OnScrollNext | Container(12).OnScrollPrevious]</visible>
                    </control>
                    <control type="scrollbar" id="80">
                        <posx>386</posx>
                        <posy>43</posy>
                        <width>11</width>
                        <height>594</height>
                        <texturesliderbackground>-</texturesliderbackground>
                        <texturesliderbar border="0,6,0,6">dialogs/default/scrollbar.png</texturesliderbar>
                        <texturesliderbarfocus border="0,6,0,6">dialogs/default/scrollbar.png</texturesliderbarfocus>
                        <textureslidernib>-</textureslidernib>
                        <textureslidernibfocus>-</textureslidernibfocus>
                        <onleft>12</onleft>
                        <onright>26</onright>
                        <ondown>80</ondown>
                        <onup>80</onup>
                        <showonepage>false</showonepage>
                        <orientation>vertical</orientation>
                        <animation effect="fade" start="75" end="0" time="300" tween="sine" easing="inout" condition="!Control.IsVisible(81)">Conditional</animation>
                    </control>
                </control>
                <control type="grouplist" id="9000">
                    <posx>1475</posx>
                    <posy>-20</posy>
                    <width>600</width>
                    <height>800</height>
                    <itemgap>-35</itemgap>
                    <align>center</align>
                    <orientation>vertical</orientation>
                    <onleft>80</onleft>
                    <onright>13</onright>
                    <onup>9000</onup>
                    <ondown>9000</ondown>
                    <control type="button" id="26">
                        <description>Add group</description>
                        <label>$LOCALIZE[42181]</label>
                        <texturefocus>buttons/folder-fo.png</texturefocus>
                        <texturenofocus>buttons/folder-nf.png</texturenofocus>
                        <textwidth>400</textwidth>
                        <include>DialogButtonDimensions</include>
                        <animation effect="fade" start="100" end="75" time="0" condition="!Control.IsEnabled(26)">Conditional</animation>
                    </control>
                    <control type="button" id="27">
                        <description>Rename group</description>
                        <label>$LOCALIZE[42182]</label>
                        <texturefocus>buttons/edit-fo.png</texturefocus>
                        <texturenofocus>buttons/edit-nf.png</texturenofocus>
                        <textwidth>400</textwidth>
                        <include>DialogButtonDimensions</include>
                        <animation effect="fade" start="100" end="75" time="0" condition="!Control.IsEnabled(27)">Conditional</animation>
                    </control>
                    <control type="radiobutton" id="25">
                        <description>Hide group</description>
                        <label>$LOCALIZE[19289]</label>
                        <font>Font-Condensed-S26-B</font>
                        <texturefocus>buttons/albuminfo-fo.png</texturefocus>
                        <texturenofocus>buttons/albuminfo-nf.png</texturenofocus>
                        <textureradioon>buttons/radio/options-radio-button-fo.png</textureradioon>
                        <textureradiooff>buttons/radio/options-radio-button-nf.png</textureradiooff>
                        <textwidth>400</textwidth>
                        <include>DialogButtonDimensions</include>
                        <animation effect="fade" start="100" end="75" time="0" condition="!Control.IsEnabled(25)">Conditional</animation>
                    </control>
                    <control type="button" id="28">
                        <description>Delete group</description>
                        <label>$LOCALIZE[42183]</label>
                        <texturefocus>buttons/cancel-fo.png</texturefocus>
                        <texturenofocus>buttons/cancel-nf.png</texturenofocus>
                        <textwidth>400</textwidth>
                        <include>DialogButtonDimensions</include>
                        <animation effect="fade" start="100" end="75" time="0" condition="!Control.IsEnabled(28)">Conditional</animation>
                    </control>
                    <control type="button" id="29">
                        <description>Select</description>
                        <label>$LOCALIZE[42000]</label>
                        <texturefocus>buttons/select-fo.png</texturefocus>
                        <texturenofocus>buttons/select-nf.png</texturenofocus>
                        <textwidth>400</textwidth>
                        <include>DialogButtonDimensions</include>
                        <animation effect="fade" start="100" end="75" time="0" condition="!Control.IsEnabled(29)">Conditional</animation>
                    </control>
                </control>
                <control type="label" id="20">
                    <description>Fake Label used to pass on name label</description>
                    <visible>false</visible>
                </control>
            </control>
        </control>
    </controls>
</window>