<?xml version="1.0" encoding="UTF-8"?>
<window>
	<defaultcontrol always="true">9000</defaultcontrol>
	<allowoverlay>no</allowoverlay>
	<onload>ClearProperty(script.metadata.actors.showmovies,home)</onload>
	<onload condition="[Window.IsActive(movieinformation) | !IsEmpty(Window(Home).Property(script.metadata.actors.hasparent))] + IsEmpty(Window(Home).Property(script.metadata.actors.push))">SetProperty(script.metadata.actors.showmovies,1,home)</onload>
	<onload condition="[Window.IsActive(movieinformation) | !IsEmpty(Window(Home).Property(script.metadata.actors.hasparent))] + IsEmpty(Window(Home).Property(script.metadata.actors.push))">SetFocus(9301)</onload>
	<controls>
		<control type="group">
		    <posx>0</posx>
		    <posy>0</posy>
		    <width>1920</width>
		    <height>1080</height>
		    <animation type="WindowOpen" condition="!Window.IsActive(movieinformation) + IsEmpty(Window(Home).Property(script.metadata.actors.hasparent))">
		        <effect type="fade" start="0" end="100" time="300" tween="sine" delay="300" easing="out" />
		        <effect type="zoom" start="335,125,1440,810" end="0,0,1920,1080" time="400" delay="300" tween="cubic" easing="out" />
		    </animation>
		    <animation type="WindowClose" condition="!Window.IsActive(movieinformation) + IsEmpty(Window(Home).Property(script.metadata.actors.hasparent))">
		        <effect type="fade" start="100" end="0" time="300" tween="sine" easing="out" />
		        <effect type="zoom" start="0,0,1920,1080" end="335,125,1440,810" time="300" tween="cubic" easing="out" />
		    </animation>
		    <animation type="WindowOpen" condition="[Window.IsActive(movieinformation) | !IsEmpty(Window(Home).Property(script.metadata.actors.hasparent))] + !IsEmpty(Window(Home).Property(script.metadata.actors.push))">
		        <effect type="slide" start="1920" end="0" time="500" delay="0" tween="sine" easing="inout" />
		    </animation>
		    <animation type="WindowOpen" condition="[Window.IsActive(movieinformation) | !IsEmpty(Window(Home).Property(script.metadata.actors.hasparent))] + IsEmpty(Window(Home).Property(script.metadata.actors.push))">
		        <effect type="slide" start="-1920" end="0" time="500" delay="0" tween="sine" easing="inout" />
		    </animation>
		    <animation type="WindowClose" condition="[Window.IsActive(movieinformation) | !IsEmpty(Window(Home).Property(script.metadata.actors.hasparent))] + IsEmpty(Window(Home).Property(script.metadata.actors.push))">
		        <effect type="zoom" start="100" end="75" center="640,540" time="250" tween="sine" easing="inout" />
		        <effect type="slide" end="2320" time="500" delay="0" tween="sine" easing="inout" />
		    </animation>
		    <animation type="WindowClose" condition="[Window.IsActive(movieinformation) | !IsEmpty(Window(Home).Property(script.metadata.actors.hasparent))] + !IsEmpty(Window(Home).Property(script.metadata.actors.push))">
		        <effect type="zoom" start="100" end="75" center="640,540" time="250" tween="sine" easing="inout" />
		        <effect type="slide" start="0" end="-2320" time="500" delay="0" tween="sine" easing="inout" />
		    </animation>
			<control type="list" id="50">
				<description>container actor properties</description>
				<posx>0</posx>
				<posy>0</posy>
				<width>1</width>
				<height>1</height>
				<onleft>9000</onleft>
				<onright>9000</onright>
				<onup>9000</onup>
				<ondown>9000</ondown>
				<viewtype label="Actor">list</viewtype>
				<pagecontrol>-</pagecontrol>
				<itemlayout height="1" width="1" />
				<focusedlayout height="1" width="1" />
			</control>
			
			<control type="group">
			    <animation effect="fade" start="0" end="100" time="300" tween="sine" delay="300" easing="in" condition="!Window.IsActive(movieinformation) + IsEmpty(Window(Home).Property(script.metadata.actors.hasparent))">WindowOpen</animation>
			    <!-- Title Label -->        
			    <control type="label">
			        <posx>118</posx>
			        <posy>51</posy>
			        <width>1490</width>
			        <height>100</height>
			        <label>$INFO[ListItem.Title]</label>
			        <font>Font-Condensed-S75</font>
			        <textcolor>aawhite</textcolor>
			        <align>left</align>
			        <scroll>false</scroll>
			        <include>visiblehidefadeinfo</include>
			        <visible>!Player.HasMedia + !Window.IsActive(infodialog) + !Window.IsActive(extendedprogressdialog)</visible>
			    </control>
			    <control type="label">
			        <posx>118</posx>
			        <posy>51</posy>
			        <width>832</width>
			        <height>100</height>
			        <label>$INFO[ListItem.Title]</label>
			        <font>Font-Condensed-S75</font>
			        <textcolor>aawhite</textcolor>
			        <align>left</align>
			        <scroll>false</scroll>
			        <include>visiblehidefadeinfo</include>
			        <visible>Player.HasMedia | Window.IsActive(infodialog) | Window.IsActive(extendedprogressdialog)</visible>
			    </control>      
	            <control type="grouplist">
	                <posx>65</posx>
	                <posy>144</posy>
	                <width>1000</width>
	                <height>60</height>
	                <orientation>horizontal</orientation>
	                <itemgap>20</itemgap>
	                <usecontrolcoords>true</usecontrolcoords>
	                <!-- Left Arrow Label -->
	                <control type="label">
	                    <posx>0</posx>
	                    <posy>0</posy>
	                    <width>45</width>
	                    <height>60</height>
	                    <label>←</label>
	                    <font>Font-Condensed-S45</font>
	                    <textcolor>eewhite</textcolor>
	                    <align>left</align>
	                    <scroll>false</scroll>
	                    <include>visiblehidefadeinfo</include>
	                    <animation effect="fade" start="100" end="0" tween="sine" easing="inout" time="300" condition="ControlGroup(9301).HasFocus | [IsEmpty(Container(50).Property(ParentDir)) + !Window.IsActive(movieinformation)]">Conditional</animation>
	                </control>
	                <!-- Biography Label -->
	                <control type="label">
	                    <posx>-12</posx>
	                    <posy>0</posy>
	                    <width min="50" max="400">auto</width>
	                    <height>60</height>
	                    <label>$LOCALIZE[21887]</label>
	                    <font>Font-Condensed-S45</font>
	                    <textcolor>eewhite</textcolor>
	                    <align>left</align>
	                    <scroll>false</scroll>  
	                    <animation effect="fade" start="100" end="50" time="200" tween="sine" easing="inout" condition="ControlGroup(9301).HasFocus">Conditional</animation>
	                </control>
	                <!-- Known Movies Label -->
	                <control type="label">
	                    <posx>0</posx>
	                    <posy>0</posy>
	                    <width min="50" max="400">auto</width>
	                    <height>60</height>
	                    <label>$LOCALIZE[41328]</label>
	                    <font>Font-Condensed-S45</font>
	                    <textcolor>eewhite</textcolor>
	                    <align>left</align>
	                    <scroll>false</scroll>  
	                    <animation effect="fade" start="100" end="50" time="200" tween="sine" easing="inout" condition="!ControlGroup(9301).HasFocus">Conditional</animation>
	                    <visible>IntegerGreaterThan(Container(150).NumItems,0)</visible>
	                </control>
	                <!-- Right Arrow Label -->
	                <control type="label">
	                    <posx>-12</posx>
	                    <posy>0</posy>
	                    <width>45</width>
	                    <height>60</height>
	                    <label>→</label>
	                    <font>Font-Condensed-S45</font>
	                    <textcolor>eewhite</textcolor>
	                    <align>left</align>
	                    <scroll>false</scroll>
	                    <include>visiblehidefadeinfo</include>
	                    <animation effect="fade" start="100" end="0" tween="sine" easing="inout" time="300" condition="!ControlGroup(9301).HasFocus">Conditional</animation>
	                </control>
	            </control>
			</control>
			
			<!-- Info -->
			<control type="group" id="9300">
			    <visible>!ControlGroup(9301).HasFocus</visible>
			    <include>listEndAnimation</include>
    			<animation type="Visible">
    			    <effect type="slide" start="-1920" end="0" time="500" delay="0" tween="sine" easing="inout" />
    			</animation>
    			<animation type="Hidden">
    			    <effect type="zoom" start="100" end="75" center="640,540" time="250" tween="sine" easing="inout" />
    			    <effect type="slide" start="0" end="-2320" time="500" delay="0" tween="sine" easing="inout" />
    			</animation>
			    <!-- Shadow -->                
			    <control type="image">
			        <description>Shadow</description>
			        <posx>57</posx>
			        <posy>900</posy>
			        <width>526</width>
			        <height>125</height>
			        <texture>windows/home/item-shadow.png</texture>
			    </control>
			    
			    <!-- Panel -->
			    <control type="image">
			        <posx>98</posx>
			        <posy>217</posy>
			        <width>444</width>
			        <height>690</height>
			        <texture border="3">views/list/panel/panel.png</texture>
			    </control>
			    
			    <!-- Actor Thumb -->
			    <control type="image">
			        <posx>100</posx>
			        <posy>220</posy>
			        <width>440</width>
			        <height>522</height>
			        <aspectratio>scale</aspectratio>
			        <texture>views/fallbacks/DefaultActor.png/medium.png</texture>
			    </control>
			    <control type="image">
			        <posx>100</posx>
			        <posy>220</posy>
			        <width>440</width>
			        <height>522</height>
			        <aspectratio aligny="top">scale</aspectratio>
			        <texture background="true">$INFO[ListItem.Icon]</texture>
			    </control>
			    
			    <control type="list" id="9000">
			        <posx>100</posx>
			        <posy>742</posy>
			        <width>440</width>
			        <height>164</height>
			        <onleft condition="!IsEmpty(Container(50).Property(ParentDir))">ParentDir</onleft>
			        <onleft condition="Window.IsActive(movieinformation) + IsEmpty(Container(50).Property(ParentDir))">PreviousMenu</onleft>
			        <onleft condition="!Window.IsActive(movieinformation) + IsEmpty(Container(50).Property(ParentDir)) + !Window.IsVisible(3008)">SetProperty(BounceLeft,1,Home)</onleft>
			        <onright condition="!Control.IsVisible(70) + IntegerGreaterThan(Container(150).NumItems,0)">150</onright>
			        <onright condition="Control.IsVisible(70)">70</onright>
			        <onup>9000</onup>
			        <ondown>9000</ondown>
			        <scrolltime>0</scrolltime>
			        <orientation>vertical</orientation>
			        <focusposition>0</focusposition>
			        <itemlayout height="82">
			            <control type="image">
			                <posx>0</posx>
			                <posy>0</posy>
			                <width>436</width>
			                <height>83</height>
			                <texture border="90,3,90,3">views/list/other/separator.png</texture>
			            </control>
			            <control type="label">
			                <posx>25</posx>
			                <posy>0</posy>
			                <width>390</width>
			                <height>81</height>
			                <font>Font-Condensed-S40</font>
			                <label>$INFO[ListItem.Label]</label>
			                <textcolor>eewhite</textcolor>
			                <shadowcolor>33000000</shadowcolor>
			                <animation effect="fade" start="100" end="50" time="0" condition="true">Conditional</animation>
			            </control>
			        </itemlayout>
			        <focusedlayout height="82">
			            <control type="image">
			                <posx>0</posx>
			                <posy>0</posy>
			                <width>440</width>
			                <height>83</height>
			                <texture border="90,3,90,3">views/list/other/separator.png</texture>
			            </control>
			            <control type="image">
			                <posx>0</posx>
			                <posy>0</posy>
			                <width>440</width>
			                <height>81</height>
			                <texture border="150,1,150,1">views/other/focus.png</texture>
			                <animation effect="slide" start="0,82" end="0,0" time="300" reversible="false" tween="back" easing="out" condition="Container(9000).OnPrevious">Focus</animation>
			                <animation effect="slide" start="0,-82" end="0,0" time="300" reversible="false" tween="back" easing="out" condition="Container(9000).OnNext">Focus</animation>
			                <include>visiblehidefadeinfo</include>
			                <visible>Control.HasFocus(9000)</visible>
			            </control>
			            <control type="label">
			                <posx>25</posx>
			                <posy>0</posy>
			                <width>390</width>
			                <height>81</height>
			                <font>Font-Condensed-S40</font>
			                <label>$INFO[ListItem.Label]</label>
			                <textcolor>eewhite</textcolor>
			                <shadowcolor>33000000</shadowcolor>
			                <animation effect="fade" start="50" end="100" time="300" tween="sine" easing="inout" reversible="false" condition="Container(9000).OnNext | Container(9000).OnPrevious">Focus</animation>
			                <animation effect="fade" start="100" end="50" time="300" tween="sine" easing="inout" condition="!Control.HasFocus(9000)">Conditional</animation>
			            </control>
			        </focusedlayout>
			        <content>
			            <item id="1">
			                <description>Browse</description>
			                <label>1024</label>
			                <onclick>SetFocus(8)</onclick>
			            </item>
			            <item id="2">
			                <description>Refresh</description>
			                <label>184</label>
			                <onclick>SendClick(6)</onclick>
			            </item>
			        </content>
			    </control>

				<!-- Info -->
				<control type="group">
				    <posx>575</posx>
				    <posy>245</posy>
				    <width>1240</width>
				    <height>700</height>
				    <animation effect="fade" start="0" end="100" time="300" tween="sine" delay="300" easing="in" condition="!Window.IsActive(movieinformation) + IsEmpty(Window(Home).Property(script.metadata.actors.hasparent))">WindowOpen</animation>
				    <control type="grouplist">
				        <posx>0</posx>
				        <posy>0</posy>
				        <width>1240</width>
				        <height>700</height>
				        <itemgap>0</itemgap>
				        <control type="label">
				            <width>1240</width>
				            <height>70</height>
				            <font>Font-Condensed-S45</font>
				            <align>left</align>
				            <label>$INFO[ListItem.Title]</label>
				            <textcolor>eewhite</textcolor>
				            <scroll>false</scroll>
				        </control>
				        <control type="group">
				            <width>1240</width>
				            <height>50</height>
				            <visible>!IsEmpty(ListItem.Property(Birthday))</visible>
				            <control type="label">
				                <posx>0</posx>
				                <posy>0</posy>
				                <width>220</width>
				                <height>50</height>
				                <font>Font-Condensed-S34</font>
				                <align>left</align>
				                <label>[B]$ADDON[script.metadata.actors 32012]:[/B]</label>
				                <textcolor>aawhite</textcolor>
				                <scroll>false</scroll>
				            </control>
				            <control type="label">
				                <posx>220</posx>
				                <posy>0</posy>
				                <width>1020</width>
				                <height>50</height>
				                <font>Font-Condensed-S34</font>
				                <align>left</align>
				                <label>$INFO[ListItem.Property(Birthday)]$INFO[ListItem.Property(AgeLong), (,)]</label>
				                <textcolor>aawhite</textcolor>
				                <scroll>false</scroll>
				            </control>
				        </control>
				        <control type="group">
				            <width>1240</width>
				            <height>50</height>
				            <visible>!IsEmpty(ListItem.Property(Deathday))</visible>
				            <control type="label">
				                <posx>0</posx>
				                <posy>0</posy>
				                <width>220</width>
				                <height>50</height>
				                <font>Font-Condensed-S34</font>
				                <align>left</align>
				                <label>[B]$ADDON[script.metadata.actors 32013]:[/B]</label>
				                <textcolor>aawhite</textcolor>
				                <scroll>false</scroll>
				            </control>
				            <control type="label">
				                <posx>220</posx>
				                <posy>0</posy>
				                <width>1020</width>
				                <height>50</height>
				                <font>Font-Condensed-S34</font>
				                <align>left</align>
				                <label>$INFO[ListItem.Property(Deathday)]$INFO[ListItem.Property(DeathageLong), (,)]</label>
				                <textcolor>aawhite</textcolor>
				                <scroll>false</scroll>
				            </control>
				        </control>
				        <control type="group">
				            <width>1240</width>
				            <height>50</height>
				            <visible>!IsEmpty(ListItem.Property(PlaceOfBirth))</visible>
				            <control type="label">
				                <posx>0</posx>
				                <posy>0</posy>
				                <width>220</width>
				                <height>50</height>
				                <font>Font-Condensed-S34</font>
				                <align>left</align>
				                <label>[B]$ADDON[script.metadata.actors 32014]:[/B]</label>
				                <textcolor>aawhite</textcolor>
				                <scroll>false</scroll>
				            </control>
				            <control type="label">
				                <posx>220</posx>
				                <posy>0</posy>
				                <width>1020</width>
				                <height>50</height>
				                <font>Font-Condensed-S34</font>
				                <align>left</align>
				                <label>$INFO[ListItem.Property(PlaceOfBirth)]</label>
				                <textcolor>aawhite</textcolor>
				                <scroll>false</scroll>
				            </control>
				        </control>
				        <control type="group">
				            <width>1240</width>
				            <height>50</height>
				            <visible>!IsEmpty(ListItem.Property(AlsoKnownAs))</visible>
				            <control type="label">
				                <posx>0</posx>
				                <posy>0</posy>
				                <width>220</width>
				                <height>50</height>
				                <font>Font-Condensed-S34</font>
				                <align>left</align>
				                <label>[B]$ADDON[script.metadata.actors 32016]:[/B]</label>
				                <textcolor>aawhite</textcolor>
				                <scroll>false</scroll>
				            </control>
				            <control type="label">
				                <posx>220</posx>
				                <posy>0</posy>
				                <width>1020</width>
				                <height>50</height>
				                <font>Font-Condensed-S34</font>
				                <align>left</align>
				                <label>$INFO[ListItem.Property(AlsoKnownAs)]</label>
				                <textcolor>aawhite</textcolor>
				                <scroll>false</scroll>
				            </control>
				        </control>
				    </control>	
				    <control type="group">
				        <!-- Biography -->
				        <width>1240</width>
				        <height>50</height>
				        <posy>295</posy>
				        <orientation>horizontal</orientation>
				        <control type="label">
				            <posy>0</posy>
				            <width>1240</width>
				            <font>Font-Condensed-S34</font>
				            <align>left</align>
				            <label>[B]$LOCALIZE[21887][/B]</label>
				            <textcolor>aawhite</textcolor>
				            <scroll>false</scroll>
				        </control>
				        <control type="textbox">
				            <description>Description</description>
				            <posx>0</posx>
				            <posy>50</posy>
				            <width>1240</width>
				            <height>270</height>
				            <font>Font-Condensed-S40</font>
				            <align>justify</align>
				            <textcolor>bbwhite</textcolor>
				            <pagecontrol>70</pagecontrol>
				            <autoscroll time="2000" delay="10000" repeat="10000">!Control.HasFocus(70) + !Skin.HasSetting(AutoScroll.Disable)</autoscroll>
				            <label>$INFO[ListItem.Property(Biography)]</label>
				            <visible>!IsEmpty(ListItem.Property(Biography))</visible>
				        </control>
				        <control type="label">
				            <posx>0</posx>
				            <posy>50</posy>
				            <width>1240</width>
				            <font>Font-Condensed-S40</font>
				            <align>left</align>
				            <label>$LOCALIZE[41329]</label>
				            <textcolor>bbwhite</textcolor>
				            <scroll>false</scroll>
				            <visible>IsEmpty(ListItem.Property(Biography))</visible>
				        </control>
				        <control type="image">
				            <description>Scrollbar background</description>
				            <posx>1260</posx>
				            <posy>65</posy>
				            <width>6</width>
				            <height>244</height>
				            <texture border="1">views/other/scrollbar-sq.png</texture>
				            <visible>Control.IsVisible(70)</visible>
				            <animation effect="fade" start="25" end="10" time="300" tween="sine" easing="inout" condition="!Control.HasFocus(70)">Conditional</animation>
				        </control>
				        <control type="scrollbar" id="70">
				            <description>Scrollbar</description>
				            <posx>1260</posx>
				            <posy>65</posy>
				            <width>6</width>
				            <height>244</height>                    
				            <onleft>9000</onleft>
				            <onright condition="IntegerGreaterThan(Container(150).NumItems,0)">150</onright>
				            <texturesliderbar border="1">views/other/scrollbar-sq.png</texturesliderbar>
				            <texturesliderbarfocus border="1">views/other/scrollbar-sq.png</texturesliderbarfocus>
				            <orientation>vertical</orientation>
				            <showonepage>false</showonepage>
				            <visible>!IsEmpty(ListItem.Property(Biography))</visible>
				            <animation effect="fade" start="80" end="35" time="300" tween="sine" easing="inout" condition="!Control.HasFocus(70)">Conditional</animation>
				        </control>
				    </control>			    
				</control>			

				<control type="button" id="8">
				    <onfocus>Action(select)</onfocus>
					<visible allowhiddenfocus="true">false</visible>
				</control>
				<control type="togglebutton" id="105">
					<visible>false</visible>
				</control>
				<control type="button" id="6">
					<visible>false</visible>
				</control>
				<control type="button" id="10">
					<visible>false</visible>
				</control>
				<control type="button" id="20">
					<visible>false</visible>
				</control>
				<control type="button" id="11">
					<visible>false</visible>
				</control>
				<control type="button" id="25">
					<visible>false</visible>
				</control>
				<control type="wraplist" id="250">
					<visible>false</visible>
				</control>
			</control>
			
			<!-- Known movies -->
			<control type="group" id="9301">
			    <animation type="Visible" condition="IsEmpty(Window(Home).Property(script.metadata.actors.showmovies))">
			        <effect type="slide" start="1920" end="0" time="500" delay="0" tween="sine" easing="inout" />
			    </animation>
			    <animation type="Hidden">
			        <effect type="zoom" start="100" end="75" center="640,540" time="250" tween="sine" easing="inout" />
			        <effect type="slide" end="2320" time="500" delay="0" tween="sine" easing="inout" />
			    </animation>
			    <include>listEndAnimation</include>
			    <visible allowhiddenfocus="true">ControlGroup(9301).HasFocus</visible>
			    
			    <control type="button" id="152">
			        <visible allowhiddenfocus="true">false</visible>
			        <onfocus condition="!IsEmpty(Window(Home).Property(script.metadata.actors.showmovies)) + !IntegerGreaterThan(Container(150).NumItems,0)">SetFocus(152)</onfocus>
			        <onfocus condition="!IsEmpty(Window(Home).Property(script.metadata.actors.showmovies)) + IntegerGreaterThan(Container(150).NumItems,0)">ClearProperty(script.metadata.actors.showmovies,Home)</onfocus>
			        <onfocus condition="!IsEmpty(Window(Home).Property(script.metadata.actors.showmovies)) + IntegerGreaterThan(Container(150).NumItems,0)">SetFocus(150)</onfocus>
			    </control>
				
				<control type="list" id="150">
				    <posx>83</posx>
				    <posy>234</posy>
				    <width>1215</width>
				    <height>660</height>
				    <onleft>SetFocus(9000)</onleft>
				    <onright>Action(select)</onright>
				    <!-- Prevent mulitple selections by changing focus -->
				    <onright>SetFocus(152)</onright>
				    <onup>150</onup>
				    <ondown>150</ondown>
				    <pagecontrol>151</pagecontrol>
				    <scrolltime tween="cubic" easing="out">500</scrolltime>
				    <orientation>vertical</orientation>
				    <focusposition>0</focusposition>
				    <viewtype label="movie list">list</viewtype>
				    <itemlayout height="60">
				        <control type="image">
				            <posx>0</posx>
				            <posy>16</posy>
				            <width>23</width>
				            <height>28</height>
				            <texture>views/other/isInLibrary.png</texture>
				            <colordiffuse>aawhite</colordiffuse>
				            <visible>!IsEmpty(ListItem.Property(LibraryHasMovie))</visible>
				        </control>
				        <control type="label">
				            <posx>35</posx>
				            <posy>0</posy>
				            <width>1180</width>
				            <height>60</height>
				            <label>$INFO[ListItem.Year,, ]$INFO[ListItem.Label][COLOR=77FFFFFF]$INFO[ListItem.Property(role), ... ,][/COLOR]</label>
				            <font>Font-Condensed-S40</font>
				            <textcolor>aawhite</textcolor>
				            <selectedcolor>eewhite</selectedcolor>
				            <align>left</align>
				            <aligny>center</aligny>
				            <scroll>false</scroll>
				        </control>
				    </itemlayout>
				    <focusedlayout height="60">
				        <control type="image">
				            <posx>0</posx>
				            <posy>16</posy>
				            <width>23</width>
				            <height>28</height>
				            <texture>views/other/isInLibrary.png</texture>
				            <colordiffuse>eewhite</colordiffuse>
				            <visible>!IsEmpty(ListItem.Property(LibraryHasMovie))</visible>
				        </control>
				        <control type="label">
				            <posx>35</posx>
				            <posy>0</posy>
				            <width>1180</width>
				            <height>60</height>
				            <label>$INFO[ListItem.Year,, ]$INFO[ListItem.Label][COLOR=AAFFFFFF]$INFO[ListItem.Property(role), ... ,][/COLOR]</label>
				            <textcolor>eewhite</textcolor>
				            <selectedcolor>eewhite</selectedcolor>
				            <font>Font-Condensed-S40</font>
				            <align>left</align>
				            <aligny>center</aligny>
				            <scroll>false</scroll>
				        </control>
				    </focusedlayout>
				</control>
				
				<control type="image">
				    <description>Scrollbar background</description>
				    <posx>1330</posx>
				    <posy>220</posy>
				    <width>6</width>
				    <height>687</height>
				    <texture border="1">views/other/scrollbar-sq.png</texture>
				    <visible>Control.IsVisible(151)</visible>
				    <animation effect="fade" start="25" end="10" time="300" tween="sine" easing="inout" condition="!Control.HasFocus(151)">Conditional</animation>
				</control>
				<control type="scrollbar" id="151">
				    <description>Scrollbar</description>
				    <posx>1330</posx>
				    <posy>220</posy>
				    <width>6</width>
				    <height>687</height>
				    <onleft>150</onleft>
				    <onright condition="!Window.IsVisible(3009)">SetProperty(BounceRight,1,Home)</onright>
				    <texturesliderbar border="1">views/other/scrollbar-sq.png</texturesliderbar>
				    <texturesliderbarfocus border="1">views/other/scrollbar-sq.png</texturesliderbarfocus>
				    <orientation>vertical</orientation>
				    <showonepage>false</showonepage>
				    <animation effect="fade" start="80" end="35" time="300" tween="sine" easing="inout" condition="!Control.HasFocus(151)">Conditional</animation>
				</control>

				<control type="image">
				    <description>Movie poster</description>
				    <posx>1348</posx>
				    <posy>220</posy>
				    <width>458</width>
				    <height>687</height>
				    <texture background="true" fallback="views/fallbacks/DefaultVideo.png/large.png">$INFO[Container(150).ListItem.Icon]</texture>
				    <fadetime>300</fadetime>
				    <aspectratio>scale</aspectratio>
				</control>
				<control type="image">
				    <description>Shadow</description>
				    <posx>1305</posx>
				    <posy>900</posy>
				    <width>544</width>
				    <height>125</height>
				    <texture>windows/home/item-shadow.png</texture>
				</control>
			</control>
		</control>
	</controls>
</window>
