<?xml version="1.0" encoding="UTF-8"?>
<window>
    <defaultcontrol>20</defaultcontrol>
    <backgroundcolor>0</backgroundcolor>
    <controls>
        <include>CommonSettingsItems</include>
        <include>FileManagerHeader</include>
        <control type="group">
            <include>OptionsShutdownAnimation</include>
            <control type="group">
                <animation type="WindowClose">
                    <effect type="fade" start="100" end="0" time="300" tween="sine" easing="out" />
                    <effect type="zoom" start="100" end="85" time="300" center="960,600" tween="sine" easing="out" />
                </animation>
                <animation type="Visible">
                    <effect type="fade" start="0" end="100" time="300" delay="300" tween="sine" easing="out" />
                    <effect type="zoom" start="85" end="100" time="300" delay="300" center="960,600" tween="sine" easing="out" />
                </animation>
                <animation type="Hidden">
                    <effect type="fade" start="100" end="0" time="300" tween="sine" easing="out" />
                    <effect type="zoom" start="100" end="85" time="300" center="960,600" tween="sine" easing="out" />
                </animation>
                <visible>!Window.IsActive(favourites)</visible>
                <!-- Left -->
                <control type="group">
                    <posx>200</posx>
                    <posy>240</posy>
                    <animation type="WindowOpen">
                        <effect type="slide" start="200" end="0" tween="cubic" easing="out" time="650" />
                        <effect type="fade" start="0" end="100" tween="sine" easing="inout" time="300" />
                        <effect type="zoom" start="88" end="100" center="576,560" tween="cubic" easing="out" time="400" />
                    </animation>
                    <control type="group" id="35">
                        <visible allowhiddenfocus="true">!stringcompare(Control.GetLabel(101),$LOCALIZE[20108])</visible>
                        <control type="button" id="33">
                            <posx>-16</posx>
                            <posy>-73</posy>
                            <width>100</width>
                            <height>100</height>
                            <texturefocus>windows/filemanager/back-fo.png</texturefocus>
                            <texturenofocus>windows/filemanager/back-nf.png</texturenofocus>
                            <include>DialogButtonDimensionsRightAlign</include>
                            <onup>Control.Message(20,movedown,3)</onup>
                            <onup>SetFocus(20)</onup>
                            <ondown>SetFocus(20)</ondown>
                            <onclick condition="!stringcompare(Control.GetLabel(101),$LOCALIZE[20108])">SetProperty(ParentDir,1)</onclick>
                            <onclick condition="!stringcompare(Control.GetLabel(101),$LOCALIZE[20108])">SetFocus(20)</onclick>
                            <onfocus condition="stringcompare(Control.GetLabel(101),$LOCALIZE[20108])">SetFocus(20)</onfocus>
                            <visible>!Control.HasFocus(34)</visible>
                        </control>
                        <control type="button" id="34">
                            <posx>-16</posx>
                            <posy>-73</posy>
                            <width>100</width>
                            <height>100</height>
                            <texturefocus>windows/filemanager/back-fo.png</texturefocus>
                            <texturenofocus>windows/filemanager/back-nf.png</texturenofocus>
                            <onup>SetFocus(20)</onup>
                            <ondown>Control.Message(20,moveup,3)</ondown>
                            <ondown>SetFocus(20)</ondown>
                            <onclick condition="!stringcompare(Control.GetLabel(101),$LOCALIZE[20108])">SetProperty(ParentDir,1)</onclick>
                            <onclick condition="!stringcompare(Control.GetLabel(101),$LOCALIZE[20108])">SetFocus(20)</onclick>
                            <onfocus condition="stringcompare(Control.GetLabel(101),$LOCALIZE[20108])">SetFocus(20)</onfocus>
                            <visible allowhiddenfocus="true">Control.HasFocus(34)</visible>
                        </control>
                    </control>
                    <control type="label" id="101">
                        <description>Header Label</description>
                        <posx>20</posx>
                        <posy>-38</posy>
                        <width>666</width>
                        <align>left</align>
                        <font>Font-Condensed-S30</font>
                        <textcolor>aawhite</textcolor>
                        <animation effect="slide" start="0" end="50" time="200" tween="sine" easing="inout" condition="!stringcompare(Control.GetLabel(101),$LOCALIZE[20108])">Conditional</animation>
                    </control>
                    <control type="group">
                        <control type="label" id="12">
                            <description>Footer Label</description>
                            <posx>20</posx>
                            <posy>605</posy>
                            <width>612</width>
                            <align>left</align>
                            <font>Font-Condensed-S28</font>
                            <textcolor>77white</textcolor>
                        </control>
                        <control type="label">
                            <description>Page Label</description>
                            <posx>732</posx>
                            <posy>605</posy>
                            <width>100</width>
                            <align>right</align>
                            <font>Font-Condensed-S28</font>
                            <label>$INFO[Container(20).CurrentPage]/$INFO[Container(20).NumPages]</label>
                            <textcolor>77white</textcolor>
                        </control>
                    </control>
                    <control type="image">
                        <posx>-100</posx>
                        <posy>607</posy>
                        <width>956</width>
                        <height>150</height>
                        <texture>windows/home/item-shadow.png</texture>
                    </control>
                    <control type="image">
                        <posx>-2</posx>
                        <posy>-3</posy>
                        <width>756</width>
                        <height>604</height>
                        <texture border="4">views/list/panel/panel.png</texture>
                    </control>
                    <control type="list" id="20">
                        <description>Left File List</description>
                        <posx>0</posx>
                        <posy>0</posy>
                        <width>762</width>
                        <height>600</height>
                        <onleft>30</onleft>
                        <onright>21</onright>
                        <onup condition="stringcompare(Control.GetLabel(101),$LOCALIZE[20108])">20</onup>
                        <onup condition="!stringcompare(Control.GetLabel(101),$LOCALIZE[20108])">33</onup>
                        <ondown condition="stringcompare(Control.GetLabel(101),$LOCALIZE[20108])">20</ondown>
                        <ondown condition="!stringcompare(Control.GetLabel(101),$LOCALIZE[20108])">34</ondown>
                        <pagecontrol>30</pagecontrol>
                        <scrolltime>0</scrolltime>
                        <animation effect="fade" start="100" end="0" time="300" tween="sine" easing="inout" condition="Control.HasFocus(20) + Window.IsActive(contextmenu)">Conditional</animation>
                        <itemlayout height="60">
                            <control type="image">
                                <description>List separator</description>
                                <posx>0</posx>
                                <posy>0</posy>
                                <width>752</width>
                                <height>61</height>
                                <texture border="90,3,90,3">views/list/other/separator.png</texture>
                            </control>
                            <control type="image">
                                <posx>723</posx>
                                <posy>-10</posy>
                                <width>39</width>
                                <height>39</height>
                                <texture>windows/filemanager/selected.png</texture>
                                <aspectratio aligny="top">keep</aspectratio>
                                <visible>ListItem.IsSelected</visible>
                            </control>
                            <control type="image">
                                <posx>5</posx>
                                <posy>0</posy>
                                <width>60</width>
                                <height>60</height>
                                <texture>$INFO[ListItem.Icon,windows/filemanager/icons/,/fo.png]</texture>
                                <aspectratio>keep</aspectratio>
                            </control>
                            <control type="label">
                                <posx>70</posx>
                                <posy>0</posy>
                                <width>662</width>
                                <height>59</height>
                                <info>ListItem.Label</info>
                                <font>Font-Condensed-S30</font>
                                <align>left</align>
                                <aligny>center</aligny>
                                <textcolor>77white</textcolor>
                                <selectedcolor>aawhite</selectedcolor>
                                <shadowcolor>22000000</shadowcolor>
                                <scroll>false</scroll>
                            </control>
                            <control type="label">
                                <posx>70</posx>
                                <posy>0</posy>
                                <width>662</width>
                                <height>59</height>
                                <info>ListItem.Label2</info>
                                <font>Font-Condensed-S27</font>
                                <align>right</align>
                                <aligny>center</aligny>
                                <textcolor>77white</textcolor>
                                <selectedcolor>aawhite</selectedcolor>
                                <shadowcolor>22000000</shadowcolor>
                                <scroll>false</scroll>
                            </control>
                        </itemlayout>
                        <focusedlayout height="60">
                            <control type="button">
                                <onfocus condition="!IsEmpty(Window.Property(ParentDir))">ParentDir</onfocus>
                                <onfocus condition="!IsEmpty(Window.Property(ParentDir))">SetFocus(35)</onfocus>
                                <onfocus condition="!IsEmpty(Window.Property(ParentDir))">ClearProperty(ParentDir)</onfocus>
                            </control>
                            <control type="image">
                                <description>List separator</description>
                                <posx>0</posx>
                                <posy>0</posy>
                                <width>752</width>
                                <height>61</height>
                                <texture border="90,3,90,3">views/list/other/separator.png</texture>
                            </control>
                            <control type="image">
                                <posx>723</posx>
                                <posy>-10</posy>
                                <width>39</width>
                                <height>39</height>
                                <texture>windows/filemanager/selected.png</texture>
                                <aspectratio aligny="top">keep</aspectratio>
                                <visible>ListItem.IsSelected</visible>
                            </control>
                            <control type="image">
                                <posx>0</posx>
                                <posy>0</posy>
                                <width>752</width>
                                <height>59</height>
                                <texture border="150,1,150,1">views/other/focus.png</texture>
                                <animation type="Focus" condition="Container(20).OnNext" reversible="false">
                                    <effect type="slide" start="0,-60" end="0,0" time="300" tween="back" easing="out" />
                                </animation>
                                <animation type="Focus" condition="Container(20).OnPrevious" reversible="false">
                                    <effect type="slide" start="0,60" end="0,0" time="300" tween="back" easing="out" />
                                </animation>
                                <include>visiblehidefadeinfo</include>
                                <visible>Control.HasFocus(20)</visible>
                            </control>
                            <control type="image">
                                <posx>5</posx>
                                <posy>0</posy>
                                <width>60</width>
                                <height>60</height>
                                <texture>$INFO[ListItem.Icon,windows/filemanager/icons/,/fo.png]</texture>
                                <aspectratio>keep</aspectratio>
                            </control> 
                            <control type="label">
                                <posx>70</posx>
                                <posy>0</posy>
                                <width>662</width>
                                <height>59</height>
                                <info>ListItem.Label</info>
                                <font>Font-Condensed-S30</font>
                                <align>left</align>
                                <aligny>center</aligny>
                                <textcolor>eewhite</textcolor>
                                <selectedcolor>aawhite</selectedcolor>
                                <shadowcolor>22000000</shadowcolor>
                                <scroll>false</scroll>
                                <animation type="Focus" condition="[Container(20).OnNext | Container(20).OnPrevious] + !Container(20).ListItem.IsSelected" reversible="false">
                                    <effect type="fade" start="50" end="100" time="500" tween="sine" easing="inout" />
                                </animation>
                                <animation effect="fade" start="100" end="50" time="300" tween="sine" easing="inout" condition="!Control.HasFocus(20) + !ListItem.IsSelected">Conditional</animation>
                            </control>
                            <control type="label">
                                <posx>70</posx>
                                <posy>0</posy>
                                <width>662</width>
                                <height>59</height>
                                <info>ListItem.Label2</info>
                                <font>Font-Condensed-S27</font>
                                <align>right</align>
                                <aligny>center</aligny>
                                <textcolor>eewhite</textcolor>
                                <selectedcolor>aawhite</selectedcolor>
                                <shadowcolor>22000000</shadowcolor>
                                <scroll>false</scroll>
                                <animation type="Focus" condition="[Container(20).OnNext | Container(20).OnPrevious] + !Container(20).ListItem.IsSelected" reversible="false">
                                    <effect type="fade" start="50" end="100" time="500" tween="sine" easing="inout" />
                                </animation>
                                <animation effect="fade" start="100" end="50" time="300" tween="sine" easing="inout" condition="!Control.HasFocus(20) + !Container(20).ListItem.IsSelected">Conditional</animation>
                            </control>
                        </focusedlayout>
                    </control>
                    <control type="image" id="32">
                        <animation effect="fade" start="100" end="0" time="0" delay="1500">WindowOpen</animation>
                    </control>
                    <control type="image" id="31">
                        <animation effect="fade" start="0" end="100" time="0">Visible</animation>
                        <animation effect="fade" start="100" end="0" time="0">Hidden</animation>
                        <visible>Control.HasFocus(30) | !Control.IsVisible(32)</visible>
                    </control>
                    <control type="image" id="31">
                        <animation effect="fade" start="0" end="100" time="0">Visible</animation>
                        <animation effect="fade" start="100" end="0" time="0" delay="1500">Hidden</animation>
                        <visible>!Control.HasFocus(30) + [Container(20).Scrolling | Container(20).OnScrollNext | Container(20).OnScrollPrevious]</visible>
                    </control>
                    <control type="scrollbar" id="30">
                        <posx>0</posx>
                        <posy>0</posy>
                        <width>6</width>
                        <height>600</height>
                        <texturesliderbackground>-</texturesliderbackground>
                        <texturesliderbar border="1">views/other/scrollbar-sq.png</texturesliderbar>
                        <texturesliderbarfocus border="1">views/other/scrollbar-sq.png</texturesliderbarfocus>
                        <textureslidernib>-</textureslidernib>
                        <textureslidernibfocus>-</textureslidernibfocus>
                        <onleft>21</onleft>
                        <onright>20</onright>
                        <showonepage>false</showonepage>
                        <orientation>vertical</orientation>
                        <animation effect="fade" start="75" end="0" time="300" tween="sine" easing="inout" condition="!Control.IsVisible(31)">Conditional</animation>
                    </control>
                </control>
                
                <!-- Right -->
                <control type="group">
                    <posx>968</posx>
                    <posy>240</posy>
                    <animation type="WindowOpen">
                        <effect type="slide" start="200" end="0" tween="cubic" easing="out" time="545" delay="105" />
                        <effect type="fade" start="0" end="100" tween="sine" easing="inout" time="300" delay="105" />
                        <effect type="zoom" start="76" end="100" center="1344,560" tween="cubic" easing="out" time="400" delay="105" /> 
                    </animation>
                    <control type="group" id="45">
                        <visible allowhiddenfocus="true">!stringcompare(Control.GetLabel(102),$LOCALIZE[20108])</visible>
                        <control type="button" id="43">
                            <description>Down</description>
                            <posx>-16</posx>
                            <posy>-73</posy>
                            <width>100</width>
                            <height>100</height>
                            <texturefocus>windows/filemanager/back-fo.png</texturefocus>
                            <texturenofocus>windows/filemanager/back-nf.png</texturenofocus>
                            <include>DialogButtonDimensionsRightAlign</include>
                            <onup>Control.Message(21,movedown,3)</onup>
                            <onup>SetFocus(21)</onup>
                            <ondown>SetFocus(21)</ondown>
                            <onclick condition="!stringcompare(Control.GetLabel(102),$LOCALIZE[20108])">SetProperty(ParentDir,1)</onclick>
                            <onclick condition="!stringcompare(Control.GetLabel(102),$LOCALIZE[20108])">SetFocus(21)</onclick>
                            <onfocus condition="stringcompare(Control.GetLabel(102),$LOCALIZE[20108])">SetFocus(21)</onfocus>
                            <visible>!Control.HasFocus(44)</visible>
                        </control>
                        <control type="button" id="44">
                            <description>Down</description>
                            <posx>-16</posx>
                            <posy>-73</posy>
                            <width>100</width>
                            <height>100</height>
                            <texturefocus>windows/filemanager/back-fo.png</texturefocus>
                            <texturenofocus>windows/filemanager/back-nf.png</texturenofocus>
                            <onup>SetFocus(21)</onup>
                            <ondown>Control.Message(21,moveup,3)</ondown>
                            <ondown>SetFocus(21)</ondown>
                            <onclick condition="!stringcompare(Control.GetLabel(102),$LOCALIZE[20108])">SetProperty(ParentDir,1)</onclick>
                            <onclick condition="!stringcompare(Control.GetLabel(102),$LOCALIZE[20108])">SetFocus(21)</onclick>
                            <onfocus condition="stringcompare(Control.GetLabel(102),$LOCALIZE[20108])">SetFocus(21)</onfocus>
                            <visible allowhiddenfocus="true">Control.HasFocus(44)</visible>
                        </control>
                    </control>
                    <control type="label" id="102">
                        <description>Header Label</description>
                        <posx>20</posx>
                        <posy>-38</posy>
                        <width>666</width>
                        <align>left</align>
                        <font>Font-Condensed-S30</font>
                        <textcolor>aawhite</textcolor>
                        <animation effect="slide" start="0" end="50" time="200" tween="sine" easing="inout" condition="!stringcompare(Control.GetLabel(102),$LOCALIZE[20108])">Conditional</animation>
                    </control>
                    <control type="group">
                        <control type="label" id="13">
                            <description>Footer Label</description>
                            <posx>20</posx>
                            <posy>605</posy>
                            <width>612</width>
                            <align>left</align>
                            <font>Font-Condensed-S28</font>
                            <textcolor>77white</textcolor>
                        </control>
                        <control type="label">
                            <description>Page Label</description>
                            <posx>732</posx>
                            <posy>605</posy>
                            <width>100</width>
                            <align>right</align>
                            <font>Font-Condensed-S28</font>
                            <label>$INFO[Container(21).CurrentPage]/$INFO[Container(21).NumPages]</label>
                            <textcolor>77white</textcolor>
                        </control>
                    </control>
                    <control type="image">
                        <posx>-100</posx>
                        <posy>607</posy>
                        <width>956</width>
                        <height>150</height>
                        <texture>windows/home/item-shadow.png</texture>
                    </control>
                    <control type="image">
                        <posx>-2</posx>
                        <posy>-3</posy>
                        <width>756</width>
                        <height>604</height>
                        <texture border="4">views/list/panel/panel.png</texture>
                    </control>
                    <control type="list" id="21">
                        <description>Right File List</description>
                        <posx>0</posx>
                        <posy>0</posy>
                        <width>752</width>
                        <height>600</height>
                        <onleft>20</onleft>
                        <onright>40</onright>
                        <onup condition="stringcompare(Control.GetLabel(102),$LOCALIZE[20108])">21</onup>
                        <onup condition="!stringcompare(Control.GetLabel(102),$LOCALIZE[20108])">43</onup>
                        <ondown condition="stringcompare(Control.GetLabel(102),$LOCALIZE[20108])">21</ondown>
                        <ondown condition="!stringcompare(Control.GetLabel(102),$LOCALIZE[20108])">44</ondown>
                        <pagecontrol>40</pagecontrol>
                        <scrolltime>0</scrolltime>
                        <animation effect="fade" start="100" end="0" time="300" tween="sine" easing="inout" condition="Control.HasFocus(21) + Window.IsActive(contextmenu)">Conditional</animation>
                        <itemlayout height="60">
                            <control type="image">
                                <description>List separator</description>
                                <posx>0</posx>
                                <posy>0</posy>
                                <width>752</width>
                                <height>61</height>
                                <texture border="90,3,90,3">views/list/other/separator.png</texture>
                            </control>
                            <control type="image">
                                <posx>5</posx>
                                <posy>0</posy>
                                <width>60</width>
                                <height>60</height>
                                <texture>$INFO[ListItem.Icon,windows/filemanager/icons/,/fo.png]</texture>
                                <aspectratio>keep</aspectratio>
                            </control>
                            <control type="image">
                                <posx>723</posx>
                                <posy>-10</posy>
                                <width>39</width>
                                <height>39</height>
                                <texture>windows/filemanager/selected.png</texture>
                                <visible>ListItem.IsSelected</visible>
                            </control>
                            <control type="label">
                                <posx>70</posx>
                                <posy>0</posy>
                                <width>662</width>
                                <height>60</height>
                                <info>ListItem.Label</info>
                                <font>Font-Condensed-S30</font>
                                <align>left</align>
                                <aligny>center</aligny>
                                <textcolor>77white</textcolor>
                                <selectedcolor>77white</selectedcolor>
                                <shadowcolor>22000000</shadowcolor>
                                <scroll>false</scroll>
                            </control>
                            <control type="label">
                                <posx>70</posx>
                                <posy>0</posy>
                                <width>662</width>
                                <height>60</height>
                                <info>ListItem.Label2</info>
                                <font>Font-Condensed-S27</font>
                                <align>right</align>
                                <aligny>center</aligny>
                                <textcolor>77white</textcolor>
                                <selectedcolor>77white</selectedcolor>
                                <shadowcolor>22000000</shadowcolor>
                                <scroll>false</scroll>
                            </control>
                        </itemlayout>
                        <focusedlayout height="60">
                            <control type="button">
                                <onfocus condition="!IsEmpty(Window.Property(ParentDir))">ParentDir</onfocus>
                                <onfocus condition="!IsEmpty(Window.Property(ParentDir))">SetFocus(45)</onfocus>
                                <onfocus condition="!IsEmpty(Window.Property(ParentDir))">ClearProperty(ParentDir)</onfocus>
                            </control>
                            <control type="image">
                                <description>List separator</description>
                                <posx>0</posx>
                                <posy>0</posy>
                                <width>752</width>
                                <height>61</height>
                                <texture border="90,3,90,3">views/list/other/separator.png</texture>
                            </control>
                            <control type="image">
                                <posx>0</posx>
                                <posy>0</posy>
                                <width>752</width>
                                <height>59</height>
                                <texture border="150,1,150,1">views/other/focus.png</texture>
                                <animation type="Focus" condition="Container(21).OnNext" reversible="false">
                                    <effect type="slide" start="0,-60" end="0,0" time="300" tween="back" easing="out" />
                                </animation>
                                <animation type="Focus" condition="Container(21).OnPrevious" reversible="false">
                                    <effect type="slide" start="0,60" end="0,0" time="300" tween="back" easing="out" />
                                </animation>
                                <include>visiblehidefadeinfo</include>
                                <visible>Control.HasFocus(21)</visible>
                            </control>
                            <control type="image">
                                <posx>723</posx>
                                <posy>-10</posy>
                                <width>39</width>
                                <height>39</height>
                                <texture>windows/filemanager/selected.png</texture>
                                <visible>ListItem.IsSelected</visible>
                            </control>
                            <control type="image">
                                <posx>5</posx>
                                <posy>0</posy>
                                <width>60</width>
                                <height>60</height>
                                <texture>$INFO[ListItem.Icon,windows/filemanager/icons/,/fo.png]</texture>
                                <aspectratio>keep</aspectratio>
                            </control>
                            <control type="group">
                                <animation type="Focus" condition="Container(21).OnNext | Container(21).OnPrevious" reversible="false">
                                    <effect type="fade" start="50" end="100" time="500" tween="sine" easing="inout" />
                                </animation>
                                <animation effect="fade" start="100" end="50" time="300" tween="sine" easing="inout" condition="!Control.HasFocus(21)">Conditional</animation>
                                <control type="label">
                                    <posx>70</posx>
                                    <posy>0</posy>
                                    <width>662</width>
                                    <height>60</height>
                                    <info>ListItem.Label</info>
                                    <font>Font-Condensed-S30</font>
                                    <align>left</align>
                                    <aligny>center</aligny>
                                    <textcolor>eewhite</textcolor>
                                    <selectedcolor>eewhite</selectedcolor>
                                    <shadowcolor>22000000</shadowcolor>
                                    <scroll>false</scroll>
                                </control>
                                <control type="label">
                                    <posx>70</posx>
                                    <posy>0</posy>
                                    <width>662</width>
                                    <height>60</height>
                                    <info>ListItem.Label2</info>
                                    <font>Font-Condensed-S27</font>
                                    <align>right</align>
                                    <aligny>center</aligny>
                                    <textcolor>eewhite</textcolor>
                                    <selectedcolor>eewhite</selectedcolor>
                                    <shadowcolor>22000000</shadowcolor>
                                    <scroll>false</scroll>
                                </control>
                            </control>
                        </focusedlayout>
                    </control>
                    <control type="image" id="42">
                        <animation effect="fade" start="100" end="0" time="0" delay="1500">WindowOpen</animation>
                    </control>
                    <control type="image" id="41">
                        <animation effect="fade" start="0" end="100" time="0">Visible</animation>
                        <animation effect="fade" start="100" end="0" time="0">Hidden</animation>
                        <visible>Control.HasFocus(40) | !Control.IsVisible(42)</visible>
                    </control>
                    <control type="image" id="41">
                        <animation effect="fade" start="0" end="100" time="0">Visible</animation>
                        <animation effect="fade" start="100" end="0" time="0" delay="1500">Hidden</animation>
                        <visible>!Control.HasFocus(40) + [Container(21).Scrolling | Container(21).OnScrollNext | Container(21).OnScrollPrevious]</visible>
                    </control>
                    <control type="scrollbar" id="40">
                        <posx>746</posx>
                        <posy>0</posy>
                        <width>6</width>
                        <height>600</height>
                        <texturesliderbackground>-</texturesliderbackground>
                        <texturesliderbar border="1">views/other/scrollbar-sq.png</texturesliderbar>
                        <texturesliderbarfocus border="1">views/other/scrollbar-sq.png</texturesliderbarfocus>
                        <textureslidernib>-</textureslidernib>
                        <textureslidernibfocus>-</textureslidernibfocus>
                        <onleft>21</onleft>
                        <onright>20</onright>
                        <showonepage>false</showonepage>
                        <orientation>vertical</orientation>
                        <animation effect="fade" start="75" end="0" time="300" tween="sine" easing="inout" condition="!Control.IsVisible(41)">Conditional</animation>
                    </control>
                </control>
            </control>
        </control>
        <include>Common-Info-NoOptions</include>
    </controls>
</window>