<?xml version="1.0" encoding="UTF-8"?>
<window type="dialog" id="1122">
    <defaultcontrol always="true">9333</defaultcontrol>
    <onload>SetProperty(Title,$INFO[ListItem.Title],1122)</onload>
    <onload>SetProperty(Year,$INFO[ListItem.Year],1122)</onload>
    <onload>SetProperty(Studio,$INFO[ListItem.Studio],1122)</onload>
    <onload>SetProperty(Genre,$INFO[ListItem.Genre],1122)</onload>
    <onload>SetProperty(Plot,$ESCINFO[ListItem.Plot],1122)</onload>
    <onload>SetProperty(Fanart,$INFO[ListItem.Art(fanart)],1122)</onload>
    <onunload>ClearProperty(Title,1122)</onunload>
    <onunload>ClearProperty(Year,1122)</onunload>
    <onunload>ClearProperty(Studio,1122)</onunload>
    <onunload>ClearProperty(Genre,1122)</onunload>
    <onunload>ClearProperty(Plot,1122)</onunload>
    <onunload>ClearProperty(Fanart,1122)</onunload>
    <onunload>ClearProperty(ChooseArt,3004)</onunload>
    <controls>
        <!-- Advanced Launcher Game Info -->
        <control type="group">
            <posx>0</posx>
            <posy>0</posy>
            <width>1920</width>
            <height>1080</height>
            <animation type="WindowOpen">
                <effect type="fade" start="0" end="100" time="300" tween="sine" delay="300" easing="out" />
                <effect type="zoom" start="335,125,1440,810" end="0,0,1920,1080" time="400" delay="300" tween="cubic" easing="out" />
            </animation>
            <animation type="WindowClose">
                <effect type="fade" start="100" end="0" time="300" tween="sine" easing="out" />
                <effect type="zoom" start="0,0,1920,1080" end="335,125,1440,810" time="300" tween="cubic" easing="out" />
            </animation>
            <animation type="Visible">
                <effect type="slide" start="-1920" end="0" time="500" delay="0" tween="sine" easing="inout" />
            </animation>
            <animation type="Hidden">
                <effect type="zoom" start="100" end="75" center="640,540" time="250" tween="sine" easing="inout" />
                <effect type="slide" start="0" end="-2320" time="500" delay="0" tween="sine" easing="inout" />
            </animation>
            
            <!-- Title Label -->            
            <control type="label">
                <animation effect="fade" start="0" end="100" time="300" tween="sine" delay="300" easing="in">WindowOpen</animation>
                <posx>118</posx>
                <posy>51</posy>
                <width>1490</width>
                <height>100</height>
                <label>$INFO[Window.Property(Title)]</label>
                <font>Font-Condensed-S75</font>
                <textcolor>aawhite</textcolor>
                <align>left</align>
                <scroll>false</scroll>
                <visible>!Player.HasMedia + !Window.IsActive(infodialog) + !Window.IsActive(extendedprogressdialog)</visible>
                <include>visiblehidefadeinfo</include>
            </control>
            <!-- Title Label -->            
            <control type="label">
                <animation effect="fade" start="0" end="100" time="300" tween="sine" delay="300" easing="in">WindowOpen</animation>
                <posx>118</posx>
                <posy>51</posy>
                <width>832</width>
                <height>100</height>
                <label>$INFO[Window.Property(Title)]</label>
                <font>Font-Condensed-S75</font>
                <textcolor>aawhite</textcolor>
                <align>left</align>
                <scroll>false</scroll>
                <visible>Player.HasMedia | Window.IsActive(infodialog) | Window.IsActive(extendedprogressdialog)</visible>
                <include>visiblehidefadeinfo</include>
            </control>
            
            <!-- Rating -->
            <control type="group">
                <animation type="Conditional" condition="Player.HasMedia | Window.IsActive(busydialog) | Window.IsActive(volumebar) | Window.IsActive(infodialog) | Window.IsActive(extendedprogressdialog)">
                    <effect type="fade" start="100" end="8" tween="sine" easing="out" time="300" /> 
                    <effect type="zoom" start="100" end="50" center="1665,101" tween="sine" easing="inout" time="300" />
                </animation>
                <visible>!IsEmpty(ListItem.Rating)</visible>
                <control type="image">
                    <animation effect="fade" start="0" end="100" time="300" tween="sine" delay="300" easing="in">WindowOpen</animation>
                    <posx>1725</posx>
                    <posy>41</posy>
                    <width>120</width>
                    <height>120</height>
                    <texture>dialogs/video-info/rating.png</texture>
                </control>  
                <control type="label">
                    <animation effect="fade" start="0" end="100" time="300" tween="sine" delay="300" easing="in">WindowOpen</animation>
                    <posx>1735</posx>
                    <posy>51</posy>
                    <width>250</width>
                    <height>100</height>
                    <label>$INFO[ListItem.Rating]</label>
                    <font>Font-Condensed-S75</font>
                    <textcolor>aawhite</textcolor>
                    <align>right</align>
                    <scroll>false</scroll>
                </control>
            </control>

            <control type="grouplist">
                <animation effect="fade" start="0" end="100" time="300" tween="sine" delay="300" easing="in">WindowOpen</animation>
                <animation type="Conditional" condition="Control.HasFocus(1110) | Window.IsActive(3004)">
                    <effect type="slide" start="0" end="510" time="400" delay="0" tween="sine" easing="inout" />
                </animation>
                <animation effect="slide" start="0" end="1441" time="400" tween="sine" easing="inout" condition="!IsEmpty(Window(3004).Property(ChooseArt)) + [Window.IsActive(filebrowser) | Window.IsActive(selectdialog) | Window.IsActive(DialogSelect.xml)]">Conditional</animation>
                <posx>65</posx>
                <posy>144</posy>
                <width>1000</width>
                <height>60</height>
                <orientation>horizontal</orientation>
                <itemgap>20</itemgap>
                <usecontrolcoords>true</usecontrolcoords>
                <!-- Left Arrow Label -->
                <control type="label">
                    <posx>0</posx>
                    <posy>0</posy>
                    <width>45</width>
                    <height>60</height>
                    <label>←</label>
                    <font>Font-Condensed-S45</font>
                    <textcolor>eewhite</textcolor>
                    <align>left</align>
                    <scroll>false</scroll>
                    <include>visiblehidefadeinfo</include>
                    <animation effect="fade" start="100" end="0" tween="sine" easing="inout" time="300" condition="Control.HasFocus(1110) | [!IsEmpty(Window(3004).Property(ChooseArt)) + [Window.IsActive(filebrowser) | Window.IsActive(selectdialog) | Window.IsActive(DialogSelect.xml)]]">Conditional</animation>
                </control>
                <!-- Info Label -->
                <control type="label">
                    <posx>-12</posx>
                    <posy>0</posy>
                    <width min="50" max="400">auto</width>
                    <height>60</height>
                    <label>$LOCALIZE[31937]</label>
                    <font>Font-Condensed-S45</font>
                    <textcolor>eewhite</textcolor>
                    <align>left</align>
                    <scroll>false</scroll>
                    <animation effect="fade" start="100" end="50" time="200" tween="sine" easing="inout" condition="Control.HasFocus(9334) | Control.HasFocus(1110) | [!IsEmpty(Window(3004).Property(ChooseArt)) + [Window.IsActive(filebrowser) | Window.IsActive(selectdialog) | Window.IsActive(DialogSelect.xml)]]">Conditional</animation>
                </control>
            </control>
            
            <!-- Info Stuff -->
            <control type="group">
                <include>FullscreenDimensions</include>
                <visible allowhiddenfocus="true">Control.HasFocus(9333) | Control.HasFocus(9335) | Control.HasFocus(1101) | Control.HasFocus(1104) | Control.HasFocus(1105) | Control.HasFocus(1110) | Control.HasFocus(70) | [!IsEmpty(Window(3004).Property(ChooseArt)) + [Window.IsActive(filebrowser) | Window.IsActive(selectdialog) | Window.IsActive(DialogSelect.xml)]]</visible>
                <include>listEndAnimation</include>
                <animation type="Visible">
                    <effect type="slide" start="-1920" end="0" time="500" delay="0" tween="sine" easing="inout" />
                </animation>
                <animation type="Hidden">
                    <effect type="zoom" start="100" end="75" center="640,540" time="250" tween="sine" easing="inout" />
                    <effect type="slide" start="0" end="-2320" time="500" delay="0" tween="sine" easing="inout" />
                </animation>
                <animation type="Conditional" condition="Control.HasFocus(1110)">
                    <effect type="slide" start="0" end="494" time="400" tween="sine" easing="inout" />
                </animation>
                <animation effect="slide" start="0" end="1441" time="400" tween="sine" easing="inout" condition="!IsEmpty(Window(3004).Property(ChooseArt)) + [Window.IsActive(filebrowser) | Window.IsActive(selectdialog) | Window.IsActive(DialogSelect.xml)]">Conditional</animation>
                
                <!-- Shadow -->                
                <control type="image">
                    <description>Shadow</description>
                    <posx>57</posx>
                    <posy>900</posy>
                    <width>720</width>
                    <height>125</height>
                    <texture>windows/home/item-shadow.png</texture>
                </control>
                
                <!-- Panel -->
                <control type="image">
                    <posx>98</posx>
                    <posy>573</posy>
                    <width>638</width>
                    <height>335</height>
                    <texture border="3">views/list/panel/panel.png</texture>
                </control>
                
                <!-- Fanart / Thumb / Overlay -->
                <control type="group">
                    <posx>100</posx>
                    <posy>220</posy>
                    <control type="group">
                        <visible>!Player.HasVideo</visible>
                        <include>visiblehidefadeinfo</include>
                        <control type="image">
                            <posx>0</posx>
                            <posy>0</posy>
                            <width>634</width>
                            <height>355</height>
                            <aspectratio>scale</aspectratio>
                            <texture background="true" fallback="views/fallbacks/DefaultProgram.png/landscape.png">$INFO[Window.Property(Fanart)]</texture>
                        </control>
                    </control>
                    <control type="group">
                        <visible>Player.HasVideo</visible>
                        <include>visiblehidefadeinfo</include>
                        <control type="image">
                            <description>black</description>
                            <posx>0</posx>
                            <posy>0</posy>
                            <width>634</width>
                            <height>355</height>
                            <texture border="1">windows/common/black.png</texture>
                        </control>
                        <control type="videowindow">
                            <description>video</description>
                            <posx>0</posx>
                            <posy>0</posy>
                            <width>634</width>
                            <height>356</height>
                            <aspectratio>stretch</aspectratio>
                            <include>visiblehidefadeinfo</include>
                        </control>
                    </control>
                </control>
                
                <!-- OSD Back -->
                <control type="image">
                    <posx>324</posx>
                    <posy>500</posy>
                    <width>188</width>
                    <height>59</height>
                    <texture>dialogs/video-info/osd-back.png</texture>
                    <animation effect="fade" start="100" end="0" time="300" tween="sine" easing="inout" condition="![Control.HasFocus(1101) | Control.HasFocus(1104) | Control.HasFocus(1105)]">Conditional</animation>
                    <include>visiblehidefade</include>
                    <visible>Player.HasVideo</visible>
                </control>

                <control type="group" id="9336">
                    <posx>329</posx>
                    <posy>500</posy>
                    <width>177</width>
                    <height>59</height>
                    <animation effect="fade" start="100" end="0" time="300" tween="sine" easing="inout" condition="![Control.HasFocus(1101) | Control.HasFocus(1104) | Control.HasFocus(1105)]">Conditional</animation>
                    <control type="button" id="1101">
                        <posx>0</posx>
                        <posy>0</posy>
                        <width>59</width>
                        <height>59</height>
                        <onleft>1105</onleft>
                        <onright>1104</onright>
                        <onup>9333</onup>
                        <ondown>9333</ondown>
                        <onclick>PlayerControl(Stop)</onclick>
                        <onclick>SetFocus(9333)</onclick>
                        <texturefocus>dialogs/video-info/osd-stop.png</texturefocus>
                        <texturenofocus>dialogs/video-info/osd-stop-nf.png</texturenofocus>
                        <visible>Player.HasVideo</visible>
                        <enable>Player.HasVideo</enable>
                    </control>
                    <control type="togglebutton" id="1104">
                        <posx>59</posx>
                        <posy>0</posy>
                        <width>59</width>
                        <height>59</height>
                        <onleft>1101</onleft>
                        <onright>1105</onright>
                        <onup>9333</onup>
                        <ondown>9333</ondown>
                        <onclick>PlayerControl(Play)</onclick>
                        <texturefocus>dialogs/video-info/osd-play.png</texturefocus>
                        <texturenofocus>dialogs/video-info/osd-play-nf.png</texturenofocus>
                        <alttexturefocus>dialogs/video-info/osd-pause.png</alttexturefocus>
                        <alttexturenofocus>dialogs/video-info/osd-pause-nf.png</alttexturenofocus>
                        <usealttexture>!Player.IsPaused</usealttexture>
                        <visible>Player.HasVideo</visible>
                        <enable>Player.HasVideo</enable>
                    </control>
                    <control type="button" id="1105">
                        <posx>118</posx>
                        <posy>0</posy>
                        <width>59</width>
                        <height>59</height>
                        <onleft>1104</onleft>
                        <onright>SendClick(2003,5)</onright>
                        <onright>SetFocus(9334)</onright>
                        <onup>9333</onup>
                        <ondown>9333</ondown>
                        <onclick>Action(fullscreen)</onclick>
                        <texturefocus>dialogs/video-info/osd-fs.png</texturefocus>
                        <texturenofocus>dialogs/video-info/osd-fs-nf.png</texturenofocus>
                        <visible>Player.HasVideo</visible>
                        <enable>Player.HasVideo</enable>
                    </control>
                </control>
                
                <control type="list" id="9333">
                    <posx>100</posx>
                    <posy>576</posy>
                    <width>634</width>
                    <height>332</height>
                    <onleft>1110</onleft>
                    <onright condition="Control.IsVisible(70)">70</onright>
                    <onright condition="!Control.IsVisible(70) + !Window.IsVisible(3009)">SetProperty(BounceRight,1,Home)</onright>
                    <onup condition="!Player.HasVideo">9333</onup>
                    <onup condition="Player.HasVideo">9336</onup>
                    <ondown condition="!Player.HasVideo">9333</ondown>
                    <ondown condition="Player.HasVideo">9336</ondown>
                    <scrolltime>0</scrolltime>
                    <orientation>vertical</orientation>
                    <focusposition>0</focusposition>
                    <itemlayout height="83">
                        <control type="image">
                            <posx>0</posx>
                            <posy>0</posy>
                            <width>634</width>
                            <height>84</height>
                            <texture border="90,3,90,3">views/list/other/separator.png</texture>
                        </control>
                        <control type="label">
                            <posx>30</posx>
                            <posy>0</posy>
                            <width>574</width>
                            <height>82</height>
                            <font>Font-Condensed-S40</font>
                            <label>$INFO[ListItem.Label]</label>
                            <textcolor>eewhite</textcolor>
                            <shadowcolor>33000000</shadowcolor>
                            <animation effect="fade" start="100" end="50" time="0" condition="true">Conditional</animation>
                        </control>
                    </itemlayout>
                    <focusedlayout height="83">
                        <control type="image">
                            <posx>0</posx>
                            <posy>0</posy>
                            <width>634</width>
                            <height>84</height>
                            <texture border="90,3,90,3">views/list/other/separator.png</texture>
                        </control>
                        <control type="image">
                            <posx>0</posx>
                            <posy>0</posy>
                            <width>634</width>
                            <height>82</height>
                            <texture border="150,1,150,1">views/other/focus.png</texture>
                            <animation effect="slide" start="0,83" end="0,0" time="300" reversible="false" tween="back" easing="out" condition="Container(9333).OnPrevious">Focus</animation>
                            <animation effect="slide" start="0,-83" end="0,0" time="300" reversible="false" tween="back" easing="out" condition="Container(9333).OnNext">Focus</animation>
                            <include>visiblehidefadeinfo</include>
                            <visible>Control.HasFocus(9333)</visible>
                        </control>
                        <control type="label">
                            <posx>30</posx>
                            <posy>0</posy>
                            <width>574</width>
                            <height>82</height>
                            <font>Font-Condensed-S40</font>
                            <label>$INFO[ListItem.Label]</label>
                            <textcolor>eewhite</textcolor>
                            <shadowcolor>33000000</shadowcolor>
                            <animation effect="fade" start="50" end="100" time="300" tween="sine" easing="inout" reversible="false" condition="Container(9333).OnNext | Container(9333).OnPrevious">Focus</animation>
                            <animation effect="fade" start="100" end="50" time="300" tween="sine" easing="inout" condition="!Control.HasFocus(9333)">Conditional</animation>
                        </control>
                    </focusedlayout>
                    <content>
                        <item id="0">
                            <label>$LOCALIZE[518]</label>
                            <onclick>RunPlugin($INFO[ListItem.FileNameAndPath])</onclick>
                        </item>
                        <item id="1">
                            <label>$LOCALIZE[31326]</label>
                            <onclick>AlarmClock(GetInfo,RunPlugin($INFO[ListItem.FileNameAndPath]/%%GET_INFO%%),00:01,silent)</onclick>
                            <onclick>PreviousMenu</onclick>
                        </item>
                        <item id="2">
                            <label>$LOCALIZE[31305]</label>
                            <onclick>SetProperty(ChooseArt,1,3004)</onclick>
                            <onclick>RunPlugin($INFO[ListItem.FileNameAndPath]/%%GET_THUMB%%)</onclick>
                        </item>
                        <item id="3">
                            <label>$LOCALIZE[31306]</label>
                            <onclick>SetProperty(ChooseArt,1,3004)</onclick>
                            <onclick>RunPlugin($INFO[ListItem.FileNameAndPath]/%%GET_FANART%%)</onclick>
                        </item>  
                    </content>
                </control>
                
                <control type="grouplist">
                    <animation effect="fade" start="0" end="100" time="300" tween="sine" delay="300" easing="in">WindowOpen</animation>
                    <animation effect="fade" start="0" end="100" time="300" tween="sine" delay="500" easing="in">Visible</animation>
                    <animation effect="fade" start="100" end="0" time="300" tween="sine" delay="500" easing="out">Hidden</animation>
                    <posx>760</posx>
                    <posy>245</posy>
                    <width>1054</width>
                    <height>700</height>
                    <usecontrolcoords>true</usecontrolcoords>
                    <orientation>vertical</orientation>
                    <control type="group">
                        <posx>10</posx>
                        <width>1044</width>
                        <height>70</height>
                        <control type="label">
                            <width>1044</width>
                            <height>70</height>
                            <font>Font-Condensed-S45</font>
                            <align>left</align>
                            <label>$INFO[Window.Property(Title)]</label>
                            <textcolor>eewhite</textcolor>
                            <scroll>false</scroll>
                        </control>
                    </control>                    
                    <control type="grouplist">
                        <!-- Year -->
                        <posx>8</posx>
                        <posy>15</posy>
                        <width>1044</width>
                        <height>40</height>
                        <orientation>horizontal</orientation>
                        <visible>!IsEmpty(Window.Property(Year))</visible>
                        <control type="label">
                            <width>204</width>
                            <font>Font-Condensed-S34</font>
                            <align>left</align>
                            <label>[B]$LOCALIZE[31331]:[/B]</label>
                            <textcolor>aawhite</textcolor>
                            <scroll>false</scroll>
                        </control>
                        <control type="label">
                            <width>840</width>
                            <font>Font-Condensed-S34</font>
                            <align>left</align>
                            <label>$INFO[Window.Property(Year)]</label>
                            <textcolor>aawhite</textcolor>
                            <scroll>false</scroll>
                        </control>
                    </control>
                    <control type="grouplist">
                        <!-- Studio -->
                        <posx>8</posx>
                        <width>1044</width>
                        <height>40</height>
                        <orientation>horizontal</orientation>
                        <visible>!IsEmpty(Window.Property(Studio))</visible>
                        <control type="label">
                            <width>204</width>
                            <font>Font-Condensed-S34</font>
                            <align>left</align>
                            <label>[B]$LOCALIZE[572]:[/B]</label>
                            <textcolor>aawhite</textcolor>
                            <scroll>false</scroll>
                        </control>
                        <control type="label">
                            <width>840</width>
                            <font>Font-Condensed-S34</font>
                            <align>left</align>
                            <label>$INFO[Window.Property(Studio)]</label>
                            <textcolor>aawhite</textcolor>
                            <scroll>false</scroll>
                        </control>
                    </control>
                    <control type="grouplist">
                        <!-- Genre -->
                        <posx>8</posx>
                        <width>1044</width>
                        <height>40</height>
                        <orientation>horizontal</orientation>
                        <visible>!IsEmpty(Window.Property(Genre))</visible>
                        <control type="label">
                            <width>204</width>
                            <font>Font-Condensed-S34</font>
                            <align>left</align>
                            <label>[B]$LOCALIZE[515]:[/B]</label>
                            <textcolor>aawhite</textcolor>
                            <scroll>false</scroll>
                        </control>
                        <control type="label">
                            <width>840</width>
                            <font>Font-Condensed-S34</font>
                            <align>left</align>
                            <label>$INFO[Window.Property(Genre)]</label>
                            <textcolor>aawhite</textcolor>
                            <scroll>false</scroll>
                        </control>
                    </control>
                </control>
                                
                <!-- Plot -->
                <control type="group">
                    <animation effect="fade" start="0" end="100" time="300" tween="sine" delay="300" easing="in">WindowOpen</animation>
                    <animation effect="fade" start="0" end="100" time="300" tween="sine" delay="500" easing="in">Visible</animation>
                    <animation effect="fade" start="100" end="0" time="300" tween="sine" delay="500" easing="out">Hidden</animation>
                    <posx>770</posx>
                    <posy>490</posy>
                    <width>1045</width>
                    <height>385</height>
                    <control type="textbox">
                        <posx>0</posx>
                        <posy>0</posy>
                        <width>1045</width>
                        <height>385</height>
                        <label fallback="31330">$INFO[Window.Property(Plot)]</label>
                        <textcolor>bbwhite</textcolor>
                        <align>justify</align>
                        <font>Font-Condensed-S40</font>
                        <autoscroll time="2000" delay="10000" repeat="10000">Window.IsActive(1122) + !Control.HasFocus(70) + [Control.HasFocus(9333) | ControlGroup(9336).HasFocus] + !Window.IsActive(DialogSelect.xml) + !Skin.HasSetting(AutoScroll.Disable)</autoscroll>
                        <pagecontrol>70</pagecontrol>
                    </control>
                    <!-- Scrollbar -->
                    <control type="image">
                        <description>Scrollbar background</description>
                        <posx>1065</posx>
                        <posy>15</posy>
                        <width>6</width>
                        <height>359</height>
                        <texture border="1">views/other/scrollbar-sq.png</texture>
                        <visible>Control.IsVisible(70)</visible>
                        <animation effect="fade" start="25" end="10" time="300" tween="sine" easing="inout" condition="!Control.HasFocus(70)">Conditional</animation>
                    </control>
                    <control type="scrollbar" id="70">
                        <description>Scrollbar</description>
                        <posx>1065</posx>
                        <posy>15</posy>
                        <width>6</width>
                        <height>359</height>
                        <onup>70</onup>
                        <ondown>70</ondown>                  
                        <onleft>9333</onleft>
                        <onright condition="!Window.IsVisible(3009)">SetProperty(BounceRight,1,Home)</onright>
                        <texturesliderbar border="1">views/other/scrollbar-sq.png</texturesliderbar>
                        <texturesliderbarfocus border="1">views/other/scrollbar-sq.png</texturesliderbarfocus>
                        <orientation>vertical</orientation>
                        <showonepage>false</showonepage>
                        <animation effect="fade" start="80" end="35" time="300" tween="sine" easing="inout" condition="!Control.HasFocus(70)">Conditional</animation>
                        <visible>!IsEmpty(Window.Property(Plot))</visible>
                    </control>
                </control>          
            </control>
            
            <control type="group">
                <visible>Control.HasFocus(1110)</visible>
                <animation type="Visible">
                    <effect type="fade" start="50" end="100" time="400"  tween="sine" easing="inout" />
                    <effect type="slide" start="-650" end="0" time="400" tween="sine" easing="inout" />
                </animation>
                <animation type="Hidden">
                    <effect type="slide" start="0" end="-650" time="400" tween="sine" easing="inout" />
                </animation>
                <control type="label">
                    <posx>118</posx>
                    <posy>144</posy>
                    <width>200</width>
                    <height>60</height>
                    <label>$LOCALIZE[21371]</label>
                    <font>Font-Condensed-S45</font>
                    <textcolor>eewhite</textcolor>
                    <align>left</align>
                    <scroll>false</scroll>
                </control>
                <control type="image">
                    <description>Cover</description>
                    <posx>100</posx>
                    <posy>220</posy>
                    <width>458</width>
                    <height>687</height>
                    <texture background="true" fallback="views/fallbacks/DefaultProgram.png/large.png">$INFO[ListItem.Thumb]</texture>
                    <include>listEndAnimation</include>
                    <aspectratio>scale</aspectratio>
                </control>
                <control type="image">
                    <description>Shadow</description>
                    <posx>57</posx>
                    <posy>900</posy>
                    <width>544</width>
                    <height>125</height>
                    <texture>windows/home/item-shadow.png</texture>
                    <include>listEndAnimation</include>
                </control>
            </control>
            
        </control>
        
        <control type="button" id="1110">
            <onleft condition="!Window.IsVisible(3008)">SetProperty(BounceLeft,1,Home)</onleft>
            <onright>9333</onright>
        </control>
        
        <include>FadeBackgroundMovieInfo</include>
    </controls>
</window>