<?xml version="1.0" encoding="UTF-8"?>
<window>
	<zorder>3</zorder>
	<defaultcontrol always="true">10</defaultcontrol>
	<controls>
		<control type="group">
			<posx>0</posx>
			<posy>0</posy>
			<include>NowPlayingFullscreen</include>

			<control type="image">
				<include>FullscreenDimensions</include>
				<texture>osd/fullscreen/osdsettings.png</texture>
				<aspectratio>stretch</aspectratio>
			</control>

			<control type="image">
				<include>FullscreenDimensions</include>
				<texture>osd/fullscreen/osdsettings-separators.png</texture>
				<aspectratio>stretch</aspectratio>
			</control>

			<control type="label">
				<description>Speaker Gain Header</description>
				<posx>510</posx>
				<posy>245</posy>
				<width>900</width>
				<height>34</height>
				<label>$ADDON[adsp.basic 30072]</label>
				<align>center</align>
				<font>Font-Condensed-S34-B</font>
				<textcolor>bbwhite</textcolor>
				<shadowcolor>66000000</shadowcolor>
			</control>

			<control type="group">
				<posx>420</posx>
				<posy>294</posy>
				<control type="spincontrolex" id="10">
					<description>Speaker Distance Unit</description>
					<height>77</height>
					<width>1080</width>
					<spinposx>33</spinposx>
					<align>left</align>
					<aligny>center</aligny>
					<label>$ADDON[adsp.basic 30073]</label>
					<texturefocus border="150,1,150,1">windows/settings/images/right-focus.png</texturefocus>
					<texturenofocus>-</texturenofocus>
					<textcolor>96FFFFFF</textcolor>
					<focusedcolor>white</focusedcolor>
					<disabledcolor>40FFFFFF</disabledcolor>
					<font>Font-Condensed-S30-B</font>
					<textoffsetx>35</textoffsetx>
					<onright>11</onright>
					<onleft>11</onleft>
					<onup>9001</onup>
					<ondown>9000</ondown>
				</control>
				<control type="label" id="12">
					<description>Speaker distance info</description>
					<description>Continues test speaker position</description>
					<posx>0</posx>
					<posy>76</posy>
					<width>1080</width>
					<height>77</height>
					<font>Font-Condensed-S30-B</font>
					<textcolor>96FFFFFF</textcolor>
					<label></label>
					<align>center</align>
					<aligny>center</aligny>
				</control>

				<control type="grouplist" id="9000">
					<posx>0</posx>
					<posy>152</posy>
					<width>1080</width>
					<itemgap>-1</itemgap>
					<orientation>vertical</orientation>
					<onleft>9000</onleft>
					<onright>9000</onright>
					<onup>10</onup>
					<ondown>9001</ondown>
					<control type="spincontrolex" id="13">
						<height>77</height>
						<width>1080</width>
						<spinposx>33</spinposx>
						<align>left</align>
						<aligny>center</aligny>
						<label>$ADDON[adsp.basic 30031]</label>
						<texturefocus border="150,1,150,1">windows/settings/images/right-focus.png</texturefocus>
						<texturenofocus>-</texturenofocus>
						<textcolor>96FFFFFF</textcolor>
						<focusedcolor>white</focusedcolor>
						<disabledcolor>40FFFFFF</disabledcolor>
						<font>Font-Condensed-S30-B</font>
						<textoffsetx>35</textoffsetx>
					</control>

					<control type="spincontrolex" id="24">
						<description>Speaker Distance TFL</description>
						<height>77</height>
						<width>1080</width>
						<spinposx>33</spinposx>
						<align>left</align>
						<aligny>center</aligny>
						<label>$ADDON[adsp.basic 30054]</label>
						<texturefocus border="150,1,150,1">windows/settings/images/right-focus.png</texturefocus>
						<texturenofocus>-</texturenofocus>
						<textcolor>96FFFFFF</textcolor>
						<focusedcolor>white</focusedcolor>
						<disabledcolor>40FFFFFF</disabledcolor>
						<font>Font-Condensed-S30-B</font>
						<textoffsetx>35</textoffsetx>
					</control>

					<control type="spincontrolex" id="19">
						<description>Speaker Distance FLOC</description>
						<height>77</height>
						<width>1080</width>
						<spinposx>33</spinposx>
						<align>left</align>
						<aligny>center</aligny>
						<label>$ADDON[adsp.basic 30052]</label>
						<texturefocus border="150,1,150,1">windows/settings/images/right-focus.png</texturefocus>
						<texturenofocus>-</texturenofocus>
						<textcolor>96FFFFFF</textcolor>
						<focusedcolor>white</focusedcolor>
						<disabledcolor>40FFFFFF</disabledcolor>
						<font>Font-Condensed-S30-B</font>
						<textoffsetx>35</textoffsetx>
					</control>

					<control type="spincontrolex" id="15">
						<description>Speaker Distance Center</description>
						<height>77</height>
						<width>1080</width>
						<spinposx>33</spinposx>
						<align>left</align>
						<aligny>center</aligny>
						<label>$ADDON[adsp.basic 30037]</label>
						<texturefocus border="150,1,150,1">windows/settings/images/right-focus.png</texturefocus>
						<texturenofocus>-</texturenofocus>
						<textcolor>96FFFFFF</textcolor>
						<focusedcolor>white</focusedcolor>
						<disabledcolor>40FFFFFF</disabledcolor>
						<font>Font-Condensed-S30-B</font>
						<textoffsetx>35</textoffsetx>
					</control>

					<control type="spincontrolex" id="26">
						<description>Speaker Distance TFC</description>
						<height>77</height>
						<width>1080</width>
						<spinposx>33</spinposx>
						<align>left</align>
						<aligny>center</aligny>
						<label>$ADDON[adsp.basic 30056]</label>
						<texturefocus border="150,1,150,1">windows/settings/images/right-focus.png</texturefocus>
						<texturenofocus>-</texturenofocus>
						<textcolor>96FFFFFF</textcolor>
						<focusedcolor>white</focusedcolor>
						<disabledcolor>40FFFFFF</disabledcolor>
						<font>Font-Condensed-S30-B</font>
						<textoffsetx>35</textoffsetx>
					</control>

					<control type="spincontrolex" id="20">
						<height>77</height>
						<width>1080</width>
						<spinposx>33</spinposx>
						<align>left</align>
						<aligny>center</aligny>
						<label>$ADDON[adsp.basic 30053]</label>
						<texturefocus border="150,1,150,1">windows/settings/images/right-focus.png</texturefocus>
						<texturenofocus>-</texturenofocus>
						<textcolor>96FFFFFF</textcolor>
						<focusedcolor>white</focusedcolor>
						<disabledcolor>40FFFFFF</disabledcolor>
						<font>Font-Condensed-S30-B</font>
						<textoffsetx>35</textoffsetx>
					</control>

					<control type="spincontrolex" id="25">
						<description>Speaker Distance TFR</description>
						<height>77</height>
						<width>1080</width>
						<spinposx>33</spinposx>
						<align>left</align>
						<aligny>center</aligny>
						<label>$ADDON[adsp.basic 30055]</label>
						<texturefocus border="150,1,150,1">windows/settings/images/right-focus.png</texturefocus>
						<texturenofocus>-</texturenofocus>
						<textcolor>96FFFFFF</textcolor>
						<focusedcolor>white</focusedcolor>
						<disabledcolor>40FFFFFF</disabledcolor>
						<font>Font-Condensed-S30-B</font>
						<textoffsetx>35</textoffsetx>
					</control>

					<control type="spincontrolex" id="14">
						<description>Speaker Distance FR</description>
						<height>77</height>
						<width>1080</width>
						<spinposx>33</spinposx>
						<align>left</align>
						<aligny>center</aligny>
						<label>$ADDON[adsp.basic 30032]</label>
						<texturefocus border="150,1,150,1">windows/settings/images/right-focus.png</texturefocus>
						<texturenofocus>-</texturenofocus>
						<textcolor>96FFFFFF</textcolor>
						<focusedcolor>white</focusedcolor>
						<disabledcolor>40FFFFFF</disabledcolor>
						<font>Font-Condensed-S30-B</font>
						<textoffsetx>35</textoffsetx>
					</control>

					<control type="spincontrolex" id="23">
						<description>Speaker Distance SR</description>
						<height>77</height>
						<width>1080</width>
						<spinposx>33</spinposx>
						<align>left</align>
						<aligny>center</aligny>
						<label>$ADDON[adsp.basic 30034]</label>
						<texturefocus border="150,1,150,1">windows/settings/images/right-focus.png</texturefocus>
						<texturenofocus>-</texturenofocus>
						<textcolor>96FFFFFF</textcolor>
						<focusedcolor>white</focusedcolor>
						<disabledcolor>40FFFFFF</disabledcolor>
						<font>Font-Condensed-S30-B</font>
						<textoffsetx>35</textoffsetx>
					</control>

					<control type="spincontrolex" id="18">
						<description>Speaker Distance BR</description>
						<height>77</height>
						<width>1080</width>
						<spinposx>33</spinposx>
						<align>left</align>
						<aligny>center</aligny>
						<label>$ADDON[adsp.basic 30036]</label>
						<texturefocus border="150,1,150,1">windows/settings/images/right-focus.png</texturefocus>
						<texturenofocus>-</texturenofocus>
						<textcolor>96FFFFFF</textcolor>
						<focusedcolor>white</focusedcolor>
						<disabledcolor>40FFFFFF</disabledcolor>
						<font>Font-Condensed-S30-B</font>
						<textoffsetx>35</textoffsetx>
					</control>

					<control type="spincontrolex" id="29">
						<description>Speaker Distance TBL</description>
						<height>77</height>
						<width>1080</width>
						<spinposx>33</spinposx>
						<align>left</align>
						<aligny>center</aligny>
						<label>$ADDON[adsp.basic 30063]</label>
						<texturefocus border="150,1,150,1">windows/settings/images/right-focus.png</texturefocus>
						<texturenofocus>-</texturenofocus>
						<textcolor>96FFFFFF</textcolor>
						<focusedcolor>white</focusedcolor>
						<disabledcolor>40FFFFFF</disabledcolor>
						<font>Font-Condensed-S30-B</font>
						<textoffsetx>35</textoffsetx>
					</control>

					<control type="spincontrolex" id="32">
						<description>Speaker Distance BROC</description>
						<height>77</height>
						<width>1080</width>
						<spinposx>33</spinposx>
						<align>left</align>
						<aligny>center</aligny>
						<label>$ADDON[adsp.basic 30062]</label>
						<texturefocus border="150,1,150,1">windows/settings/images/right-focus.png</texturefocus>
						<texturenofocus>-</texturenofocus>
						<textcolor>96FFFFFF</textcolor>
						<focusedcolor>white</focusedcolor>
						<disabledcolor>40FFFFFF</disabledcolor>
						<font>Font-Condensed-S30-B</font>
						<textoffsetx>35</textoffsetx>
					</control>

					<control type="spincontrolex" id="21">
						<description>Speaker Distance BC</description>
						<height>77</height>
						<width>1080</width>
						<spinposx>33</spinposx>
						<align>left</align>
						<aligny>center</aligny>
						<label>$ADDON[adsp.basic 30039]</label>
						<texturefocus border="150,1,150,1">windows/settings/images/right-focus.png</texturefocus>
						<texturenofocus>-</texturenofocus>
						<textcolor>96FFFFFF</textcolor>
						<focusedcolor>white</focusedcolor>
						<disabledcolor>40FFFFFF</disabledcolor>
						<font>Font-Condensed-S30-B</font>
						<textoffsetx>35</textoffsetx>
					</control>

					<control type="spincontrolex" id="30">
						<description>Speaker Distance TBC</description>
						<height>77</height>
						<width>1080</width>
						<spinposx>33</spinposx>
						<align>left</align>
						<aligny>center</aligny>
						<label>$ADDON[adsp.basic 30060]</label>
						<texturefocus border="150,1,150,1">windows/settings/images/right-focus.png</texturefocus>
						<texturenofocus>-</texturenofocus>
						<textcolor>96FFFFFF</textcolor>
						<focusedcolor>white</focusedcolor>
						<disabledcolor>40FFFFFF</disabledcolor>
						<font>Font-Condensed-S30-B</font>
						<textoffsetx>35</textoffsetx>
					</control>

					<control type="spincontrolex" id="31">
						<description>Speaker Distance BLOC</description>
						<height>77</height>
						<width>1080</width>
						<spinposx>33</spinposx>
						<align>left</align>
						<aligny>center</aligny>
						<label>$ADDON[adsp.basic 30061]</label>
						<texturefocus border="150,1,150,1">windows/settings/images/right-focus.png</texturefocus>
						<texturenofocus>-</texturenofocus>
						<textcolor>96FFFFFF</textcolor>
						<focusedcolor>white</focusedcolor>
						<disabledcolor>40FFFFFF</disabledcolor>
						<font>Font-Condensed-S30-B</font>
						<textoffsetx>35</textoffsetx>
					</control>

					<control type="spincontrolex" id="28">
						<description>Speaker Distance TBL</description>
						<height>77</height>
						<width>1080</width>
						<spinposx>33</spinposx>
						<align>left</align>
						<aligny>center</aligny>
						<label>$ADDON[adsp.basic 30063]</label>
						<texturefocus border="150,1,150,1">windows/settings/images/right-focus.png</texturefocus>
						<texturenofocus>-</texturenofocus>
						<textcolor>96FFFFFF</textcolor>
						<focusedcolor>white</focusedcolor>
						<disabledcolor>40FFFFFF</disabledcolor>
						<font>Font-Condensed-S30-B</font>
						<textoffsetx>35</textoffsetx>
					</control>

					<control type="spincontrolex" id="17">
						<description>Speaker Distance BL</description>
						<height>77</height>
						<width>1080</width>
						<spinposx>33</spinposx>
						<align>left</align>
						<aligny>center</aligny>
						<label>$ADDON[adsp.basic 30035]</label>
						<texturefocus border="150,1,150,1">windows/settings/images/right-focus.png</texturefocus>
						<texturenofocus>-</texturenofocus>
						<textcolor>96FFFFFF</textcolor>
						<focusedcolor>white</focusedcolor>
						<disabledcolor>40FFFFFF</disabledcolor>
						<font>Font-Condensed-S30-B</font>
						<textoffsetx>35</textoffsetx>
					</control>

					<control type="spincontrolex" id="22">
						<description>Speaker Distance SL</description>
						<height>77</height>
						<width>1080</width>
						<spinposx>33</spinposx>
						<align>left</align>
						<aligny>center</aligny>
						<label>$ADDON[adsp.basic 30033]</label>
						<texturefocus border="150,1,150,1">windows/settings/images/right-focus.png</texturefocus>
						<texturenofocus>-</texturenofocus>
						<textcolor>96FFFFFF</textcolor>
						<focusedcolor>white</focusedcolor>
						<disabledcolor>40FFFFFF</disabledcolor>
						<font>Font-Condensed-S30-B</font>
						<textoffsetx>35</textoffsetx>
					</control>

					<control type="spincontrolex" id="27">
						<description>Speaker Distance Top Center</description>
						<height>77</height>
						<width>1080</width>
						<spinposx>33</spinposx>
						<align>left</align>
						<aligny>center</aligny>
						<label>$ADDON[adsp.basic 30057]</label>
						<texturefocus border="150,1,150,1">windows/settings/images/right-focus.png</texturefocus>
						<texturenofocus>-</texturenofocus>
						<textcolor>96FFFFFF</textcolor>
						<focusedcolor>white</focusedcolor>
						<disabledcolor>40FFFFFF</disabledcolor>
						<font>Font-Condensed-S30-B</font>
						<textoffsetx>35</textoffsetx>
					</control>

					<control type="spincontrolex" id="16">
						<description>Speaker Distance Sub</description>
						<height>77</height>
						<width>1080</width>
						<spinposx>33</spinposx>
						<align>left</align>
						<aligny>center</aligny>
						<label>$ADDON[adsp.basic 30038]</label>
						<texturefocus border="150,1,150,1">windows/settings/images/right-focus.png</texturefocus>
						<texturenofocus>-</texturenofocus>
						<textcolor>96FFFFFF</textcolor>
						<focusedcolor>white</focusedcolor>
						<disabledcolor>40FFFFFF</disabledcolor>
						<font>Font-Condensed-S30-B</font>
						<textoffsetx>35</textoffsetx>
					</control>
				</control>

				<control type="group" id="9001">
					<posx>20</posx>
					<posy>540</posy>
					<control type="button" id="1">
						<description>Ok Button</description>
						<posx>0</posx>
						<posy>0</posy>
						<width>100</width>
						<height>100</height>
						<texturenofocus border="100,0,0,0">buttons/select-nf.png</texturenofocus>
						<texturefocus border="100,0,0,0">buttons/select-fo.png</texturefocus>
						<onup>9000</onup>
						<onleft>2</onleft>
						<onright>2</onright>
						<ondown>11</ondown>
					</control>

					<control type="button" id="2">
						<description>Cancel Button</description>
						<posx>60</posx>
						<posy>0</posy>
						<width>100</width>
						<height>100</height>
						<texturenofocus border="100,0,0,0">buttons/cancel-nf.png</texturenofocus>
						<texturefocus border="100,0,0,0">buttons/cancel-fo.png</texturefocus>
						<onup>9000</onup>
						<onleft>1</onleft>
						<onright>1</onright>
						<ondown>11</ondown>
					</control>
				</control>
			</control>
		</control>
	</controls>
</window>
