<?xml version="1.0" encoding="UTF-8"?>
<window>
    <defaultcontrol always="true">10000</defaultcontrol>
    <controls>
        <include>FadeBackgroundButtonMenu</include>
        <control type="list" id="10000">
            <left>-125</left>
            <top>0</top>
            <width>2100</width>
            <height>900</height>
            <onleft>10000</onleft>
            <onright>10000</onright>
            <ondown>9001</ondown>
            <orientation>Horizontal</orientation>
            <itemlayout height="1" width="1"></itemlayout>
            <focusedlayout height="1" width="1"></focusedlayout>
        </control>
        <control type="image">
            <left>0</left>
            <top>0</top>
            <width>1920</width>
            <height>1080</height>
            <fadetime>500</fadetime>
            <texture>common/black.png</texture>
        </control>
        <control type="image">
            <left>0</left>
            <top>0</top>
            <width>1920</width>
            <height>1080</height>
            <fadetime>500</fadetime>
            <aspectratio>keep</aspectratio>
            <texture>$INFO[Container(10000).ListItem.Thumb]</texture>
        </control>
    </controls>
</window>
