<?xml version="1.0" encoding="UTF-8"?>
<colors>
    <color name="Black">FF000000</color>
    <color name="White">FFe5e5e5</color>
    <color name="White2">d5e5e5e5</color>
    <color name="White3">88e5e5e5</color>
    <color name="Red">FFFF0000</color>
    <color name="Blue">FF33b5e5</color>
    <color name="Blue2">FF6db9e5</color>
    <color name="Green">FF00FF00</color>
    <color name="FanartDiffuse">CCFFFFFF</color>
    <color name="Header">FFf2efe8</color>
    <color name="List">FF424140</color>
    <color name="Footer">FF5e5c5b</color>
    <color name="Disabled">FF525252</color>
    <color name="PanelBack">FF222222</color>
    <color name="grey">ff575757</color>
    <color name="Grey2">ff878787</color>
    <color name="HoloLight">FFf3f3f3</color>
    <color name="Selected">FFf3f3f3</color>
    <color name="Floor">d01a1a1c</color>
    <color name="Orange">FFEB9E17</color>
</colors>