<?xml version="1.0" encoding="UTF-8"?>
<fonts>
    <fontset id="Default">
        <font>
            <name>Font-Condensed-S20</name>
            <filename>OpenSansCond.ttf</filename>
            <size>20</size>
        </font>
        <font>
            <name>Font-Condensed-S20-B</name>
            <filename>OpenSansCond.ttf</filename>
            <size>20</size>
            <style>bold</style>
        </font>
        <font>
            <name>Font-Condensed-S25</name>
            <filename>OpenSansCond.ttf</filename>
            <size>25</size>
        </font>
        <font>
            <name>Font-Condensed-S25-B</name>
            <filename>OpenSansCond.ttf</filename>
            <size>25</size>
            <style>bold</style>
        </font>
        <font>
            <name>Font-Condensed-S26</name>
            <filename>OpenSansCond.ttf</filename>
            <size>26</size>
        </font>
        <font>
            <name>Font-Condensed-S26-B</name>
            <filename>OpenSansCond.ttf</filename>
            <size>26</size>
            <style>bold</style>
        </font>
        <font>
            <name>Font-Condensed-S27</name>
            <filename>OpenSansCond.ttf</filename>
            <size>27</size>
        </font>
        <font>
            <name>Font-Condensed-S28</name>
            <filename>OpenSansCond.ttf</filename>
            <size>28</size>
        </font>
        <font>
            <name>Font-Condensed-S29</name>
            <filename>OpenSansCond.ttf</filename>
            <size>29</size>
        </font>
        <font>
            <name>Font-Condensed-S29-B</name>
            <filename>OpenSansCond.ttf</filename>
            <size>29</size>
            <style>bold</style>
        </font>
        <font>
            <name>Font-Condensed-S30</name>
            <filename>OpenSansCond.ttf</filename>
            <size>30</size>
        </font>
        <font>
            <name>Font-Condensed-S30-B</name>
            <filename>OpenSansCond.ttf</filename>
            <size>30</size>
            <style>bold</style>
        </font>
        <font>
            <name>Font-Condensed-S31</name>
            <filename>OpenSansCond.ttf</filename>
            <size>31</size>
        </font>
        <font>
            <name>Font-Condensed-S31-B</name>
            <filename>OpenSansCond.ttf</filename>
            <size>31</size>
            <style>bold</style>
        </font>
        <font>
            <name>Font-Condensed-S32</name>
            <filename>OpenSansCond.ttf</filename>
            <size>32</size>
        </font>
        <font>
            <name>Font-Condensed-S33</name>
            <filename>OpenSansCond.ttf</filename>
            <size>33</size>
        </font>
        <font>
            <name>Font-Condensed-S33-B</name>
            <filename>OpenSansCond.ttf</filename>
            <size>33</size>
            <style>bold</style>
        </font>
        <font>
            <name>Font-Condensed-S34</name>
            <filename>OpenSansCond.ttf</filename>
            <size>34</size>
        </font>
        <font>
            <name>Font-Condensed-S34-B</name>
            <filename>OpenSansCond.ttf</filename>
            <size>34</size>
            <style>bold</style>
        </font>
        <font>
            <name>Font-Condensed-S35</name>
            <filename>OpenSansCond.ttf</filename>
            <size>35</size>
        </font>
        <font>
            <name>Font-Condensed-S36</name>
            <filename>OpenSansCond.ttf</filename>
            <size>36</size>
        </font>
        <font>
            <name>Font-Condensed-S36-B</name>
            <filename>OpenSansCond.ttf</filename>
            <size>36</size>
            <style>bold</style>
        </font>
        <font>
            <name>Font-Condensed-S37</name>
            <filename>OpenSansCond.ttf</filename>
            <size>37</size>
        </font>
        <font>
            <name>Font-Condensed-S37-B</name>
            <filename>OpenSansCond.ttf</filename>
            <size>37</size>
            <style>bold</style>
        </font>
        <font>
            <name>Font-Condensed-S38</name>
            <filename>OpenSansCond.ttf</filename>
            <size>38</size>
        </font>
        <font>
            <name>Font-Condensed-S38-B</name>
            <filename>OpenSansCond.ttf</filename>
            <size>38</size>
            <style>bold</style>
        </font>
        <font>
            <name>Font-Condensed-S40</name>
            <filename>OpenSansCond.ttf</filename>
            <size>40</size>
        </font>
        <font>
            <name>Font-Condensed-S40-B</name>
            <filename>OpenSansCond.ttf</filename>
            <size>40</size>
            <style>bold</style>
        </font>
        <font>
            <name>Font-Condensed-S41</name>
            <filename>OpenSansCond.ttf</filename>
            <size>41</size>
        </font>
        <font>
            <name>Font-Condensed-S42</name>
            <filename>OpenSansCond.ttf</filename>
            <size>42</size>
        </font>
        <font>
            <name>Font-Condensed-S42-B</name>
            <filename>OpenSansCond.ttf</filename>
            <size>42</size>
            <style>bold</style>
        </font>
        <font>
            <name>Font-Condensed-S45</name>
            <filename>OpenSansCond.ttf</filename>
            <size>45</size>
        </font>
        <font>
            <name>Font-Condensed-S45-B</name>
            <filename>OpenSansCond.ttf</filename>
            <size>45</size>
            <style>bold</style>
        </font>
        <font>
            <name>Font-Condensed-S50</name>
            <filename>OpenSansCond.ttf</filename>
            <size>50</size>
        </font>
        <font>
            <name>Font-Condensed-S50-B</name>
            <filename>OpenSansCond.ttf</filename>
            <size>50</size>
            <style>bold</style>
        </font>
        <font>
            <name>Font-Condensed-S49</name>
            <filename>OpenSansCond.ttf</filename>
            <size>49</size>
        </font>
        <font>
            <name>Font-Condensed-S52</name>
            <filename>OpenSansCond.ttf</filename>
            <size>52</size>
        </font>		
        <font>
            <name>Font-Condensed-S52-B</name>
            <filename>OpenSansCond.ttf</filename>
            <size>52</size>
            <style>bold</style>
        </font>
        <font>
            <name>Font-Condensed-S56</name>
            <filename>OpenSansCond.ttf</filename>
            <size>56</size>
        </font>		
        <font>
            <name>Font-Condensed-S60</name>
            <filename>OpenSansCond.ttf</filename>
            <size>60</size>
        </font>
        <font>
            <name>Font-Condensed-S72</name>
            <filename>OpenSansCond.ttf</filename>
            <size>72</size>
        </font>
        <font>
            <name>Font-Condensed-S75</name>
            <filename>OpenSansCond.ttf</filename>
            <size>75</size>
        </font>
        <font>
            <name>Font-Condensed-S80-B</name>
            <filename>OpenSansCond.ttf</filename>
            <size>80</size>
            <style>bold</style>
        </font>
        <font>
            <name>Font-Condensed-S100</name>
            <filename>OpenSansCond.ttf</filename>
            <size>100</size>
        </font>
        
        <!-- Confluence Fonts (For Add-On Compatibility) -->
        <font>
    		<name>font10</name>
    		<filename>Roboto-Regular.ttf</filename>
    		<size>21</size>
    	</font>
     	<font>
    		<name>font12</name>
    		<filename>Roboto-Regular.ttf</filename>
    		<size>25</size>
    	</font>
     	<font>
    		<name>font13</name>
    		<filename>Roboto-Regular.ttf</filename>
    		<size>30</size>
    	</font>
     	<font>
    		<name>font14</name>
    		<filename>Roboto-Regular.ttf</filename>
    		<size>33</size>
    	</font>
     	<font>
    		<name>font16</name>
    		<filename>Roboto-Regular.ttf</filename>
    		<size>37</size>
    	</font>
     	<font>
    		<name>font30</name>
    		<filename>Roboto-Regular.ttf</filename>
    		<size>45</size>
    	</font>
     	<font>
    		<name>fontContextMenu</name>
    		<filename>Roboto-Regular.ttf</filename>
    		<size>18</size>
    	</font>
    	<font>
			<name>font10_title</name>
			<filename>Roboto-Bold.ttf</filename>
			<size>27</size>
		</font>
	 	<font>
			<name>font12_title</name>
			<filename>Roboto-Bold.ttf</filename>
			<size>25</size>
		</font>
	 	<font>
			<name>font13_title</name>
			<filename>Roboto-Bold.ttf</filename>
			<size>30</size>
		</font>
	 	<font>
			<name>font24_title</name>
			<filename>Roboto-Bold.ttf</filename>
			<size>36</size>
		</font>
	 	<font>
			<name>font28_title</name>
			<filename>Roboto-Bold.ttf</filename>
			<size>42</size>
		</font>
	 	<font>
			<name>font30_title</name>
			<filename>Roboto-Bold.ttf</filename>
			<size>45</size>
		</font>
	 	<font>
			<name>font35_title</name>
			<filename>Roboto-Bold.ttf</filename>
			<size>52</size>
		</font>
	 	<font>
			<name>font45caps_title</name>
			<filename>Roboto-Bold.ttf</filename>
			<size>67</size>
		</font>
	 	<font>
			<name>font_MainMenu</name>
			<filename>DejaVuSans-Bold-Caps.ttf</filename>
			<size>52</size>
		</font>
	 	<font>
			<name>WeatherTemp</name>
			<filename>Roboto-Bold.ttf</filename>
			<size>120</size>
		</font>
    </fontset>
</fonts>