<?xml version="1.0" encoding="UTF-8"?>
<window>
    <defaultcontrol>525</defaultcontrol>
    <backgroundcolor>0</backgroundcolor>
    <onload condition="!Skin.HasSetting(Skin.Initialization)">SetProperty(Skin.Initialization,1,startup)</onload>
    <onload condition="!Skin.HasSetting(Skin.Initialization) | IsEmpty(Window(startup).Property(Started))">ReplaceWindow(startup)</onload>
    <include condition="!IsEmpty(Window.Property(CategoryChanged))">FocusSettingsCategory</include>
    <controls>
        <!-- Backgrounds -->
        <include>CommonItemsHome</include>
        <!-- Home screen -->
        <include condition="!Skin.HasSetting(HomeClassicMode)">HomeControlList</include>
        <include condition="Skin.HasSetting(HomeClassicMode)">HomeControlListClassic</include>
        <include>HomeControlListLabels</include>
        <include condition="!Skin.HasSetting(HomeClassicMode)">HomeItems</include>
        <include condition="Skin.HasSetting(HomeClassicMode)">HomeItemsClassic</include>
        <include>HomeProfileInfo</include>
        <!-- Bottom buttons -->
        <include condition="!Skin.HasSetting(HideHomeButtons)">shutdown-favs</include>
        <!-- Common/profile info -->
        <include>Common-Home-Info</include>
    </controls>
</window>