<?xml version="1.0" encoding="UTF-8"?>
<includes>

  <include name="PanelDialogHomeWidget1">
    <control type="list" id="4">
      <description>Widget 1 Fanart</description>
      <posx>0</posx>
      <posy>0</posy>
      <width>532</width>
      <height>360</height>
      <onup>4</onup>
      <ondown>4</ondown>
      <onleft>5</onleft>
      <onright condition="Control.IsVisible(3)">3</onright>
      <onright condition="!Control.IsVisible(3)">5</onright>
      <scrolltime tween="sine">300</scrolltime>
      <orientation>vertical</orientation>
      <itemlayout width="532" height="60">
        <control type="image">
          <width>532</width>
          <height>60</height>
          <texture>dialogs/default/separator-btn.png</texture>
        </control>
        <control type="label">
          <width>532</width>
          <height>60</height>
          <align>left</align>
          <textoffsetx>20</textoffsetx>
          <font>Font-Condensed-S32</font>
          <textcolor>FF585858</textcolor>
          <disabledcolor>77585858</disabledcolor>
          <shadowcolor>20FFFFFF</shadowcolor>
          <label>$INFO[ListItem.Label]</label>
        </control>
      </itemlayout>
      <focusedlayout width="532" height="60">
        <control type="image">
          <width>532</width>
          <height>60</height>
          <texture border="2">dialogs/default/highlight.png</texture>
        </control>
        <control type="label">
          <width>532</width>
          <height>60</height>
          <align>left</align>
          <textoffsetx>20</textoffsetx>
          <font>Font-Condensed-S32</font>
          <textcolor>eewhite</textcolor>
          <disabledcolor>77585858</disabledcolor>
          <shadowcolor>20FFFFFF</shadowcolor>
          <label>$INFO[ListItem.Label]</label>
        </control>
      </focusedlayout>
      <content>
        <item>
          <label>$LOCALIZE[31550]</label>
          <onclick>Skin.SetString(HomeWidget.1.Type,1)</onclick>
          <onclick>Skin.SetString(HomeWidget.1.Label,$LOCALIZE[31550])</onclick>
        </item>
        <item>
          <label>$LOCALIZE[31551]</label>
          <onclick>Skin.SetString(HomeWidget.1.Type,2)</onclick>
          <onclick>Skin.SetString(HomeWidget.1.Label,$LOCALIZE[31551])</onclick>
        </item>
        <item>
          <label>$LOCALIZE[31552]</label>
          <onclick>Skin.SetString(HomeWidget.1.Type,3)</onclick>
          <onclick>Skin.SetString(HomeWidget.1.Label,$LOCALIZE[31552])</onclick>
        </item>
        <item>
          <label>$LOCALIZE[31553]</label>
          <onclick>Skin.SetString(HomeWidget.1.Type,4)</onclick>
          <onclick>Skin.SetString(HomeWidget.1.Label,$LOCALIZE[31553])</onclick>
        </item>
        <item>
          <label>$LOCALIZE[31173] (trakt)</label>
          <onclick>Skin.SetString(HomeWidget.1.Type,15)</onclick>
          <onclick>Skin.SetString(HomeWidget.1.Label,$LOCALIZE[31173])</onclick>
        </item>
        <item>
          <label>$LOCALIZE[31174] (trakt)</label>
          <onclick>Skin.SetString(HomeWidget.1.Type,16)</onclick>
          <onclick>Skin.SetString(HomeWidget.1.Label,$LOCALIZE[31174])</onclick>
        </item>
        <item>
          <label>$LOCALIZE[31170] (MovieDB)</label>
          <onclick>Skin.SetString(HomeWidget.1.Type,6)</onclick>
          <onclick>Skin.SetString(HomeWidget.1.Label,$LOCALIZE[31173])</onclick>
        </item>
        <item>
          <label>$LOCALIZE[31171] (MovieDB)</label>
          <onclick>Skin.SetString(HomeWidget.1.Type,7)</onclick>
          <onclick>Skin.SetString(HomeWidget.1.Label,$LOCALIZE[31174])</onclick>
        </item>
        <item>
          <label>$LOCALIZE[20012]</label>
          <onclick>Skin.SetString(HomeWidget.1.Type,17)</onclick>
          <onclick>Skin.SetString(HomeWidget.1.Label)</onclick>
          <onclick>Skin.SetFile(HomeWidget.1.Path,.xsp,special://profile/playlists/video/)</onclick>
        </item>
      </content>
    </control>
  </include>

  <include name="PanelDialogHomeWidget2">
    <control type="list" id="4">
      <description>Widget 2 Poster</description>
      <posx>0</posx>
      <posy>0</posy>
      <width>532</width>
      <height>360</height>
      <onup>4</onup>
      <ondown>4</ondown>
      <onleft>5</onleft>
      <onright condition="Control.IsVisible(3)">3</onright>
      <onright condition="!Control.IsVisible(3)">5</onright>
      <scrolltime tween="sine">300</scrolltime>
      <orientation>vertical</orientation>
      <itemlayout width="532" height="60">
        <control type="image">
          <width>532</width>
          <height>60</height>
          <texture>dialogs/default/separator-btn.png</texture>
        </control>
        <control type="label">
          <width>532</width>
          <height>60</height>
          <align>left</align>
          <textoffsetx>20</textoffsetx>
          <font>Font-Condensed-S32</font>
          <textcolor>FF585858</textcolor>
          <disabledcolor>77585858</disabledcolor>
          <shadowcolor>20FFFFFF</shadowcolor>
          <label>$INFO[ListItem.Label]</label>
        </control>
      </itemlayout>
      <focusedlayout width="532" height="60">
        <control type="image">
          <width>532</width>
          <height>60</height>
          <texture border="2">dialogs/default/highlight.png</texture>
        </control>
        <control type="label">
          <width>532</width>
          <height>60</height>
          <align>left</align>
          <textoffsetx>20</textoffsetx>
          <font>Font-Condensed-S32</font>
          <textcolor>eewhite</textcolor>
          <disabledcolor>77585858</disabledcolor>
          <shadowcolor>20FFFFFF</shadowcolor>
          <label>$INFO[ListItem.Label]</label>
        </control>
      </focusedlayout>
      <content>
        <item>
          <label>$LOCALIZE[31550]</label>
          <onclick>Skin.SetString(HomeWidget.2.Type,1)</onclick>
          <onclick>Skin.SetString(HomeWidget.2.Label,$LOCALIZE[31550])</onclick>
        </item>
        <item>
          <label>$LOCALIZE[31551]</label>
          <onclick>Skin.SetString(HomeWidget.2.Type,2)</onclick>
          <onclick>Skin.SetString(HomeWidget.2.Label,$LOCALIZE[31551])</onclick>
        </item>
        <item>
          <label>$LOCALIZE[31552]</label>
          <onclick>Skin.SetString(HomeWidget.2.Type,3)</onclick>
          <onclick>Skin.SetString(HomeWidget.2.Label,$LOCALIZE[31552])</onclick>
        </item>
        <item>
          <label>$LOCALIZE[31553]</label>
          <onclick>Skin.SetString(HomeWidget.2.Type,4)</onclick>
          <onclick>Skin.SetString(HomeWidget.2.Label,$LOCALIZE[31553])</onclick>
        </item>
        <item>
          <label>$LOCALIZE[31173] (trakt)</label>
          <onclick>Skin.SetString(HomeWidget.2.Type,15)</onclick>
          <onclick>Skin.SetString(HomeWidget.2.Label,$LOCALIZE[31173])</onclick>
        </item>
        <item>
          <label>$LOCALIZE[31174] (trakt)</label>
          <onclick>Skin.SetString(HomeWidget.2.Type,16)</onclick>
          <onclick>Skin.SetString(HomeWidget.2.Label,$LOCALIZE[31174])</onclick>
        </item>
        <item>
          <label>$LOCALIZE[31170] (MovieDB)</label>
          <onclick>Skin.SetString(HomeWidget.2.Type,6)</onclick>
          <onclick>Skin.SetString(HomeWidget.2.Label,$LOCALIZE[31173])</onclick>
        </item>
        <item>
          <label>$LOCALIZE[31171] (MovieDB)</label>
          <onclick>Skin.SetString(HomeWidget.2.Type,7)</onclick>
          <onclick>Skin.SetString(HomeWidget.2.Label,$LOCALIZE[31174])</onclick>
        </item>
        <item>
          <label>$LOCALIZE[20012]</label>
          <onclick>Skin.SetString(HomeWidget.2.Type,17)</onclick>
          <onclick>Skin.SetString(HomeWidget.2.Label)</onclick>
          <onclick>Skin.SetFile(HomeWidget.2.Path,.xsp,special://profile/playlists/video/)</onclick>
        </item>
      </content>
    </control>
  </include>

  <include name="PanelDialogHomeWidget3">
    <control type="list" id="4">
      <posx>0</posx>
      <posy>0</posy>
      <width>532</width>
      <height>360</height>
      <onup>4</onup>
      <ondown>4</ondown>
      <onleft>5</onleft>
      <onright condition="Control.IsVisible(3)">3</onright>
      <onright condition="!Control.IsVisible(3)">5</onright>
      <scrolltime tween="sine">300</scrolltime>
      <orientation>vertical</orientation>
      <itemlayout width="532" height="60">
        <control type="image">
          <width>532</width>
          <height>60</height>
          <texture>dialogs/default/separator-btn.png</texture>
        </control>
        <control type="label">
          <width>532</width>
          <height>60</height>
          <align>left</align>
          <textoffsetx>20</textoffsetx>
          <font>Font-Condensed-S32</font>
          <textcolor>FF585858</textcolor>
          <disabledcolor>77585858</disabledcolor>
          <shadowcolor>20FFFFFF</shadowcolor>
          <label>$INFO[ListItem.Label]</label>
        </control>
      </itemlayout>
      <focusedlayout width="532" height="60">
        <control type="image">
          <width>532</width>
          <height>60</height>
          <texture border="2">dialogs/default/highlight.png</texture>
        </control>
        <control type="label">
          <width>532</width>
          <height>60</height>
          <align>left</align>
          <textoffsetx>20</textoffsetx>
          <font>Font-Condensed-S32</font>
          <textcolor>eewhite</textcolor>
          <disabledcolor>77585858</disabledcolor>
          <shadowcolor>20FFFFFF</shadowcolor>
          <label>$INFO[ListItem.Label]</label>
        </control>
      </focusedlayout>
      <content>
        <item>
          <label>$LOCALIZE[31552]</label>
          <onclick>Skin.SetString(HomeWidget.3.Type,3)</onclick>
          <onclick>Skin.SetString(HomeWidget.3.Label,$LOCALIZE[31552])</onclick>
        </item>
        <item>
          <label>$LOCALIZE[31553]</label>
          <onclick>Skin.SetString(HomeWidget.3.Type,4)</onclick>
          <onclick>Skin.SetString(HomeWidget.3.Label,$LOCALIZE[31553])</onclick>
        </item>
        <item>
          <label>$LOCALIZE[31173] (trakt)</label>
          <onclick>Skin.SetString(HomeWidget.3.Type,15)</onclick>
          <onclick>Skin.SetString(HomeWidget.3.Label,$LOCALIZE[31173])</onclick>
        </item>
        <item>
          <label>$LOCALIZE[31174] (trakt)</label>
          <onclick>Skin.SetString(HomeWidget.3.Type,16)</onclick>
          <onclick>Skin.SetString(HomeWidget.3.Label,$LOCALIZE[31174])</onclick>
        </item>
        <item>
          <label>$LOCALIZE[31170] (MovieDB)</label>
          <onclick>Skin.SetString(HomeWidget.3.Type,6)</onclick>
          <onclick>Skin.SetString(HomeWidget.3.Label,$LOCALIZE[31173])</onclick>
        </item>
        <item>
          <label>$LOCALIZE[31171] (MovieDB)</label>
          <onclick>Skin.SetString(HomeWidget.3.Type,7)</onclick>
          <onclick>Skin.SetString(HomeWidget.3.Label,$LOCALIZE[31174])</onclick>
        </item>
        <item>
          <label>$LOCALIZE[20012]</label>
          <onclick>Skin.SetString(HomeWidget.3.Type,17)</onclick>
          <onclick>Skin.SetString(HomeWidget.3.Label)</onclick>
          <onclick>Skin.SetFile(HomeWidget.3.Path,.xsp,special://profile/playlists/video/)</onclick>
        </item>
      </content>
    </control>
  </include>

  <include name="PanelDialogHomeWidget4">
    <control type="list" id="4">
      <posx>0</posx>
      <posy>0</posy>
      <width>532</width>
      <height>360</height>
      <onup>4</onup>
      <ondown>4</ondown>
      <onleft>5</onleft>
      <onright condition="Control.IsVisible(3)">3</onright>
      <onright condition="!Control.IsVisible(3)">5</onright>
      <scrolltime tween="sine">300</scrolltime>
      <orientation>vertical</orientation>
      <itemlayout width="532" height="60">
        <control type="image">
          <width>532</width>
          <height>60</height>
          <texture>dialogs/default/separator-btn.png</texture>
        </control>
        <control type="label">
          <width>532</width>
          <height>60</height>
          <align>left</align>
          <textoffsetx>20</textoffsetx>
          <font>Font-Condensed-S32</font>
          <textcolor>FF585858</textcolor>
          <disabledcolor>77585858</disabledcolor>
          <shadowcolor>20FFFFFF</shadowcolor>
          <label>$INFO[ListItem.Label]</label>
        </control>
      </itemlayout>
      <focusedlayout width="532" height="60">
        <control type="image">
          <width>532</width>
          <height>60</height>
          <texture border="2">dialogs/default/highlight.png</texture>
        </control>
        <control type="label">
          <width>532</width>
          <height>60</height>
          <align>left</align>
          <textoffsetx>20</textoffsetx>
          <font>Font-Condensed-S32</font>
          <textcolor>eewhite</textcolor>
          <disabledcolor>77585858</disabledcolor>
          <shadowcolor>20FFFFFF</shadowcolor>
          <label>$INFO[ListItem.Label]</label>
        </control>
      </focusedlayout>
      <content>
        <item>
          <label>$LOCALIZE[31553]</label>
          <onclick>Skin.SetString(HomeWidget.4.Type,4)</onclick>
          <onclick>Skin.SetString(HomeWidget.4.Label,$LOCALIZE[31553])</onclick>
        </item>
        <item>
          <label>$LOCALIZE[31173] (trakt)</label>
          <onclick>Skin.SetString(HomeWidget.4.Type,15)</onclick>
          <onclick>Skin.SetString(HomeWidget.4.Label,$LOCALIZE[31173])</onclick>
        </item>
        <item>
          <label>$LOCALIZE[31174] (trakt)</label>
          <onclick>Skin.SetString(HomeWidget.4.Type,16)</onclick>
          <onclick>Skin.SetString(HomeWidget.4.Label,$LOCALIZE[31174])</onclick>
        </item>
        <item>
          <label>$LOCALIZE[31170] (MovieDB)</label>
          <onclick>Skin.SetString(HomeWidget.4.Type,6)</onclick>
          <onclick>Skin.SetString(HomeWidget.4.Label,$LOCALIZE[31173])</onclick>
        </item>
        <item>
          <label>$LOCALIZE[31171] (MovieDB)</label>
          <onclick>Skin.SetString(HomeWidget.4.Type,7)</onclick>
          <onclick>Skin.SetString(HomeWidget.4.Label,$LOCALIZE[31174])</onclick>
        </item>
        <item>
          <label>$LOCALIZE[20012]</label>
          <onclick>Skin.SetString(HomeWidget.4.Type,17)</onclick>
          <onclick>Skin.SetString(HomeWidget.4.Label)</onclick>
          <onclick>Skin.SetFile(HomeWidget.4.Path,.xsp,special://profile/playlists/video/)</onclick>
        </item>
      </content>
    </control>
  </include>

  <include name="PanelDialogHomeWidget5">
    <control type="list" id="4">
      <posx>0</posx>
      <posy>0</posy>
      <width>532</width>
      <height>360</height>
      <onup>4</onup>
      <ondown>4</ondown>
      <onleft>5</onleft>
      <onright condition="Control.IsVisible(3)">3</onright>
      <onright condition="!Control.IsVisible(3)">5</onright>
      <scrolltime tween="sine">300</scrolltime>
      <orientation>vertical</orientation>
      <itemlayout width="532" height="60">
        <control type="image">
          <width>532</width>
          <height>60</height>
          <texture>dialogs/default/separator-btn.png</texture>
        </control>
        <control type="label">
          <width>532</width>
          <height>60</height>
          <align>left</align>
          <textoffsetx>20</textoffsetx>
          <font>Font-Condensed-S32</font>
          <textcolor>FF585858</textcolor>
          <disabledcolor>77585858</disabledcolor>
          <shadowcolor>20FFFFFF</shadowcolor>
          <label>$INFO[ListItem.Label]</label>
        </control>
      </itemlayout>
      <focusedlayout width="532" height="60">
        <control type="image">
          <width>532</width>
          <height>60</height>
          <texture border="2">dialogs/default/highlight.png</texture>
        </control>
        <control type="label">
          <width>532</width>
          <height>60</height>
          <align>left</align>
          <textoffsetx>20</textoffsetx>
          <font>Font-Condensed-S32</font>
          <textcolor>eewhite</textcolor>
          <disabledcolor>77585858</disabledcolor>
          <shadowcolor>20FFFFFF</shadowcolor>
          <label>$INFO[ListItem.Label]</label>
        </control>
      </focusedlayout>
      <content>
        <item>
          <label>$LOCALIZE[31046]</label>
          <onclick>Skin.SetString(HomeWidget.5.Type,18)</onclick>
          <onclick>Skin.SetString(HomeWidget.5.Label,$LOCALIZE[31046])</onclick>
        </item>
        <item>
          <label>$LOCALIZE[31047]</label>
          <onclick>Skin.SetString(HomeWidget.5.Type,19)</onclick>
          <onclick>Skin.SetString(HomeWidget.5.Label,$LOCALIZE[31047])</onclick>
        </item>
        <item>
          <label>$LOCALIZE[31048]</label>
          <onclick>Skin.SetString(HomeWidget.5.Type,20)</onclick>
          <onclick>Skin.SetString(HomeWidget.5.Label,$LOCALIZE[31048])</onclick>
        </item>
        <item>
          <label>$LOCALIZE[31049]</label>
          <onclick>Skin.SetString(HomeWidget.5.Type,21)</onclick>
          <onclick>Skin.SetString(HomeWidget.5.Label,$LOCALIZE[31049])</onclick>
        </item>
        <item>
          <label>$LOCALIZE[20011]</label>
          <onclick>Skin.SetString(HomeWidget.5.Type,17)</onclick>
          <onclick>Skin.SetString(HomeWidget.5.Label,$LOCALIZE[20011])</onclick>
          <onclick>Skin.SetFile(HomeWidget.5.Path,.xsp|.m3u,special://profile/playlists/music/)</onclick>
        </item>
      </content>
    </control>
  </include>

  <include name="PanelDialogHomeWidget6">
    <control type="list" id="4">
      <posx>0</posx>
      <posy>0</posy>
      <width>532</width>
      <height>360</height>
      <onup>4</onup>
      <ondown>4</ondown>
      <onleft>5</onleft>
      <onright condition="Control.IsVisible(3)">3</onright>
      <onright condition="!Control.IsVisible(3)">5</onright>
      <scrolltime tween="sine">300</scrolltime>
      <orientation>vertical</orientation>
      <itemlayout width="532" height="60">
        <control type="image">
          <width>532</width>
          <height>60</height>
          <texture>dialogs/default/separator-btn.png</texture>
        </control>
        <control type="label">
          <width>532</width>
          <height>60</height>
          <align>left</align>
          <textoffsetx>20</textoffsetx>
          <font>Font-Condensed-S32</font>
          <textcolor>FF585858</textcolor>
          <disabledcolor>77585858</disabledcolor>
          <shadowcolor>20FFFFFF</shadowcolor>
          <label>$INFO[ListItem.Label]</label>
        </control>
      </itemlayout>
      <focusedlayout width="532" height="60">
        <control type="image">
          <width>532</width>
          <height>60</height>
          <texture border="2">dialogs/default/highlight.png</texture>
        </control>
        <control type="label">
          <width>532</width>
          <height>60</height>
          <align>left</align>
          <textoffsetx>20</textoffsetx>
          <font>Font-Condensed-S32</font>
          <textcolor>eewhite</textcolor>
          <disabledcolor>77585858</disabledcolor>
          <shadowcolor>20FFFFFF</shadowcolor>
          <label>$INFO[ListItem.Label]</label>
        </control>
      </focusedlayout>
      <content>
        <item>
          <label>$LOCALIZE[31033]</label>
          <onclick>Skin.SetString(HomeWidget.6.Type,30)</onclick>
          <onclick>Skin.SetString(HomeWidget.6.Label,$LOCALIZE[31033])</onclick>
        </item>
        <item>
          <label>$LOCALIZE[31034]</label>
          <onclick>Skin.SetString(HomeWidget.6.Type,31)</onclick>
          <onclick>Skin.SetString(HomeWidget.6.Label,$LOCALIZE[31034])</onclick>
        </item>
        <item>
          <label>$LOCALIZE[31051]</label>
          <onclick>Skin.SetString(HomeWidget.6.Type,34)</onclick>
          <onclick>Skin.SetString(HomeWidget.6.Label,$LOCALIZE[31051])</onclick>
          <onclick>Skin.SetPath(PicturesPath)</onclick>
        </item>
      </content>
    </control>
  </include>

  <include name="PanelDialogHomeWidgets">
    <control type="group">
      <visible>!Window.IsVisible(yesnodialog)</visible>
      <animation type="Visible" reversible="false">
        <effect type="zoom" start="75" end="100" center="960,540" easing="out" tween="back" time="300" />
        <effect type="fade" start="0" end="100" time="175" />
      </animation>
      <animation type="Hidden" reversible="false">
        <effect type="fade" start="100" end="0" time="0" />
      </animation>
      <control type="group">
        <include>KeyboardAnimations</include>
        <visible>!Window.IsVisible(virtualkeyboard)</visible>

        <control type="label">
          <description>Heading</description>
          <posx>473</posx>
          <posy>278</posy>
          <width>974</width>
          <font>Font-Condensed-S34</font>
          <label>$INFO[Window(skinsettings).property(Dialog)]</label>
          <textcolor>ddwhite</textcolor>
          <align>center</align>
        </control>

        <control type="image">
          <posx>920</posx>
          <posy>306</posy>
          <width>80</width>
          <height>60</height>
          <texture>dialogs/default/arrow.png</texture>
        </control>
        <control type="image">
          <posx>524</posx>
          <posy>326</posy>
          <width>872</width>
          <height>428</height>
          <texture border="39">dialogs/default/bg.png</texture>
        </control>
        <control type="image">
          <posx>558</posx>
          <posy>360</posy>
          <width>532</width>
          <height>361</height>
          <texture border="5">dialogs/default/inner.png</texture>
        </control>
        <control type="image">
          <posx>1104</posx>
          <posy>360</posy>
          <width>258</width>
          <height>361</height>
          <texture border="5">dialogs/default/inner.png</texture>
        </control>

        <control type="list" id="3">
          <posx>1104</posx>
          <posy>360</posy>
          <width>258</width>
          <height>360</height>
          <onup>3</onup>
          <ondown>3</ondown>
          <onleft>4</onleft>
          <onright>6</onright>
          <scrolltime tween="cubic" easing="out">500</scrolltime>
          <orientation>vertical</orientation>
          <itemlayout width="257" height="60">
            <control type="image">
              <posx>0</posx>
              <posy>1</posy>
              <width>258</width>
              <height>60</height>
              <texture>dialogs/default/separator.png</texture>
            </control>
            <control type="label">
              <posx>20</posx>
              <width>218</width>
              <height>60</height>
              <align>left</align>
              <font>Font-Condensed-S30</font>
              <textcolor>FF585858</textcolor>
              <shadowcolor>20FFFFFF</shadowcolor>
              <label>$INFO[ListItem.Label]</label>
            </control>
          </itemlayout>
          <focusedlayout width="257" height="60">
            <control type="image">
              <posx>0</posx>
              <posy>1</posy>
              <width>258</width>
              <height>60</height>
              <texture>dialogs/default/separator.png</texture>
            </control>
            <control type="image">
              <width>258</width>
              <height>60</height>
              <texture>windows/common/black.png</texture>
              <colordiffuse>15FFFFFF</colordiffuse>
              <visible>!Control.HasFocus(3)</visible>
            </control>
            <control type="image">
              <width>258</width>
              <height>60</height>
              <texture border="2">dialogs/default/highlight.png</texture>
              <visible>Control.HasFocus(3)</visible>
            </control>
            <control type="label">
              <posx>20</posx>
              <width>218</width>
              <height>60</height>
              <align>left</align>
              <font>Font-Condensed-S30</font>
              <textcolor>eewhite</textcolor>
              <shadowcolor>20FFFFFF</shadowcolor>
              <label>$INFO[ListItem.Label]</label>
            </control>
          </focusedlayout>
          <content>
            <item id="1">
              <label>$LOCALIZE[31162] 1 ($LOCALIZE[31524])</label>
              <onclick>noop</onclick>
            </item>
            <item id="2">
              <label>$LOCALIZE[31162] 2 ($LOCALIZE[31524])</label>
              <onclick>noop</onclick>
            </item>
            <item id="3">
              <label>$LOCALIZE[31162] 3 ($LOCALIZE[342])</label>
              <onclick>noop</onclick>
            </item>
            <item id="4">
              <label>$LOCALIZE[31162] 4 ($LOCALIZE[20364])</label>
              <onclick>noop</onclick>
            </item>
            <item id="5">
              <label>$LOCALIZE[31162] 5 ($LOCALIZE[2])</label>
              <onclick>noop</onclick>
            </item>
            <item id="6">
              <label>$LOCALIZE[31162] 6 ($LOCALIZE[1])</label>
              <onclick>noop</onclick>
            </item>
          </content>
        </control>

        <control type="group">
          <posx>558</posx>
          <posy>360</posy>
          <visible>Container(3).HasFocus(1)</visible>
          <include>PanelDialogHomeWidget1</include>
        </control>
        <control type="group">
          <posx>558</posx>
          <posy>360</posy>
          <visible>Container(3).HasFocus(2)</visible>
          <include>PanelDialogHomeWidget2</include>
        </control>
        <control type="group">
          <posx>558</posx>
          <posy>360</posy>
          <visible>Container(3).HasFocus(3)</visible>
          <include>PanelDialogHomeWidget3</include>
        </control>
        <control type="group">
          <posx>558</posx>
          <posy>360</posy>
          <visible>Container(3).HasFocus(4)</visible>
          <include>PanelDialogHomeWidget4</include>
        </control>
        <control type="group">
          <posx>558</posx>
          <posy>360</posy>
          <visible>Container(3).HasFocus(5)</visible>
          <include>PanelDialogHomeWidget5</include>
        </control>
        <control type="group">
          <posx>558</posx>
          <posy>360</posy>
          <visible>Container(3).HasFocus(6)</visible>
          <include>PanelDialogHomeWidget6</include>
        </control>

        <control type="group">
          <posx>546</posx>
          <posy>716</posy>
          <control type="button" id="5">
            <description>Close</description>
            <texturefocus>buttons/cancel-fo.png</texturefocus>
            <texturenofocus>buttons/cancel-nf.png</texturenofocus>
            <include>DialogButtonDimensions</include>
            <onleft>6</onleft>
            <onright>6</onright>
            <onup>3</onup>
            <ondown>3</ondown>
            <label>$LOCALIZE[31923]</label>
            <onclick>PreviousMenu</onclick>
          </control>
          <control type="button" id="6">
            <posx>60</posx>
            <description>Default settings</description>
            <label>$LOCALIZE[409]</label>
            <width>500</width>
            <include>DialogButtonDimensionsRightAlign</include>
            <texturefocus border="0,0,100,0">buttons/options-right-fo.png</texturefocus>
            <texturenofocus border="0,0,100,0">buttons/options-right-nf.png</texturenofocus>
            <onup>3</onup>
            <ondown>3</ondown>
            <onleft>5</onleft>
            <onright>5</onright>
            <onclick condition="Container(3).HasFocus(1)">SetFocus(11)</onclick>
            <onclick condition="Container(3).HasFocus(2)">SetFocus(12)</onclick>
            <onclick condition="Container(3).HasFocus(3)">SetFocus(13)</onclick>
            <onclick condition="Container(3).HasFocus(4)">SetFocus(14)</onclick>
            <onclick condition="Container(3).HasFocus(5)">SetFocus(15)</onclick>
            <onclick condition="Container(3).HasFocus(6)">SetFocus(16)</onclick>
            <include>visiblehidefadeinfo</include>
          </control>
          <!-- Defaults need work -->
          <control type="button" id="11">
            <onfocus>Skin.SetString(HomeWidget.1.Type,1)</onfocus>
            <onfocus>Skin.SetString(HomeWidget.1.Label,$LOCALIZE[31550])</onfocus>
            <onfocus>SetFocus(6)</onfocus>
            <visible allowhiddenfocus="true">false</visible>
          </control>
          <control type="button" id="12">
            <onfocus>Skin.SetString(HomeWidget.2.Type,service.skin.widgets)</onfocus>
            <onfocus>Skin.SetString(HomeWidget.2.TypeName,$LOCALIZE[31551])</onfocus>
            <onfocus>Skin.SetString(HomeWidget.2.SubType,Movie)</onfocus>
            <onfocus>Skin.SetString(HomeWidget.2.SubTypeName,$LOCALIZE[342])</onfocus>
            <onfocus>Skin.SetString(HomeWidget.2.Method,Playlist)</onfocus>
            <onfocus>Skin.SetString(HomeWidget.2.UnWatched,False)</onfocus>
            <onfocus>Skin.SetString(HomeWidget.2.Resume,False)</onfocus>
            <onfocus>SetFocus(6)</onfocus>
            <visible allowhiddenfocus="true">false</visible>
          </control>
          <control type="button" id="13">
            <onfocus>Skin.SetString(HomeWidget.3.Type,service.skin.widgets)</onfocus>
            <onfocus>Skin.SetString(HomeWidget.3.TypeName,$LOCALIZE[31552])</onfocus>
            <onfocus>Skin.SetString(HomeWidget.3.SubType,Movie)</onfocus>
            <onfocus>Skin.SetString(HomeWidget.3.SubTypeName,$LOCALIZE[342])</onfocus>
            <onfocus>Skin.SetString(HomeWidget.3.Method,Playlist)</onfocus>
            <onfocus>Skin.SetString(HomeWidget.3.UnWatched,False)</onfocus>
            <onfocus>Skin.SetString(HomeWidget.3.Resume,False)</onfocus>
            <onfocus>SetFocus(6)</onfocus>
            <visible allowhiddenfocus="true">false</visible>
          </control>
          <control type="button" id="14">
            <onfocus>Skin.SetString(HomeWidget.4.Type,service.skin.widgets)</onfocus>
            <onfocus>Skin.SetString(HomeWidget.4.TypeName,$LOCALIZE[31553])</onfocus>
            <onfocus>Skin.SetString(HomeWidget.4.SubType,Episode)</onfocus>
            <onfocus>Skin.SetString(HomeWidget.4.SubTypeName,$LOCALIZE[20360])</onfocus>
            <onfocus>Skin.SetString(HomeWidget.4.Method,Playlist)</onfocus>
            <onfocus>Skin.SetString(HomeWidget.4.UnWatched,False)</onfocus>
            <onfocus>Skin.SetString(HomeWidget.4.Resume,False)</onfocus>
            <onfocus>SetFocus(6)</onfocus>
            <visible allowhiddenfocus="true">false</visible>
          </control>
          <control type="button" id="15">
            <onfocus>Skin.SetString(HomeWidget.5.Type,service.skin.widgets.random)</onfocus>
            <onfocus>Skin.SetString(HomeWidget.5.TypeName,$LOCALIZE[31556])</onfocus>
            <onfocus>Skin.SetString(HomeWidget.5.SubType,Music)</onfocus>
            <onfocus>Skin.SetString(HomeWidget.5.SubTypeName,$LOCALIZE[2])</onfocus>
            <onfocus>Skin.SetString(HomeWidget.5.Method,Playlist)</onfocus>
            <onfocus>Skin.SetString(HomeWidget.5.UnWatched,False)</onfocus>
            <onfocus>Skin.SetString(HomeWidget.5.Resume,False)</onfocus>
            <onfocus>SetFocus(6)</onfocus>
            <visible allowhiddenfocus="true">false</visible>
          </control>
          <control type="button" id="16">
            <onfocus>Skin.SetString(HomeWidget.6.Type,service.skin.widgets)</onfocus>
            <onfocus>Skin.SetString(HomeWidget.6.TypeName,$LOCALIZE[1])</onfocus>
            <onfocus>Skin.SetString(HomeWidget.6.SubType,Photo)</onfocus>
            <onfocus>Skin.SetString(HomeWidget.6.SubTypeName,Photo)</onfocus>
            <onfocus>Skin.SetString(HomeWidget.6.Method,Playlist)</onfocus>
            <onfocus>Skin.SetString(HomeWidget.6.UnWatched,False)</onfocus>
            <onfocus>Skin.SetString(HomeWidget.6.Resume,False)</onfocus>
            <onfocus>SetFocus(6)</onfocus>
            <visible allowhiddenfocus="true">false</visible>
          </control>
        </control>
      </control>
    </control>
  </include>

</includes>