<?xml version="1.0" encoding="UTF-8"?>
<window type="dialog">

	<defaultcontrol always="true">9000</defaultcontrol>
	<controls>
		<control type="group">
			<include>FadeBackgroundButtonMenu</include>
			<include>KeyboardAnimations</include>
			<control type="image">
				<description>background</description>
				<posx>195</posx>
				<posy>290</posy>
				<width>1530</width>
				<height>501</height>
				<texture border="39">dialogs/default/bg.png</texture>
			</control>

			<control type="label">
				<description>Heading</description>
				<posx>473</posx>
				<posy>242</posy>
				<width>974</width>
				<font>Font-Condensed-S34</font>
				<label>$LOCALIZE[15020]</label>
				<textcolor>ddwhite</textcolor>
				<align>center</align>
			</control>

			<control type="image">
				<description>heading arrow</description>
				<posx>920</posx>
				<posy>270</posy>
				<width>80</width>
				<height>60</height>
				<texture>dialogs/default/arrow.png</texture>
			</control>

			<control type="image">
				<description>available mode background</description>
				<posx>601</posx>
				<posy>324</posy>
				<width>538</width>
				<height>360</height>
				<texture border="5">dialogs/default/inner.png</texture>
			</control>

			<control type="image">
				<description>active mode background</description>
				<posx>1153</posx>
				<posy>324</posy>
				<width>538</width>
				<height>360</height>
				<texture border="5">dialogs/default/inner.png</texture>
			</control>

			<control type="image">
				<description>9000 background</description>
				<posx>229</posx>
				<posy>324</posy>
				<width>358</width>
				<height>360</height>
				<texture border="5">dialogs/default/inner.png</texture>
			</control>

			<control type="image">
				<description>radiobutton backgrund</description>
				<posx>229</posx>
				<posy>697</posy>
				<width>358</width>
				<height>61</height>
				<texture border="5">dialogs/default/inner.png</texture>
			</control>

			<control type="image">
				<description>current mode description background</description>
				<posx>601</posx>
				<posy>697</posy>
				<width>1090</width>
				<height>61</height>
				<texture border="5">dialogs/default/inner.png</texture>
			</control>

			<control type="label">
				<description>current mode description label</description>
				<posx>611</posx>
				<posy>696</posy>
				<width>1070</width>
				<height>60</height>
				<font>Font-Condensed-S28</font>
				<align>left</align>
				<aligny>center</aligny>
				<textcolor>FF585858</textcolor>
				<selectedcolor>selected</selectedcolor>
				<label>$INFO[Container(9000).ListItem.Label2]</label>
			</control>

		<control type="list" id="9000">
			<description>processing mode selection list</description>
			<posx>229</posx>
			<posy>324</posy>
			<width>358</width>
			<height>500</height>
			<onup>9000</onup>
			<ondown>22</ondown>
			<onleft>9001</onleft>
			<onright>200</onright>
			<orientation>vertical</orientation>
			<itemlayout width="358" height="60">
				<control type="image">
					<posx>0</posx>
					<posy>0</posy>
					<width>358</width>
					<height>60</height>
					<texture border="5">dialogs/default/separator-btn.png</texture>
				</control>
				<control type="label">
					<posx>10</posx>
					<posy>0</posy>
					<width>348</width>
					<height>60</height>
					<textcolor>FF585858</textcolor>
					<font>Font-Condensed-S32</font>
					<aligny>center</aligny>
					<align>left</align>
					<label>$INFO[ListItem.Label]</label>
					<scroll>false</scroll>
					<scrollspeed>0</scrollspeed>
				</control>
			</itemlayout>
			<focusedlayout width="358" height="60">
				<control type="image">
					<posx>0</posx>
					<posy>0</posy>
					<width>358</width>
					<height>60</height>
					<texture border="2">dialogs/default/highlight.png</texture>
					<visible>Control.HasFocus(9000)</visible>
				</control>
				<control type="image">
					<posx>0</posx>
					<posy>0</posy>
					<width>358</width>
					<height>60</height>
					<texture border="2">dialogs/default/highlight-grey.png</texture>
					<visible>!Control.HasFocus(9000)</visible>
				</control>
				<control type="image">
					<posx>0</posx>
					<posy>0</posy>
					<width>358</width>
					<height>60</height>
					<texture border="5">dialogs/default/separator-btn.png</texture>
				</control>
				<control type="label">
					<posx>10</posx>
					<posy>0</posy>
					<width>348</width>
					<height>60</height>
					<textcolor>eewhite</textcolor>
					<font>Font-Condensed-S32</font>
					<aligny>center</aligny>
					<align>left</align>
					<label>$INFO[ListItem.Label]</label>
					<scroll>false</scroll>
					<scrollspeed>0</scrollspeed>
				</control>
			</focusedlayout>
			<content>
				<item id="91">
					<label>$LOCALIZE[15057]</label>
					<label2>$LOCALIZE[15114]</label2>
					<visible>true</visible>
					<onclick>noop</onclick>
					<property name="currentMode">InputResampling</property>
				</item>
				<item id="92">
					<label>$LOCALIZE[15058]</label>
					<label2>$LOCALIZE[15113]</label2>
					<visible>true</visible>
					<onclick>noop</onclick>
					<property name="currentMode">Preprocessing</property>
				</item>
				<item id="93">
					<label>$LOCALIZE[15059]</label>
					<label2>$LOCALIZE[15115]</label2>
					<visible>true</visible>
					<onclick>noop</onclick>
					<property name="currentMode">Masterprocessing</property>
				</item>
				<item id="94">
					<label>$LOCALIZE[15060]</label>
					<label2>$LOCALIZE[15117]</label2>
					<visible>true</visible>
					<onclick>noop</onclick>
					<property name="currentMode">Postprocessing</property>
				</item>
				<item id="95">
					<label>$LOCALIZE[15061]</label>
					<label2>$LOCALIZE[15116]</label2>
					<visible>true</visible>
					<onclick>noop</onclick>
					<property name="currentMode">OutputResampling</property>
				</item>
			</content>
		</control>

		<control type="group" id="200">
			<description>available- and active mode lists</description>
			<posx>601</posx>
			<posy>324</posy>
			<width>638</width>
			<height>360</height>
			<ondown>9001</ondown>
			<onup>200</onup><onleft>9000</onleft>
			<control type="group">
				<description>available modes group</description>
				<posx>0</posx>
				<posy>0</posy>
				<width>538</width>
				<height>360</height>
				<control type="image">
					<width>538</width>
					<height>60</height>
					<texture border="5">dialogs/default/inner.png</texture>
				</control>
				<control type="label">
					<description>blue available modes</description>
					<posx>0</posx>
					<posy>0</posy>
					<width>538</width>
					<height>60</height>
					<font>Font-Condensed-S32</font>
					<label>$INFO[Container(20).NumItems] $LOCALIZE[15050]</label>
					<align>center</align>
					<aligny>center</aligny>
					<textcolor>FF585858</textcolor>
				</control>
				<control type="image">
					<description>available modes list border</description>
					<posx>25</posx>
					<posy>30</posy>
					<width>538</width>
					<height>350</height>
					<texture border="5">button-nofocus.png</texture>
				</control>
				<!-- Scrollbar not worked on 
				<control type="scrollbar" id="60">
					<description>scrollbar for available modes list</description>
					<posx>5</posx>
					<posy>30</posy>
					<width>25</width>
					<height>350</height>
					<texturesliderbackground border="0,14,0,14">ScrollBarV.png</texturesliderbackground>
					<texturesliderbar border="0,14,0,14">ScrollBarV_bar.png</texturesliderbar>
					<texturesliderbarfocus border="0,14,0,14">ScrollBarV_bar_focus.png</texturesliderbarfocus>
					<textureslidernib>ScrollBarNib.png</textureslidernib>
					<textureslidernibfocus>ScrollBarNib.png</textureslidernibfocus>
					<onleft>61</onleft>
					<onright>20</onright>
					<showonepage>false</showonepage>
					<orientation>vertical</orientation>
				</control>
				-->

				<control type="list" id="20">
					<description>available modes list</description>
					<posx>0</posx>
					<posy>60</posy>
					<width>538</width>
					<height>350</height>
					<onup>9000</onup>
					<ondown>9001</ondown>
					<onleft>9000</onleft>
					<onright>21</onright>
					<pagecontrol>60</pagecontrol>
					<scrolltime>200</scrolltime>
					<itemlayout height="70" width="538">
						<control type="image">
							<posx>0</posx>
							<posy>0</posy>
							<width>538</width>
							<height>70</height>
							<texture border="5">dialogs/default/separator-btn.png</texture>
						</control>
						<control type="image">
							<posx>5</posx>
							<posy>5</posy>
							<width>60</width>
							<height>60</height>
							<texture>$INFO[ListItem.Property(Icon)]</texture>
							<aspectratio aligny="center" align="left">keep</aspectratio>
							<visible>!StringCompare(ListItem.Property(Icon),"")</visible>
						</control>
						<control type="image">
							<posx>5</posx>
							<posy>5</posy>
							<width>60</width>
							<height>60</height>
							<texture>DefaultAddonAudioDSP.png</texture>
							<aspectratio aligny="center" align="left">keep</aspectratio>
							<visible>StringCompare(ListItem.Property(Icon),"")</visible>
						</control>
						<control type="label">
							<description>active addon name and mode name</description>
							<posx>80</posx>
							<posy>0</posy>
							<width>538</width>
							<height>40</height>
							<font>Font-Condensed-S28</font>
							<align>left</align>
							<aligny>top</aligny>
							<textcolor>FF585858</textcolor>
							<scroll>false</scroll>
							<label>$INFO[ListItem.Property(AddonName)]: $INFO[ListItem.Property(Name)]</label>
						</control>
						<control type="label">
							<description>ADSP-Mode description on focus</description>
							<posx>80</posx>
							<posy>35</posy>
							<width>435</width>
							<height>30</height>
							<font>Font-Condensed-S26</font>
							<align>left</align>
							<aligny>center</aligny>
							<textcolor>FF585858</textcolor>
							<scroll>false</scroll>
							<label>$INFO[ListItem.Property(Description)]</label>
						</control>
					</itemlayout>
					<focusedlayout height="70" width="538">
						<control type="image">
							<posx>0</posx>
							<posy>0</posy>
							<width>538</width>
							<height>70</height>
							<texture border="2">dialogs/default/highlight.png</texture>
							<visible>Control.HasFocus(20)</visible>
						</control>
						<control type="image">
							<posx>0</posx>
							<posy>0</posy>
							<width>538</width>
							<height>70</height>
							<texture border="2">dialogs/default/highlight-grey.png</texture>
							<visible>!Control.HasFocus(20)</visible>
						</control>
						<control type="image">
							<posx>5</posx>
							<posy>5</posy>
							<width>60</width>
							<height>60</height>
							<texture>$INFO[ListItem.Property(Icon)]</texture>
							<aspectratio aligny="center" align="left">keep</aspectratio>
							<visible>!StringCompare(ListItem.Property(Icon),"")</visible>
						</control>
						<control type="image">
							<posx>5</posx>
							<posy>5</posy>
							<width>60</width>
							<height>60</height>
							<texture>DefaultAddonAudioDSP.png</texture>
							<aspectratio aligny="center" align="left">keep</aspectratio>
							<visible>StringCompare(ListItem.Property(Icon),"")</visible>
						</control>
						<control type="label">
							<description>active addon name and mode name</description>
							<posx>80</posx>
							<posy>0</posy>
							<width>438</width>
							<height>40</height>
							<font>Font-Condensed-S28</font>
							<align>left</align>
							<aligny>top</aligny>
							<textcolor>eewhite</textcolor>
							<scroll>false</scroll>
							<selectedcolor>eewhite</selectedcolor>
							<label>$INFO[ListItem.Property(AddonName)]: $INFO[ListItem.Property(Name)]</label>
						</control>
						<control type="label">
							<description>ADSP-Mode description on focus</description>
							<posx>80</posx>
							<posy>35</posy>
							<width>438</width>
							<height>30</height>
							<font>Font-Condensed-S26</font>
							<align>left</align>
							<aligny>center</aligny>
							<textcolor>eewhite</textcolor>
							<scroll>false</scroll>
							<selectedcolor>eewhite</selectedcolor>
							<label>$INFO[ListItem.Property(Description)]</label>
						</control>
					</focusedlayout>
				</control>
			</control>

			<control type="group">
				<posx>552</posx>
				<posy>0</posy>
				<width>538</width>
				<height>360</height>
				<control type="image">
					<width>538</width>
					<height>60</height>
					<texture border="5">dialogs/default/inner.png</texture>
				</control>
				<control type="label">
					<description>blue available modes</description>
					<posx>0</posx>
					<posy>0</posy>
					<width>538</width>
					<height>60</height>
					<font>Font-Condensed-S32</font>
					<label>$INFO[Container(21).NumItems] $LOCALIZE[15051]</label>
					<align>center</align>
					<aligny>center</aligny>
					<textcolor>FF585858</textcolor>
				</control>

				<!-- Scrollbar not worked on
				<control type="scrollbar" id="61">
					<description>scrollbar for active modes list</description>
					<posx>542</posx>
					<posy>30</posy>
					<width>25</width>
					<height>350</height>
					<texturesliderbackground border="0,14,0,14">ScrollBarV.png</texturesliderbackground>
					<texturesliderbar border="0,14,0,14">ScrollBarV_bar.png</texturesliderbar>
					<texturesliderbarfocus border="0,14,0,14">ScrollBarV_bar_focus.png</texturesliderbarfocus>
					<textureslidernib>ScrollBarNib.png</textureslidernib>
					<textureslidernibfocus>ScrollBarNib.png</textureslidernibfocus>
					<onleft>21</onleft>
					<onright>60</onright>
					<showonepage>false</showonepage>
					<orientation>vertical</orientation>
				</control>
				-->

				<control type="list" id="21">
					<description>active modes list</description>
					<posx>0</posx>
					<posy>60</posy>
					<width>538</width>
					<height>300</height>
					<onup>9000</onup>
					<ondown>9001</ondown>
					<onleft>20</onleft>
					<onright>61</onright>
					<pagecontrol>61</pagecontrol>
					<scrolltime>200</scrolltime>
					<itemlayout height="70" width="438">
						<control type="image">
							<posx>0</posx>
							<posy>0</posy>
							<width>538</width>
							<height>70</height>
							<texture border="5">dialogs/default/separator-btn.png</texture>
						</control>
						<control type="image">
							<posx>5</posx>
							<posy>5</posy>
							<width>60</width>
							<height>60</height>
							<texture>$INFO[ListItem.Property(Icon)]</texture>
							<aspectratio aligny="center" align="left">keep</aspectratio>
							<visible>!StringCompare(ListItem.Property(Icon),"")</visible>
						</control>
						<control type="image">
							<posx>5</posx>
							<posy>5</posy>
							<width>60</width>
							<height>60</height>
							<texture>DefaultAddonAudioDSP.png</texture>
							<aspectratio aligny="center" align="left">keep</aspectratio>
							<visible>StringCompare(ListItem.Property(Icon),"")</visible>
						</control>
						<control type="label">
							<description>active addon name and mode name</description>
							<posx>80</posx>
							<posy>0</posy>
							<width>438</width>
							<height>40</height>
							<font>Font-Condensed-S28</font>
							<align>left</align>
							<aligny>top</aligny>
							<textcolor>FF585858</textcolor>
							<scroll>false</scroll>
							<selectedcolor>eewhite</selectedcolor>
							<label>$INFO[ListItem.Property(AddonName)]: $INFO[ListItem.Property(Name)]</label>
						</control>
						<control type="label">
							<description>ADSP-Mode description on focus</description>
							<posx>80</posx>
							<posy>35</posy>
							<width>438</width>
							<height>30</height>
							<font>Font-Condensed-S26</font>
							<align>left</align>
							<aligny>center</aligny>
							<textcolor>FF585858</textcolor>
							<scroll>false</scroll>
							<selectedcolor>eewhite</selectedcolor>
							<label>$INFO[ListItem.Property(Description)]</label>
						</control>
					</itemlayout>
					<focusedlayout height="70" width="528">
						<control type="image">
							<posx>0</posx>
							<posy>0</posy>
							<width>538</width>
							<height>70</height>
							<texture border="2">dialogs/default/highlight.png</texture>
							<visible>Control.HasFocus(21)</visible>
						</control>
						<control type="image">
							<posx>0</posx>
							<posy>0</posy>
							<width>538</width>
							<height>70</height>
							<texture border="2">dialogs/default/highlight-grey.png</texture>
							<visible>!Control.HasFocus(21)</visible>
						</control>
						<control type="image">
							<posx>5</posx>
							<posy>5</posy>
							<width>60</width>
							<height>60</height>
							<texture>$INFO[ListItem.Property(Icon)]</texture>
							<aspectratio aligny="center" align="left">keep</aspectratio>
							<visible>!StringCompare(ListItem.Property(Icon),"")</visible>
						</control>
						<control type="image">
							<posx>5</posx>
							<posy>5</posy>
							<width>60</width>
							<height>60</height>
							<texture>DefaultAddonAudioDSP.png</texture>
							<aspectratio aligny="center" align="left">keep</aspectratio>
							<visible>StringCompare(ListItem.Property(Icon),"")</visible>
						</control>
						<control type="label">
							<description>active addon name and mode name</description>
							<posx>80</posx>
							<posy>0</posy>
							<width>438</width>
							<height>40</height>
							<font>Font-Condensed-S28</font>
							<align>left</align>
							<aligny>top</aligny>
							<textcolor>eewhite</textcolor>
							<scroll>false</scroll>
							<selectedcolor>eewhite</selectedcolor>
							<label>$INFO[ListItem.Property(AddonName)]: $INFO[ListItem.Property(Name)]</label>
						</control>
						<control type="label">
							<description>ADSP-Mode description on focus</description>
							<posx>80</posx>
							<posy>35</posy>
							<width>438</width>
							<height>30</height>
							<font>Font-Condensed-S26</font>
							<align>left</align>
							<aligny>center</aligny>
							<textcolor>eewhite</textcolor>
							<scroll>false</scroll>
							<selectedcolor>eewhite</selectedcolor>
							<label>$INFO[ListItem.Property(Description)]</label>
						</control>
					</focusedlayout>
				</control>
			</control>
		</control>

		<control type="group" id="9001">
			<posx>5</posx>
			<posy>528</posy>
			<width>1090</width>
			<control type="radiobutton" id="22">
				<description>Default RadioButton</description>
				<posx>213</posx>>
				<posy>162</posy>
				<onup>9000</onup>
				<ondown>23</ondown>
				<onleft>24</onleft>
				<onright>23</onright>
				<textwidth>270</textwidth>
				<textoffsetx>95</textoffsetx>
				<textoffsety>17</textoffsety>
				<font>Font-Condensed-S28</font>
				<textcolor>FF585858</textcolor>
				<focusedcolor>blue</focusedcolor>
				<label>15064</label>
				<align>left</align>
				<aligny>top</aligny>
			</control>

			<control type="button" id="23">
				<description>Apply changes button</description>
				<texturefocus>buttons/select-fo.png</texturefocus>
				<texturenofocus>buttons/select-nf.png</texturenofocus>
				<include>DialogButtonDimensions</include>
				<posx>213</posx>
				<posy>224</posy>
				<onup>22</onup>
				<ondown>9000</ondown>
				<onleft>22</onleft>
				<onright>24</onright>
				<textwidth>452</textwidth>
				<label>14070</label>
			</control>

			<control type="button" id="24">
				<description>Clear active modes button</description>
				<texturefocus>buttons/options-right-fo.png</texturefocus>
				<texturenofocus>buttons/options-right-nf.png</texturenofocus>
				<include>DialogButtonDimensionsRightAlign</include>
				<posx>1355</posx>
				<posy>224</posy>
				<onup>200</onup>
				<ondown>9000</ondown>
				<onleft>23</onleft>
				<onright>22</onright>
				<label>$LOCALIZE[15066]</label>
			</control>
		</control>
	</control>
</controls>
</window>
