<?xml version="1.0" encoding="UTF-8"?>
<window>
    <defaultcontrol always="true">5000</defaultcontrol>
    <allowoverlay>no</allowoverlay>
    <controls>
        <include>FadeBackgroundButtonMenu</include>

        <control type="group">
            <posx>910</posx>
            <posy>503</posy>
            <include>BannerListInfoAnimation</include>
            <visible>!Container(5000).OnScrollPrevious + !Container(5000).OnScrollNext</visible>
            <animation effect="fade" time="320" delay="400">Visible</animation>
            <control type="group">
                <control type="image">
                    <posx>-4</posx>
                    <posy>27</posy>
                    <width>100</width>
                    <height>100</height>
                    <texture>dialogs/extendedprogress/loading-back-busy.png</texture>
                </control>
                <control type="image">
                    <description>Loading indicator</description>
                    <posx>-4</posx>
                    <posy>27</posy>
                    <width>100</width>
                    <height>100</height>
                    <texture>dialogs/extendedprogress/loading-red.png</texture>
                    <animation effect="rotate" center="auto" start="360" end="0" time="1500" loop="true" condition="true">Conditional</animation>
                </control>
            </control>
        </control>

        <control type="list" id="5000">
            <left>-90</left>
            <top>0</top>
            <width>2100</width>
            <height>1080</height>
            <onleft>5000</onleft>
            <onright>5000</onright>
            <ondown>9001</ondown>
            <animation effect="fade" start="0" end="100" time="300" tween="sine">WindowOpen</animation>
            <animation effect="fade" end="100" time="200" tween="sine">WindowClose</animation>
            <scrolltime tween="sine">400</scrolltime>
            <orientation>Horizontal</orientation>
            <itemlayout height="1080" width="1920">
                <control type="image">
                    <left>90</left>
                    <top>0</top>
                    <width>1920</width>
                    <height>1080</height>
                    <aspectratio>keep</aspectratio>
                    <fadetime>200</fadetime>
                    <texture>$INFO[ListItem.Property(Original)]</texture>
                </control>
            </itemlayout>
            <focusedlayout height="1080" width="1920">
                <control type="image">
                    <left>90</left>
                    <top>0</top>
                    <width>1920</width>
                    <height>1080</height>
                    <aspectratio>keep</aspectratio>
                    <fadetime>200</fadetime>
                    <texture>$INFO[ListItem.Property(Original)]</texture>
                </control>
            </focusedlayout>
        </control>
    </controls>
</window>


