<?xml version="1.0" encoding="UTF-8"?>
<includes>

    <include name="XBMCSubtitlesShowHide">
        <animation type="Visible" reversible="false">
            <effect type="fade" start="0" end="100" time="250" tween="sine" easing="out" />
            <effect type="slide" start="20" end="0" time="250" tween="sine" easing="inout" />
        </animation>
        <animation type="Hidden" reversible="false">
            <effect type="fade" start="100" end="0" time="250" tween="sine" easing="out" />
            <effect type="slide" start="0" end="20" time="250" tween="sine" easing="inout" />
        </animation>
    </include>

    <include name="OptionsShutdownAnimation">
        <animation type="Conditional" condition="Window.IsActive(shutdownmenu) | ControlGroup(9000).HasFocus() | [Window.IsActive(contextmenu) + !Window.IsVisible(filemanager) + !Window.IsVisible(locksettings) + !Window.IsVisible(musicplaylisteditor)]" reversible="false">
            <effect type="zoom" start="100" end="92" time="300" delay="100" center="auto" tween="sine" easing="out"  />
        </animation>
        <animation type="Conditional" condition="!Window.IsActive(shutdownmenu) + !ControlGroup(9000).HasFocus() + ![Window.IsActive(contextmenu) + !Window.IsVisible(filemanager) + !Window.IsVisible(locksettings) + !Window.IsVisible(musicplaylisteditor)]" reversible="false">
            <effect type="zoom" start="92" end="100" time="300" delay="250" center="auto" tween="sine" easing="in"  />
        </animation>
    </include>

    <include name="OpenButtonMenuAnimation">
        <animation type="WindowOpen" reversible="false">
            <effect type="fade" start="0" end="100" time="200" tween="sine" easing="in"  />
            <effect type="slide" start="0,0" end="0,-40" time="300" delay="100" tween="sine" easing="out" />
        </animation>
        <animation type="Visible" reversible="false">
            <effect type="fade" start="0" end="100" time="200" tween="sine" easing="in" />
            <effect type="slide" start="0,0" end="0,-40" time="300" delay="100" tween="sine" easing="out" />
        </animation>
        <animation type="WindowClose" reversible="false">
            <effect type="fade" start="100" end="0" time="300" tween="sine" easing="out" />
            <effect type="slide" start="0,-40" end="0,-40" />
        </animation>
        <animation type="Hidden" reversible="false">
            <effect type="fade" start="100" end="0" time="300" tween="sine" easing="out" />
            <effect type="slide" start="0,-40" end="0,-40" />
        </animation>
    </include>

    <include name="OpenCloseAnimationContext">
        <animation type="WindowOpen" condition="Window.IsVisible(favourites) | [!Window.IsVisible(addoninformation) + !Window.IsVisible(home) + !Window.IsVisible(filemanager) + !Window.IsVisible(LockSettings) + !Window.IsVisible(musicplaylisteditor) + !Window.IsVisible(DialogPVRChannelManager.xml)]">
            <effect type="fade" start="0" end="100" time="200" tween="sine" easing="in"  />
            <effect type="slide" start="0,0" end="0,-40" time="300" delay="100" tween="sine" easing="out" />
        </animation>
        <animation type="WindowClose" condition="!Window.IsVisible(favourites) | [!Window.IsVisible(addoninformation) + !Window.IsVisible(home) + !Window.IsVisible(filemanager) + !Window.IsVisible(LockSettings) + !Window.IsVisible(musicplaylisteditor) + !Window.IsVisible(DialogPVRChannelManager.xml)]">
            <effect type="fade" start="100" end="0" time="300" tween="sine" easing="out" />
            <effect type="slide" start="0,-40" end="0,-40" time="300" />
        </animation>
        <animation type="WindowOpen" condition="Window.IsVisible(home) | Window.IsVisible(filemanager) | Window.IsVisible(LockSettings) | Window.IsVisible(musicplaylisteditor) | Window.IsVisible(DialogPVRChannelManager.xml)" reversible="false">
            <effect type="slide" start="0,-20" end="0,0" time="200" tween="sine" easing="out" />
            <effect type="fade" start="0" end="100" time="200" tween="sine" easing="out" />
        </animation>
        <animation type="WindowClose" condition="Window.IsVisible(home) | Window.IsVisible(filemanager) | Window.IsVisible(LockSettings) | Window.IsVisible(musicplaylisteditor) | Window.IsVisible(DialogPVRChannelManager.xml)" reversible="false">
            <effect type="slide" start="0,0" end="0,-20" time="200" tween="sine" easing="out" />
            <effect type="fade" start="100" end="0" time="200" easing="out" tween="sine" />
        </animation>
        <animation type="WindowOpen" condition="Window.IsVisible(addoninformation)">
            <effect type="fade" start="0" end="100" time="300" tween="sine" easing="inout" />
        </animation>
        <animation type="WindowClose" condition="Window.IsVisible(addoninformation)">
            <effect type="fade" start="100" end="0" time="300" tween="sine" easing="inout" />
        </animation>
        <animation type="Visible" reversible="false">
            <effect type="fade" start="0" end="100" time="300" tween="sine" easing="in" />
        </animation>
        <animation type="Hidden" reversible="false">
            <effect  type="fade" start="100" end="0" time="300" tween="sine" easing="out" />
        </animation>
    </include>

    <include name="OpenCloseAnimationTwo">
        <animation type="WindowClose" reversible="false">
            <effect type="fade" start="90" end="0" time="300" tween="sine" easing="in" />
        </animation>
        <animation type="WindowOpen" reversible="false">
            <effect type="fade" start="0" end="100" time="300" delay="100" tween="sine" easing="out" />
        </animation>
        <animation type="Visible" reversible="false">
            <effect type="fade" start="0" end="100" time="300" delay="100" tween="sine" easing="out" />
        </animation>
        <animation type="Hidden" reversible="false">
            <effect type="fade" start="100" end="0" time="300" delay="100" tween="sine" easing="in" />
        </animation>
    </include>

    <include name="OpenCloseAnimationThree">
        <animation type="WindowClose" reversible="false">
            <effect type="fade" start="100" end="0" time="300" tween="sine" easing="in" />
        </animation>
        <animation type="WindowOpen" reversible="false">
            <effect type="fade" start="0" end="100" time="300" delay="100" tween="sine" easing="out" />
        </animation>
    </include>

    <include name="Animation_FanartFade">
        <animation effect="fade" time="300">WindowOpen</animation>
        <animation effect="fade" time="300">WindowClose</animation>
        <animation effect="fade" time="300">Visible</animation>
        <animation effect="fade" time="300">Hidden</animation>
    </include>

    <include name="visiblehidefade">
        <animation type="Visible" reversible="false">
            <effect type="fade" start="0" end="100" time="500" />
        </animation>
        <animation type="Hidden" reversible="false">
            <effect type="fade" start="100" end="0" time="500" />
        </animation>
    </include>

    <include name="visiblehidefadeinfo">
        <animation type="Visible" reversible="false">
            <effect type="fade" start="0" end="100" time="300" tween="sine" easing="inout" />
        </animation>
        <animation type="Hidden" reversible="false">
            <effect type="fade" start="100" end="0" time="300" tween="sine" easing="inout" />
        </animation>
    </include>

    <include name="visiblehidefadeinfodelayvisible">
        <animation type="Visible" reversible="false">
            <effect type="fade" start="0" end="100" time="300" delay="500" tween="sine" easing="inout" />
        </animation>
        <animation type="Hidden" reversible="false">
            <effect type="fade" start="100" end="0" time="300" tween="sine" easing="inout" />
        </animation>
    </include>

    <include name="visiblehidefadeflags">
        <animation type="Visible" reversible="false">
            <effect type="fade" start="0" end="100" time="0" delay="0" />
        </animation>
        <animation type="Hidden" reversible="false">
            <effect type="fade" start="100" end="0" time="0" delay="0" />
        </animation>
    </include>

    <include name="NowPlayingFullscreen">
        <animation type="WindowOpen" reversible="false">
            <effect type="fade" start="0" end="100" time="300" tween="sine" easing="inout" />
            <effect type="zoom" start="75" end="100" time="300" center="960,540" tween="back" easing="out" />
        </animation>
        <animation type="WindowClose" reversible="false">
            <effect type="zoom" start="100" end="75" time="300" center="960,540" tween="back" easing="in" />
            <effect type="fade" start="100" end="0" time="300" tween="sine" easing="inout" />
        </animation>
        <animation type="Visible" reversible="false">
            <effect type="fade" start="0" end="100" time="300" tween="sine" easing="inout" />
            <effect type="zoom" start="75" end="100" time="300" center="960,540" tween="back" easing="out" />
        </animation>
        <animation type="Hidden" reversible="false">
            <effect type="zoom" start="100" end="75" time="300" center="960,540" tween="back" easing="in" />
            <effect type="fade" start="100" end="0" time="300" tween="sine" easing="inout" />
        </animation>
    </include>

    <include name="homebuttonsanim">
        <animation type="WindowOpen" condition="Skin.HasSetting(HideShutdownButton) | Window.Previous(fullscreenvideo) | [Window.IsActive(startup) + !Window.Previous(loginscreen)] | [Window.Previous(visualisation) | Window.Previous(slideshow)]" reversible="false">
            <effect type="zoom" start="0" end="100" time="750" delay="500" center="auto" tween="elastic" easing="out" />
        </animation>
        <animation type="WindowClose" condition="Skin.HasSetting(HideShutdownButton) | [Window.Next(visualisation) | Window.Next(slideshow)]" reversible="false">
            <effect type="zoom" start="100" end="0" time="300" center="auto" tween="back" easing="in" />
        </animation>
        <animation type="WindowClose" condition="!Skin.HasSetting(HideShutdownButton) + ![Window.Next(visualisation) | Window.Next(slideshow)] + Window.IsVisible(playercontrols)" reversible="false">
            <effect type="slide" end="0" time="0" delay="300" />
        </animation>
        <animation type="Visible" reversible="false">
            <effect type="zoom" start="0" end="100" time="750" delay="200" center="auto" tween="elastic" easing="out" />
        </animation>
        <animation type="Hidden" reversible="false">
            <effect type="zoom" start="100" end="0" time="300" center="auto" tween="back" easing="in" />
        </animation>
    </include>

    <include name="homebuttonsanim2">
        <animation type="WindowOpen" condition="Skin.HasSetting(HideShutdownButton) | Window.Previous(fullscreenvideo) | [Window.IsActive(startup) + !Window.Previous(loginscreen)] | Window.Previous(visualisation) | Window.Previous(slideshow)" reversible="false">
            <effect type="fade" start="0" end="100" delay="500" time="300" />
        </animation>
        <animation type="WindowClose" condition="Skin.HasSetting(HideShutdownButton) | Window.Next(visualisation) | Window.Next(slideshow)" reversible="false">
            <effect type="fade" start="100" end="0" time="300" />
        </animation>
        <animation type="WindowClose" condition="!Skin.HasSetting(HideShutdownButton) + !Window.Next(visualisation) + !Window.Next(slideshow) + Window.IsVisible(playercontrols)" reversible="false">
            <effect type="slide" end="0" time="0" delay="300" />
        </animation>
        <animation type="Visible" reversible="false">
            <effect type="fade" start="0" end="100" delay="200" time="300" />
        </animation>
        <animation type="Hidden" reversible="false">
            <effect type="fade" start="100" end="0" time="300" />
        </animation>
    </include>

    <include name="homebuttonsanim3">
        <animation type="WindowOpen" reversible="false">
            <effect type="zoom" start="0" end="100" time="750" delay="500" center="auto" tween="elastic" easing="out" />
        </animation>
        <animation type="WindowClose" reversible="false">
            <effect type="zoom" start="100" end="0" time="400" center="auto" tween="back" easing="in" />
        </animation>
        <animation type="Visible" condition="IsEmpty(Window(home).property(NoAnimation)) + !Window.Next(visualisation)" reversible="false">
            <effect type="zoom" start="0" end="100" time="750" delay="200" center="auto" tween="elastic" easing="out" />
        </animation>
        <include>GuideNoAnimation</include>
        <animation type="Hidden" reversible="false">
            <effect type="zoom" start="100" end="0" time="400" center="auto" tween="back" easing="in" />
        </animation>
    </include>

    <include name="homebuttonsanim4">
        <animation type="WindowOpen" reversible="false">
            <effect type="fade" start="0" end="100" delay="500" time="300" />
        </animation>
        <animation type="WindowClose" reversible="false">
            <effect type="fade" start="100" end="0" time="400" />
        </animation>
        <animation type="Visible" condition="IsEmpty(Window(home).property(NoAnimation)) + !Window.Next(visualisation)" reversible="false">
            <effect type="fade" start="0" end="100" delay="200" time="300" />
        </animation>
        <include>GuideNoAnimation</include>
        <animation type="Hidden" reversible="false">
            <effect type="fade" start="100" end="0" time="400" />
        </animation>
    </include>

    <include name="Animation_FavButton">
        <animation type="Conditional" condition="Window.IsActive(shutdownmenu)" reversible="false">
            <effect type="slide" start="0" end="200" time="300" tween="sine" easing="out" />
        </animation>
        <animation type="Conditional" condition="!Window.IsActive(shutdownmenu)" reversible="false">
            <effect type="slide" start="200" end="0" time="500" delay="50" tween="sine" easing="in" />
        </animation>
    </include>

    <include name="Animation_OptionsButton">
        <animation type="Conditional" condition="Window.IsActive(shutdownmenu)" reversible="false">
            <effect type="slide" start="0" end="200" time="300" tween="sine" easing="out" />
        </animation>
        <animation type="Conditional" condition="!Window.IsActive(shutdownmenu)" reversible="false">
            <effect type="slide" start="200" end="0" time="500" delay="50" tween="sine" easing="in" />
        </animation>
        <animation type="Conditional" condition="ControlGroup(9000).HasFocus | Window.IsActive(contextmenu)" reversible="false">
            <effect type="fade" start="100" end="0" time="50" tween="sine" easing="out" />
            <effect type="slide" start="0,0" end="0,-40" time="300" delay="100" tween="sine" easing="out" />
        </animation>
        <animation type="Conditional" condition="!ControlGroup(9000).HasFocus + !Window.IsActive(contextmenu)" reversible="false">
            <effect type="fade" start="0" end="100" time="50" tween="sine" easing="in" />
            <effect type="slide" start="0,-40" end="0,0" time="300" delay="250" tween="sine" easing="in" />
        </animation>
    </include>

    <include name="Animation_ShutdownButton">
        <animation type="Conditional" condition="Window.IsActive(shutdownmenu)" reversible="false">
            <effect type="fade" start="100" end="0" time="50" tween="sine" easing="out" />
            <effect type="slide" start="0,0" end="0,-40" time="300" delay="100" tween="sine" easing="out" />
        </animation>
        <animation type="Conditional" condition="!Window.IsActive(shutdownmenu)" reversible="false">
            <effect type="fade" start="0" end="100" time="50" tween="sine" easing="in" />
            <effect type="slide" start="0,-40" end="0,0" time="300" delay="250" tween="sine" easing="in" />
        </animation>
    </include>

    <!-- ============ -->
    <!-- Default View -->
    <!-- ============ -->

    <include name="defaultfocusanim">
        <animation type="Focus" condition="Container(50).OnNext" reversible="false">
            <effect type="slide" start="0,-100" end="0,0" time="300" tween="back" easing="out" />
        </animation>
        <animation type="Focus" condition="Container(50).OnPrevious" reversible="false">
            <effect type="slide" start="0,100" end="0,0" time="300" tween="back" easing="out" />
        </animation>
    </include>
    <include name="defaultfocusanim3">
        <animation type="Focus" condition="[Container(50).OnNext + !Container(50).ListItem.IsPlaying] | [Container(52).OnNext + !Container(52).ListItem.IsPlaying]" reversible="false">
            <effect type="fade" start="10" end="100" tween="sine" easing="inout" time="800" />
        </animation>
        <animation type="Focus" condition="[Container(50).OnPrevious + !Container(50).ListItem.IsPlaying] | [Container(52).OnPrevious + !Container(52).ListItem.IsPlaying]" reversible="false">
            <effect type="fade" start="10" end="100" tween="sine" easing="inout" time="800" />
        </animation>
    </include>

    <!-- ========= -->
    <!-- List View -->
    <!-- ========= -->

    <include name="listfocusanim">
        <animation effect="slide" start="0,60" end="0,0" time="300" reversible="false" tween="back" easing="out" condition="Container(52).OnPrevious | Container(53).OnPrevious">focus</animation>
        <animation effect="slide" start="0,-60" end="0,0" time="300" reversible="false" tween="back" easing="out" condition="Container(52).OnNext | Container(53).OnNext">focus</animation>
    </include>

    <!-- ========= -->
    <!-- Wall View -->
    <!-- ========= -->

    <include name="ThumbnailAnimationsPanel">
        <animation type="WindowOpen">
            <effect type="slide" start="200" end="0" tween="cubic" easing="out" time="650" />
            <effect type="fade" start="0" end="100" tween="sine" easing="inout" time="300" />
            <effect type="zoom" start="90" end="100" center="713,538" tween="cubic" easing="out" time="400" />
        </animation>
        <animation type="Visible" condition="IsEmpty(Window(home).property(NoAnimation)) + !Window.Next(visualisation)" reversible="false">
            <effect type="slide" start="200" end="0" tween="cubic" easing="out" time="650" delay="300" />
            <effect type="fade" start="0" end="100" tween="sine" easing="inout" time="300" delay="300" />
            <effect type="zoom" start="90" end="100" center="713,538" tween="cubic" easing="out" time="400" delay="300" />
        </animation>
        <include>GuideNoAnimation</include>
        <animation type="WindowClose">
            <effect type="fade" start="100" end="0" time="300" tween="sine" easing="out" />
            <effect type="zoom" start="100" end="85" time="300" center="960,600" tween="sine" easing="out" />
        </animation>
        <animation type="Hidden" reversible="false">
            <effect type="zoom" start="100" end="125" center="960,600" tween="sine" easing="out" time="350" />
            <effect type="fade" start="100" end="0" tween="cubic" easing="out" time="250" />
        </animation>
        <animation effect="slide" end="501" time="400" tween="cubic" easing="inout" condition="[Skin.HasSetting(ThumbnailVideoSmall) + !IntegerGreaterThan(Container(501).NumItems,1) + !System.GetBool(filelists.showparentdiritems)] | [Skin.HasSetting(ThumbnailVideoSmall) + !IntegerGreaterThan(Container(501).NumItems,0) + System.GetBool(filelists.showparentdiritems)]">Conditional</animation>
        <animation effect="slide" end="417" time="400" tween="cubic" easing="inout" condition="[Skin.HasSetting(ThumbnailVideoSmall) + IntegerGreaterThan(Container(501).NumItems,1) + !IntegerGreaterThan(Container(501).NumItems,2) + !System.GetBool(filelists.showparentdiritems)] | [Skin.HasSetting(ThumbnailVideoSmall) + IntegerGreaterThan(Container(501).NumItems,0) + !IntegerGreaterThan(Container(501).NumItems,1) + !System.GetBool(filelists.showparentdiritems)]">Conditional</animation>
        <animation effect="slide" end="334" time="400" tween="cubic" easing="inout" condition="[Skin.HasSetting(ThumbnailVideoSmall) + IntegerGreaterThan(Container(501).NumItems,2) + !IntegerGreaterThan(Container(501).NumItems,3) + !System.GetBool(filelists.showparentdiritems)] | [Skin.HasSetting(ThumbnailVideoSmall) + IntegerGreaterThan(Container(501).NumItems,1) + !IntegerGreaterThan(Container(501).NumItems,2) + System.GetBool(filelists.showparentdiritems)]">Conditional</animation>
        <animation effect="slide" end="250" time="400" tween="cubic" easing="inout" condition="[Skin.HasSetting(ThumbnailVideoSmall) + IntegerGreaterThan(Container(501).NumItems,3) + !IntegerGreaterThan(Container(501).NumItems,4) + !System.GetBool(filelists.showparentdiritems)] | [Skin.HasSetting(ThumbnailVideoSmall) + IntegerGreaterThan(Container(501).NumItems,2) + !IntegerGreaterThan(Container(501).NumItems,3) + System.GetBool(filelists.showparentdiritems)]">Conditional</animation>
        <animation effect="slide" end="167" time="400" tween="cubic" easing="inout" condition="[Skin.HasSetting(ThumbnailVideoSmall) + IntegerGreaterThan(Container(501).NumItems,4) + !IntegerGreaterThan(Container(501).NumItems,5) + !System.GetBool(filelists.showparentdiritems)] | [Skin.HasSetting(ThumbnailVideoSmall) + IntegerGreaterThan(Container(501).NumItems,3) + !IntegerGreaterThan(Container(501).NumItems,4) + System.GetBool(filelists.showparentdiritems)]">Conditional</animation>
        <animation effect="slide" end="83" time="400" tween="cubic" easing="inout" condition="[Skin.HasSetting(ThumbnailVideoSmall) + IntegerGreaterThan(Container(501).NumItems,5) + !IntegerGreaterThan(Container(501).NumItems,6) + !System.GetBool(filelists.showparentdiritems)] | [Skin.HasSetting(ThumbnailVideoSmall) + IntegerGreaterThan(Container(501).NumItems,4) + !IntegerGreaterThan(Container(501).NumItems,5) + System.GetBool(filelists.showparentdiritems)]">Conditional</animation>
        <animation effect="slide" end="496" time="400" tween="cubic" easing="inout" condition="[!Skin.HasSetting(ThumbnailVideoSmall) + !IntegerGreaterThan(Container(501).NumItems,1) + !System.GetBool(filelists.showparentdiritems)] | [!Skin.HasSetting(ThumbnailVideoSmall) + !IntegerGreaterThan(Container(501).NumItems,0) + System.GetBool(filelists.showparentdiritems)]">Conditional</animation>
        <animation effect="slide" end="372" time="400" tween="cubic" easing="inout" condition="[!Skin.HasSetting(ThumbnailVideoSmall) + IntegerGreaterThan(Container(501).NumItems,1) + !IntegerGreaterThan(Container(501).NumItems,2) + !System.GetBool(filelists.showparentdiritems)] | [!Skin.HasSetting(ThumbnailVideoSmall) + IntegerGreaterThan(Container(501).NumItems,0) + !IntegerGreaterThan(Container(501).NumItems,1) + System.GetBool(filelists.showparentdiritems)]">Conditional</animation>
        <animation effect="slide" end="248" time="400" tween="cubic" easing="inout" condition="[!Skin.HasSetting(ThumbnailVideoSmall) + IntegerGreaterThan(Container(501).NumItems,2) + !IntegerGreaterThan(Container(501).NumItems,3) + !System.GetBool(filelists.showparentdiritems)] | [!Skin.HasSetting(ThumbnailVideoSmall) + IntegerGreaterThan(Container(501).NumItems,1) + !IntegerGreaterThan(Container(501).NumItems,2) + System.GetBool(filelists.showparentdiritems)]">Conditional</animation>
        <animation effect="slide" end="124" time="400" tween="cubic" easing="inout" condition="[!Skin.HasSetting(ThumbnailVideoSmall) + IntegerGreaterThan(Container(501).NumItems,3) + !IntegerGreaterThan(Container(501).NumItems,4) + !System.GetBool(filelists.showparentdiritems)] | [!Skin.HasSetting(ThumbnailVideoSmall) + IntegerGreaterThan(Container(501).NumItems,2) + !IntegerGreaterThan(Container(501).NumItems,3) + System.GetBool(filelists.showparentdiritems)]">Conditional</animation>
    </include>

    <include name="ThumbnailAnimationsShadow">
        <animation effect="zoom" end="-125,890,1168,150" time="400" tween="cubic" easing="inout" condition="[Skin.HasSetting(ThumbnailVideoSmall) + !IntegerGreaterThan(Container(501).NumItems,1) + !System.GetBool(filelists.showparentdiritems)] | [Skin.HasSetting(ThumbnailVideoSmall) + !IntegerGreaterThan(Container(501).NumItems,0) + System.GetBool(filelists.showparentdiritems)]">Conditional</animation>
        <animation effect="zoom" end="-125,890,1335,150" time="400" tween="cubic" easing="inout" condition="[Skin.HasSetting(ThumbnailVideoSmall) + IntegerGreaterThan(Container(501).NumItems,1) + !IntegerGreaterThan(Container(501).NumItems,2) + !System.GetBool(filelists.showparentdiritems)] | [Skin.HasSetting(ThumbnailVideoSmall) + IntegerGreaterThan(Container(501).NumItems,0) + !IntegerGreaterThan(Container(501).NumItems,1) + !System.GetBool(filelists.showparentdiritems)]">Conditional</animation>
        <animation effect="zoom" end="-125,890,1502,150" time="400" tween="cubic" easing="inout" condition="[Skin.HasSetting(ThumbnailVideoSmall) + IntegerGreaterThan(Container(501).NumItems,2) + !IntegerGreaterThan(Container(501).NumItems,3) + !System.GetBool(filelists.showparentdiritems)] | [Skin.HasSetting(ThumbnailVideoSmall) + IntegerGreaterThan(Container(501).NumItems,1) + !IntegerGreaterThan(Container(501).NumItems,2) + System.GetBool(filelists.showparentdiritems)]">Conditional</animation>
        <animation effect="zoom" end="-125,890,1669,150" time="400" tween="cubic" easing="inout" condition="[Skin.HasSetting(ThumbnailVideoSmall) + IntegerGreaterThan(Container(501).NumItems,3) + !IntegerGreaterThan(Container(501).NumItems,4) + !System.GetBool(filelists.showparentdiritems)] | [Skin.HasSetting(ThumbnailVideoSmall) + IntegerGreaterThan(Container(501).NumItems,2) + !IntegerGreaterThan(Container(501).NumItems,3) + System.GetBool(filelists.showparentdiritems)]">Conditional</animation>
        <animation effect="zoom" end="-125,890,1836,150" time="400" tween="cubic" easing="inout" condition="[Skin.HasSetting(ThumbnailVideoSmall) + IntegerGreaterThan(Container(501).NumItems,4) + !IntegerGreaterThan(Container(501).NumItems,5) + !System.GetBool(filelists.showparentdiritems)] | [Skin.HasSetting(ThumbnailVideoSmall) + IntegerGreaterThan(Container(501).NumItems,3) + !IntegerGreaterThan(Container(501).NumItems,4) + System.GetBool(filelists.showparentdiritems)]">Conditional</animation>
        <animation effect="zoom" end="-125,890,2003,150" time="400" tween="cubic" easing="inout" condition="[Skin.HasSetting(ThumbnailVideoSmall) + IntegerGreaterThan(Container(501).NumItems,5) + !IntegerGreaterThan(Container(501).NumItems,6) + !System.GetBool(filelists.showparentdiritems)] | [Skin.HasSetting(ThumbnailVideoSmall) + IntegerGreaterThan(Container(501).NumItems,4) + !IntegerGreaterThan(Container(501).NumItems,5) + System.GetBool(filelists.showparentdiritems)]">Conditional</animation>
        <animation effect="zoom" end="-125,890,1178,150" time="400" tween="cubic" easing="inout" condition="[!Skin.HasSetting(ThumbnailVideoSmall) + !IntegerGreaterThan(Container(501).NumItems,1) + !System.GetBool(filelists.showparentdiritems)] | [!Skin.HasSetting(ThumbnailVideoSmall) + !IntegerGreaterThan(Container(501).NumItems,0) + System.GetBool(filelists.showparentdiritems)]">Conditional</animation>
        <animation effect="zoom" end="-125,890,1426,150" time="400" tween="cubic" easing="inout" condition="[!Skin.HasSetting(ThumbnailVideoSmall) + IntegerGreaterThan(Container(501).NumItems,1) + !IntegerGreaterThan(Container(501).NumItems,2) + !System.GetBool(filelists.showparentdiritems)] | [!Skin.HasSetting(ThumbnailVideoSmall) + IntegerGreaterThan(Container(501).NumItems,0) + !IntegerGreaterThan(Container(501).NumItems,1) + System.GetBool(filelists.showparentdiritems)]">Conditional</animation>
        <animation effect="zoom" end="-125,890,1674,150" time="400" tween="cubic" easing="inout" condition="[!Skin.HasSetting(ThumbnailVideoSmall) + IntegerGreaterThan(Container(501).NumItems,2) + !IntegerGreaterThan(Container(501).NumItems,3) + !System.GetBool(filelists.showparentdiritems)] | [!Skin.HasSetting(ThumbnailVideoSmall) + IntegerGreaterThan(Container(501).NumItems,1) + !IntegerGreaterThan(Container(501).NumItems,2) + System.GetBool(filelists.showparentdiritems)]">Conditional</animation>
        <animation effect="zoom" end="-125,890,1922,150" time="400" tween="cubic" easing="inout" condition="[!Skin.HasSetting(ThumbnailVideoSmall) + IntegerGreaterThan(Container(501).NumItems,3) + !IntegerGreaterThan(Container(501).NumItems,4) + !System.GetBool(filelists.showparentdiritems)] | [!Skin.HasSetting(ThumbnailVideoSmall) + IntegerGreaterThan(Container(501).NumItems,2) + !IntegerGreaterThan(Container(501).NumItems,3) + System.GetBool(filelists.showparentdiritems)]">Conditional</animation>
    </include>

    <include name="ThumbnailAnimationsPoster">
        <animation type="WindowOpen">
            <effect type="slide" start="200" end="0" tween="cubic" easing="out" time="545" delay="105" />
            <effect type="fade" start="0" end="100" tween="sine" easing="inout" time="300" delay="105" />
            <effect type="zoom" start="90" end="100" center="1544,538" tween="cubic" easing="out" time="400" delay="105" />
        </animation>
        <animation type="Visible" condition="IsEmpty(Window(home).property(NoAnimation)) + !Window.Next(visualisation)" reversible="false">
            <effect type="slide" start="200" end="0" tween="cubic" easing="out" time="545" delay="405" />
            <effect type="fade" start="0" end="100" tween="sine" easing="inout" time="300" delay="405" />
            <effect type="zoom" start="90" end="100" center="1544,538" tween="cubic" easing="out" time="400" delay="405" />
        </animation>
        <include>GuideNoAnimation</include>
        <animation type="WindowClose">
            <effect type="fade" start="100" end="0" time="300" tween="sine" easing="out" />
            <effect type="zoom" start="100" end="85" time="300" center="960,600" tween="sine" easing="out" />
        </animation>
        <animation type="Hidden" reversible="false">
            <effect type="zoom" start="100" end="125" center="960,600" tween="sine" easing="out" time="350" />
            <effect type="fade" start="100" end="0" tween="cubic" easing="out" time="250" />
        </animation>
        <animation effect="slide" end="-501" time="400" tween="cubic" easing="inout" condition="[Skin.HasSetting(ThumbnailVideoSmall) + !IntegerGreaterThan(Container(501).NumItems,1) + !System.GetBool(filelists.showparentdiritems)] | [Skin.HasSetting(ThumbnailVideoSmall) + !IntegerGreaterThan(Container(501).NumItems,0) + System.GetBool(filelists.showparentdiritems)]">Conditional</animation>
        <animation effect="slide" end="-418" time="400" tween="cubic" easing="inout" condition="[Skin.HasSetting(ThumbnailVideoSmall) + IntegerGreaterThan(Container(501).NumItems,1) + !IntegerGreaterThan(Container(501).NumItems,2) + !System.GetBool(filelists.showparentdiritems)] | [Skin.HasSetting(ThumbnailVideoSmall) + IntegerGreaterThan(Container(501).NumItems,0) + !IntegerGreaterThan(Container(501).NumItems,1) + !System.GetBool(filelists.showparentdiritems)]">Conditional</animation>
        <animation effect="slide" end="-334" time="400" tween="cubic" easing="inout" condition="[Skin.HasSetting(ThumbnailVideoSmall) + IntegerGreaterThan(Container(501).NumItems,2) + !IntegerGreaterThan(Container(501).NumItems,3) + !System.GetBool(filelists.showparentdiritems)] | [Skin.HasSetting(ThumbnailVideoSmall) + IntegerGreaterThan(Container(501).NumItems,1) + !IntegerGreaterThan(Container(501).NumItems,2) + System.GetBool(filelists.showparentdiritems)]">Conditional</animation>
        <animation effect="slide" end="-251" time="400" tween="cubic" easing="inout" condition="[Skin.HasSetting(ThumbnailVideoSmall) + IntegerGreaterThan(Container(501).NumItems,3) + !IntegerGreaterThan(Container(501).NumItems,4) + !System.GetBool(filelists.showparentdiritems)] | [Skin.HasSetting(ThumbnailVideoSmall) + IntegerGreaterThan(Container(501).NumItems,2) + !IntegerGreaterThan(Container(501).NumItems,3) + System.GetBool(filelists.showparentdiritems)]">Conditional</animation>
        <animation effect="slide" end="-167" time="400" tween="cubic" easing="inout" condition="[Skin.HasSetting(ThumbnailVideoSmall) + IntegerGreaterThan(Container(501).NumItems,4) + !IntegerGreaterThan(Container(501).NumItems,5) + !System.GetBool(filelists.showparentdiritems)] | [Skin.HasSetting(ThumbnailVideoSmall) + IntegerGreaterThan(Container(501).NumItems,3) + !IntegerGreaterThan(Container(501).NumItems,4) + System.GetBool(filelists.showparentdiritems)]">Conditional</animation>
        <animation effect="slide" end="-84" time="400" tween="cubic" easing="inout" condition="[Skin.HasSetting(ThumbnailVideoSmall) + IntegerGreaterThan(Container(501).NumItems,5) + !IntegerGreaterThan(Container(501).NumItems,6) + !System.GetBool(filelists.showparentdiritems)] | [Skin.HasSetting(ThumbnailVideoSmall) + IntegerGreaterThan(Container(501).NumItems,4) + !IntegerGreaterThan(Container(501).NumItems,5) + System.GetBool(filelists.showparentdiritems)]">Conditional</animation>
        <animation effect="slide" end="-496" time="400" tween="cubic" easing="inout" condition="[!Skin.HasSetting(ThumbnailVideoSmall) + !IntegerGreaterThan(Container(501).NumItems,1) + !System.GetBool(filelists.showparentdiritems)] | [!Skin.HasSetting(ThumbnailVideoSmall) + !IntegerGreaterThan(Container(501).NumItems,0) + System.GetBool(filelists.showparentdiritems)]">Conditional</animation>
        <animation effect="slide" end="-372" time="400" tween="cubic" easing="inout" condition="[!Skin.HasSetting(ThumbnailVideoSmall) + IntegerGreaterThan(Container(501).NumItems,1) + !IntegerGreaterThan(Container(501).NumItems,2) + !System.GetBool(filelists.showparentdiritems)] | [!Skin.HasSetting(ThumbnailVideoSmall) + IntegerGreaterThan(Container(501).NumItems,0) + !IntegerGreaterThan(Container(501).NumItems,1) + System.GetBool(filelists.showparentdiritems)]">Conditional</animation>
        <animation effect="slide" end="-248" time="400" tween="cubic" easing="inout" condition="[!Skin.HasSetting(ThumbnailVideoSmall) + IntegerGreaterThan(Container(501).NumItems,2) + !IntegerGreaterThan(Container(501).NumItems,3) + !System.GetBool(filelists.showparentdiritems)] | [!Skin.HasSetting(ThumbnailVideoSmall) + IntegerGreaterThan(Container(501).NumItems,1) + !IntegerGreaterThan(Container(501).NumItems,2) + System.GetBool(filelists.showparentdiritems)]">Conditional</animation>
        <animation effect="slide" end="-124" time="400" tween="cubic" easing="inout" condition="[!Skin.HasSetting(ThumbnailVideoSmall) + IntegerGreaterThan(Container(501).NumItems,3) + !IntegerGreaterThan(Container(501).NumItems,4) + !System.GetBool(filelists.showparentdiritems)] | [!Skin.HasSetting(ThumbnailVideoSmall) + IntegerGreaterThan(Container(501).NumItems,2) + !IntegerGreaterThan(Container(501).NumItems,3) + System.GetBool(filelists.showparentdiritems)]">Conditional</animation>
    </include>

    <!-- =========== -->
    <!-- Guide Views -->
    <!-- =========== -->

    <include name="CommonViewAnimations">
        <animation type="WindowOpen" reversible="false">
            <effect type="fade" start="0" end="100" time="300" tween="sine" easing="in" />
            <effect type="zoom" start="50" end="100" time="400" center="auto" tween="back" easing="out" />
        </animation>
        <animation type="Visible" condition="IsEmpty(Window(home).property(NoAnimation)) + !Window.Next(visualisation)" reversible="false">
            <effect type="fade" start="0" end="100" time="300" delay="300" tween="sine" easing="in" />
            <effect type="zoom" start="115" end="100" time="300" delay="300" center="auto" tween="sine" easing="out" />
        </animation>
        <include>GuideNoAnimation</include>
        <animation type="Hidden" reversible="false">
            <effect type="zoom" start="100" end="115" center="auto" tween="sine" delay="0" easing="out" time="300" />
            <effect type="fade" start="100" end="0" tween="cubic" easing="out" delay="0" time="300" />
        </animation>
        <animation type="WindowClose" reversible="false">
            <effect type="fade" start="100" end="0" time="300" tween="sine" easing="out" />
            <effect type="zoom" start="100" end="85" time="300" center="auto" tween="sine" easing="out" />
        </animation>
    </include>

    <include name="BannerListAnimations">
        <animation type="WindowOpen" reversible="false">
            <effect type="fade" start="0" end="100" tween="sine" easing="in" time="250" />
            <effect type="zoom" start="50" end="100" center="960,540" tween="sine" easing="out" time="350" />
        </animation>
        <animation type="WindowClose" reversible="false">
            <effect type="fade" start="100" end="0" time="300" tween="sine" easing="out" />
            <effect type="zoom" start="100" end="75" time="300" center="auto" tween="sine" easing="out" />
        </animation>
        <animation type="Visible" reversible="false">
            <effect type="fade" start="0" end="100" delay="300" tween="sine" easing="in" time="250" />
            <effect type="zoom" start="50" end="100" delay="300" center="960,540" tween="sine" easing="out" time="350" />
        </animation>
        <animation type="Hidden" reversible="false">
            <effect type="fade" start="100" end="0" time="300" tween="sine" easing="out" />
            <effect type="zoom" start="100" end="75" time="300" center="auto" tween="sine" easing="out" />
        </animation>
        <animation type="Conditional" condition="!Window.IsActive(movieinformation) + !Window.IsActive(musicinformation) + !Window.IsActive(1122) + !Window.IsActive(script-Actors-DialogInfo.xml) + !Window.IsActive(script-Actors-DialogVideoInfo.xml) + IsEmpty(Window(Home).Property(script.metadata.actors.hasparent)) + !Window.IsActive(favourites)" reversible="false">
            <effect type="fade" start="0" end="100" time="300" delay="350" tween="sine" easing="in" />
            <effect type="zoom" start="115" end="100" time="300" delay="350" center="auto" tween="sine" easing="out" />
        </animation>
        <animation type="Conditional" condition="Window.IsActive(movieinformation) | Window.IsActive(musicinformation) | Window.IsActive(1122) | Window.IsActive(script-Actors-DialogInfo.xml) | Window.IsActive(script-Actors-DialogVideoInfo.xml) | !IsEmpty(Window(Home).Property(script.metadata.actors.hasparent)) | Window.IsActive(favourites)" reversible="false">
            <effect type="zoom" start="100" end="115" center="auto" tween="sine" delay="0" easing="out" time="300" />
            <effect type="fade" start="100" end="0" tween="cubic" easing="out" delay="0" time="300" />
        </animation>
    </include>

    <include name="BannerListInfoAnimation">
        <animation type="WindowOpen" reversible="false">
            <effect type="fade" start="0" end="100" time="300" tween="sine" easing="in"  />
            <effect type="slide" start="0,-75" end="0,0" time="350" tween="cubic" easing="out" />
        </animation>
        <animation type="Visible" condition="IsEmpty(Window(home).property(NoAnimation)) + !Window.Next(visualisation)" reversible="false">
            <effect type="fade" start="0" end="100" time="300" tween="sine" easing="in" delay="300" />
            <effect type="slide" start="0,-75" end="0,0" time="350" tween="sine" easing="out" delay="300" />
        </animation>
        <include>GuideNoAnimation</include>
        <animation type="WindowClose" reversible="false">
            <effect type="fade" start="100" end="0" time="250" tween="sine" easing="out" />
            <effect type="slide" start="0,0" end="0,-75" time="300" tween="sine" easing="out" />
        </animation>
        <animation type="Hidden" reversible="false">
            <effect type="fade" start="100" end="0" time="250" tween="sine" easing="out" />
            <effect type="slide" start="0,0" end="0,-75" time="300" tween="sine" easing="out" />
        </animation>
    </include>

    <include name="BannerListInfoAnimationMusicOSD">
        <animation type="WindowOpen" reversible="false">
            <effect type="fade" start="0" end="100" time="300" tween="sine" easing="in"  />
            <effect type="slide" start="0,-75" end="0,0" time="350" tween="cubic" easing="out" />
        </animation>
        <animation type="Visible" condition="IsEmpty(Window(home).property(NoAnimation)) + !Window.Next(visualisation)" reversible="false">
            <effect type="fade" start="0" end="100" time="300" tween="sine" easing="in" />
            <effect type="slide" start="0,-75" end="0,0" time="350" tween="sine" easing="out" />
        </animation>
        <include>GuideNoAnimation</include>
        <animation type="WindowClose" reversible="false">
            <effect type="fade" start="100" end="0" time="250" tween="sine" easing="out" />
            <effect type="slide" start="0,0" end="0,-75" time="300" tween="sine" easing="out" />
        </animation>
        <animation type="Hidden" reversible="false">
            <effect type="fade" start="100" end="0" time="250" tween="sine" easing="out" />
            <effect type="slide" start="0,0" end="0,-75" time="300" tween="sine" easing="out" />
        </animation>
    </include>

    <include name="BannerListInfoAnimationNoOpenClose">
        <animation type="Visible" condition="IsEmpty(Window(home).property(NoAnimation)) + !Window.Next(visualisation)" reversible="false">
            <effect type="fade" start="0" end="100" time="300" tween="sine" easing="in" delay="300" />
            <effect type="slide" start="0,-75" end="0,0" time="350" tween="sine" easing="out" delay="300" />
        </animation>
        <animation type="Hidden" reversible="false">
            <effect type="fade" start="100" end="0" time="250" tween="sine" easing="out" />
            <effect type="slide" start="0,0" end="0,-75" time="300" tween="sine" easing="out" />
        </animation>
    </include>

    <!-- ====================== -->
    <!-- Media Guide Animations -->
    <!-- ====================== -->

    <include name="guidelistfocusanim">
        <animation effect="fade" start="50" end="100" time="500" tween="sine" easing="inout" reversible="false" condition="Container(9100).OnPrevious | Container(91022).OnPrevious | Container(9105).OnPrevious | Container(9106).OnPrevious | Container(450).OnPrevious">focus</animation>
        <animation effect="fade" start="50" end="100" time="500" tween="sine" easing="inout" reversible="false" condition="Container(9100).OnNext | Container(91022).OnNext | Container(9105).OnNext | Container(9106).OnNext | Container(450).OnNext">focus</animation>
    </include>
    <include name="guidelistfocusanim2">
        <animation effect="slide" start="0,64" end="0,0" time="300" reversible="false" tween="back" easing="out" condition="Container(9100).OnPrevious | Container(91022).OnPrevious | Container(9105).OnPrevious | Container(9106).OnPrevious | Container(450).OnPrevious">focus</animation>
        <animation effect="slide" start="0,-64" end="0,0" time="300" reversible="false" tween="back" easing="out" condition="Container(9100).OnNext | Container(91022).OnNext | Container(9105).OnNext | Container(9106).OnNext | Container(450).OnNext">focus</animation>
    </include>

    <include name="LeftBlade">
        <animation type="WindowOpen" reversible="false">
            <effect type="fade" start="0" end="100" time="175" delay="300" tween="sine" easing="out" />
            <effect type="slide" start="70" end="-59" time="175" delay="300" tween="sine" easing="out" />
            <effect type="zoom" start="100" end="95" center="499,540" time="175" delay="300" tween="sine" easing="out" />
        </animation>
        <animation type="WindowClose" reversible="false">
            <effect type="fade" start="100" end="0" time="100" tween="sine" easing="in" />
            <effect type="slide" start="0" end="200" time="100" tween="sine" easing="in" />
        </animation>
        <animation type="Conditional" condition="[Control.HasFocus(9105) | Control.HasFocus(9110)] + IsEmpty(Window.property(right))" reversible="false">
            <effect type="slide" start="0" end="-55" time="175" tween="sine" easing="out" />
            <effect type="zoom" start="100" end="95" center="439,540" time="175" tween="sine" easing="out" />
        </animation>
        <animation type="Conditional" condition="Control.HasFocus(9106)" reversible="false">
            <effect type="slide" start="-55" end="-106" time="175" tween="sine" easing="out" />
            <effect type="zoom" start="95" end="90" center="439,540" time="175" tween="sine" easing="out" />
        </animation>
        <animation type="Conditional" condition="[Control.HasFocus(9105) | Control.HasFocus(9110)] + !IsEmpty(Window.property(right))" reversible="false">
            <effect type="slide" start="-106" end="-55" time="175" tween="sine" easing="in" />
            <effect type="zoom" start="90" end="95" center="439,540" time="175" tween="sine" easing="in" />
        </animation>
        <animation type="Conditional" condition="Control.HasFocus(9100) + !IsEmpty(Window.Property(center))" reversible="false">
            <effect type="slide" start="-55" end="0" time="175" tween="sine" easing="in" />
            <effect type="zoom" start="95" end="100" center="439,540" time="175" tween="sine" easing="in" />
        </animation>
        <animation type="Conditional" condition="[[ControlGroup(9102).HasFocus | ControlGroup(9108).HasFocus | ControlGroup(9109).HasFocus | ControlGroup(9120).HasFocus] + IsEmpty(Window.property(left))]" reversible="false">
            <effect type="slide" start="0" end="59" time="175" tween="sine" easing="in" />
            <effect type="zoom" start="100" end="105.2631579" center="439,540" time="175" tween="sine" easing="in" />
        </animation>
        <animation type="Conditional" condition="Control.HasFocus(9103)" reversible="false">
            <effect type="fade" start="100" end="0" time="100" delay="75" tween="sine" easing="in" />
            <effect type="zoom" start="105.263" end="105.263" center="439,540" time="0" />
            <effect type="slide" start="59" end="129" time="175" tween="sine" easing="in" />
        </animation>
        <animation type="Conditional" condition="[[ControlGroup(9102).HasFocus | ControlGroup(9108).HasFocus | ControlGroup(9109).HasFocus | ControlGroup(9120).HasFocus] + !IsEmpty(Window.property(left))]" reversible="false">
            <effect type="fade" start="0" end="100" time="100" tween="sine" easing="out" />
            <effect type="zoom" start="105.2631579" end="105.2631579" center="439,540" time="0" />
            <effect type="slide" start="129" end="59" time="175" tween="sine" easing="out" />
        </animation>
        <animation type="Conditional" condition="Control.HasFocus(9100) + IsEmpty(Window.Property(center))" reversible="false">
            <effect type="slide" start="59" end="0" time="175" tween="sine" easing="out" />
            <effect type="zoom" start="105.2631579" end="100" center="439,540" time="175" tween="sine" easing="out" />
        </animation>
    </include>

    <include name="LeftBlade2">
        <animation type="WindowOpen" reversible="false">
            <effect type="fade" start="0" end="100" time="175" delay="300" tween="sine" easing="out" />
            <effect type="slide" start="140" end="0" time="175" delay="300" tween="sine" easing="out" />
        </animation>
        <animation type="WindowClose" reversible="false">
            <effect type="fade" start="100" end="0" time="100" tween="sine" easing="in" />
            <effect type="slide" start="0" end="200" time="100" tween="sine" easing="in" />
        </animation>
        <animation type="Conditional" condition="[Control.HasFocus(9105) | Control.HasFocus(9110)] + IsEmpty(Window.property(right))" reversible="false">
            <effect type="slide" start="0" end="-59" time="175" tween="sine" easing="out" />
            <effect type="zoom" start="100" end="95" center="499,540" time="175" tween="sine" easing="out" />
        </animation>
        <animation type="Conditional" condition="Control.HasFocus(9106)" reversible="false">
            <effect type="slide" start="-59" end="-114" time="175" tween="sine" easing="out" />
            <effect type="zoom" start="95" end="90" center="499,540" time="175" tween="sine" easing="out" />
        </animation>
        <animation type="Conditional" condition="[Control.HasFocus(9105) | Control.HasFocus(9110)] + !IsEmpty(Window.property(right))" reversible="false">
            <effect type="slide" start="-114" end="-59" time="175" tween="sine" easing="in" />
            <effect type="zoom" start="90" end="95" center="499,540" time="175" tween="sine" easing="in" />
        </animation>
        <animation type="Conditional" condition="Control.HasFocus(9100) + !IsEmpty(Window.Property(center))" reversible="false">
            <effect type="slide" start="-59" end="0" time="175" tween="sine" easing="in" />
            <effect type="zoom" start="95" end="100" center="499,540" time="175" tween="sine" easing="in" />
        </animation>
        <animation type="Conditional" condition="[[ControlGroup(9102).HasFocus | ControlGroup(9108).HasFocus | ControlGroup(9109).HasFocus | ControlGroup(9120).HasFocus] + IsEmpty(Window.property(left))]" reversible="false">
            <effect type="fade" start="100" end="0" time="100" delay="75" tween="sine" easing="in" />
            <effect type="slide" start="0" end="70" time="175" tween="sine" easing="in" />
        </animation>
        <animation type="Conditional" condition="Control.HasFocus(9103) | [[ControlGroup(9102).HasFocus | ControlGroup(9108).HasFocus | ControlGroup(9109).HasFocus | ControlGroup(9120).HasFocus] + !IsEmpty(Window.property(left))]" reversible="false">
            <effect type="fade" start="100" end="0" time="0" />
        </animation>
        <animation type="Conditional" condition="Control.HasFocus(9100) + IsEmpty(Window.Property(center))" reversible="false">
            <effect type="fade" start="0" end="100" time="100" tween="sine" easing="out" />
            <effect type="slide" start="70" end="0" time="175" tween="sine" easing="out" />
        </animation>
    </include>

    <include name="LeftBlade3">
        <animation type="Conditional" condition="[Control.HasFocus(9100) + IsEmpty(Window.Property(center))] | ControlGroup(9102).HasFocus | Control.HasFocus(9103) | ControlGroup(9108).HasFocus | ControlGroup(9109).HasFocus | ControlGroup(9120).HasFocus" reversible="false">
            <effect type="fade" start="100" end="0" time="0" />
        </animation>
        <animation type="WindowClose" reversible="false">
            <effect type="fade" start="100" end="0" time="100" tween="sine" easing="in" />
            <effect type="slide" start="0" end="200" time="100" tween="sine" easing="in" />
        </animation>
        <animation type="Conditional" condition="[Control.HasFocus(9105) | Control.HasFocus(9110)] + IsEmpty(Window.property(right))" reversible="false">
            <effect type="fade" start="0" end="100" time="100" tween="sine" easing="out" />
            <effect type="slide" start="70" end="0" time="175" tween="sine" easing="out" />
        </animation>
        <animation type="Conditional" condition="Control.HasFocus(9106)" reversible="false">
            <effect type="slide" start="0" end="-59" time="175" tween="sine" easing="out" />
            <effect type="zoom" start="100" end="95" center="499,540" time="175" tween="sine" easing="out" />
        </animation>
        <animation type="Conditional" condition="[Control.HasFocus(9105) | Control.HasFocus(9110)] + !IsEmpty(Window.property(right))" reversible="false">
            <effect type="slide" start="-59" end="0" time="175" tween="sine" easing="in" />
            <effect type="zoom" start="95" end="100" center="499,540" time="175" tween="sine" easing="in" />
        </animation>
        <animation type="Conditional" condition="Control.HasFocus(9100) + !IsEmpty(Window.Property(center))" reversible="false">
            <effect type="fade" start="100" end="0" time="100" delay="75" tween="sine" easing="in" />
            <effect type="slide" start="0" end="70" time="175" tween="sine" easing="in" />
        </animation>
    </include>

    <include name="LeftBlade4">
        <animation type="Conditional" condition="Control.HasFocus(9100) | ControlGroup(9102).HasFocus | Control.HasFocus(9103) | [[Control.HasFocus(9105) | Control.HasFocus(9110)] + IsEmpty(Window.property(right))] | ControlGroup(9108).HasFocus | ControlGroup(9109).HasFocus | ControlGroup(9120).HasFocus" reversible="false">
            <effect type="fade" start="100" end="0" time="0" />
        </animation>
        <animation type="WindowClose" reversible="false">
            <effect type="fade" start="100" end="0" time="100" tween="sine" easing="in" />
            <effect type="slide" start="0" end="200" time="100" tween="sine" easing="in" />
        </animation>
        <animation type="Conditional" condition="Control.HasFocus(9106)" reversible="false">
            <effect type="fade" start="0" end="100" time="100" tween="sine" easing="out" />
            <effect type="slide" start="70" end="0" time="175" tween="sine" easing="out" />
        </animation>
        <animation type="Conditional" condition="[Control.HasFocus(9105) | Control.HasFocus(9110)] + !IsEmpty(Window.property(right))" reversible="false">
            <effect type="fade" start="100" end="0" time="100" delay="75" tween="sine" easing="in" />
            <effect type="slide" start="0" end="70" time="175" tween="sine" easing="in" />
        </animation>
    </include>

    <include name="RightBlade">
        <animation type="WindowOpen" reversible="false">
            <effect type="fade" start="0" end="100" time="175" delay="300" tween="sine" easing="out" />
            <effect type="slide" start="-70" end="59" time="175" delay="300" tween="sine" easing="out" />
            <effect type="zoom" start="100" end="95" center="1421,540" time="175" delay="300" tween="sine" easing="out" />
        </animation>
        <animation type="WindowClose" reversible="false">
            <effect type="fade" start="100" end="0" time="100" tween="sine" easing="in" />
            <effect type="slide" start="0" end="-200" time="100" tween="sine" easing="in" />
        </animation>
        <animation type="Conditional" condition="[[ControlGroup(9102).HasFocus | ControlGroup(9108).HasFocus | ControlGroup(9109).HasFocus | ControlGroup(9120).HasFocus] + IsEmpty(Window.property(left))]" reversible="false">
            <effect type="slide" start="0" end="55" time="175" tween="sine" easing="out" />
            <effect type="zoom" start="100" end="95" center="1481,540" time="175" tween="sine" easing="out" />
        </animation>
        <animation type="Conditional" condition="Control.HasFocus(9103)" reversible="false">
            <effect type="slide" start="55" end="106" time="175" tween="sine" easing="out" />
            <effect type="zoom" start="95" end="90" center="1481,540" time="175" tween="sine" easing="out" />
        </animation>
        <animation type="Conditional" condition="[[ControlGroup(9102).HasFocus | ControlGroup(9108).HasFocus | ControlGroup(9109).HasFocus | ControlGroup(9120).HasFocus] + !IsEmpty(Window.property(left))]" reversible="false">
            <effect type="slide" start="106" end="55" time="175" tween="sine" easing="in" />
            <effect type="zoom" start="90" end="95" center="1481,540" time="175" tween="sine" easing="in" />
        </animation>
        <animation type="Conditional" condition="Control.HasFocus(9100) + IsEmpty(Window.Property(center))" reversible="false">
            <effect type="slide" start="55" end="0" time="175" tween="sine" easing="in" />
            <effect type="zoom" start="95" end="100" center="1481,540" time="175" tween="sine" easing="in" />
        </animation>
        <animation type="Conditional" condition="[Control.HasFocus(9105) | Control.HasFocus(9110)] + IsEmpty(Window.property(right))" reversible="false">
            <effect type="slide" start="0" end="-59" time="175" tween="sine" easing="in" />
            <effect type="zoom" start="100" end="105.2631579" center="1481,540" time="175" tween="sine" easing="in" />
        </animation>
        <animation type="Conditional" condition="Control.HasFocus(9106)" reversible="false">
            <effect type="fade" start="100" end="0" time="100" delay="75" tween="sine" easing="in" />
            <effect type="zoom" start="105.2631579" end="105.2631579" center="1481,540" time="0" />
            <effect type="slide" start="-59" end="-129" time="175" tween="sine" easing="in" />
        </animation>
        <animation type="Conditional" condition="[Control.HasFocus(9105) | Control.HasFocus(9110)] + !IsEmpty(Window.property(right))" reversible="false">
            <effect type="fade" start="0" end="100" time="100" tween="sine" easing="out" />
            <effect type="zoom" start="105.2631579" end="105.2631579" center="1481,540" time="0" />
            <effect type="slide" start="-129" end="-59" time="175" tween="sine" easing="out" />
        </animation>
        <animation type="Conditional" condition="Control.HasFocus(9100) + !IsEmpty(Window.Property(center))" reversible="false">
            <effect type="slide" start="-59" end="0" time="175" tween="sine" easing="out" />
            <effect type="zoom" start="105.2631579" end="100" center="1481,540" time="175" tween="sine" easing="out" />
        </animation>
    </include>

    <include name="RightBlade2">
        <animation type="WindowOpen" reversible="false">
            <effect type="fade" start="0" end="100" time="175" delay="300" tween="sine" easing="out" />
            <effect type="slide" start="-140" end="0" time="175" delay="300" tween="sine" easing="out" />
        </animation>
        <animation type="WindowClose" reversible="false">
            <effect type="fade" start="100" end="0" time="100" tween="sine" easing="in" />
            <effect type="slide" start="0" end="-200" time="100" tween="sine" easing="in" />
        </animation>
        <animation type="Conditional" condition="[[ControlGroup(9102).HasFocus | ControlGroup(9108).HasFocus | ControlGroup(9109).HasFocus | ControlGroup(9120).HasFocus] + IsEmpty(Window.property(left))]" reversible="false">
            <effect type="slide" start="0" end="59" time="175" tween="sine" easing="out" />
            <effect type="zoom" start="100" end="95" center="1421,540" time="175" tween="sine" easing="out" />
        </animation>
        <animation type="Conditional" condition="Control.HasFocus(9103)" reversible="false">
            <effect type="slide" start="59" end="114" time="175" tween="sine" easing="out" />
            <effect type="zoom" start="95" end="90" center="1421,540" time="175" tween="sine" easing="out" />
        </animation>
        <animation type="Conditional" condition="[[ControlGroup(9102).HasFocus | ControlGroup(9108).HasFocus | ControlGroup(9109).HasFocus | ControlGroup(9120).HasFocus] + !IsEmpty(Window.property(left))]" reversible="false">
            <effect type="slide" start="114" end="59" time="175" tween="sine" easing="in" />
            <effect type="zoom" start="90" end="95" center="1421,540" time="175" tween="sine" easing="in" />
        </animation>
        <animation type="Conditional" condition="Control.HasFocus(9100) + IsEmpty(Window.Property(center))" reversible="false">
            <effect type="slide" start="59" end="0" time="175" tween="sine" easing="in" />
            <effect type="zoom" start="95" end="100" center="1421,540" time="175" tween="sine" easing="in" />
        </animation>
        <animation type="Conditional" condition="[Control.HasFocus(9105) | Control.HasFocus(9110)] + IsEmpty(Window.property(right))" reversible="false">
            <effect type="fade" start="100" end="0" time="100" delay="75" tween="sine" easing="in" />
            <effect type="slide" start="0" end="-70" time="175" tween="sine" easing="in" />
        </animation>
        <animation type="Conditional" condition="Control.HasFocus(9106) | [[Control.HasFocus(9105) | Control.HasFocus(9110)] + !IsEmpty(Window.property(right))]" reversible="false">
            <effect type="fade" start="100" end="0" time="0" />
        </animation>
        <animation type="Conditional" condition="Control.HasFocus(9100) + !IsEmpty(Window.Property(center))" reversible="false">
            <effect type="fade" start="0" end="100" time="100" tween="sine" easing="out" />
            <effect type="slide" start="-70" end="0" time="175" tween="sine" easing="out" />
        </animation>
    </include>

    <include name="RightBlade3">
        <animation type="Conditional" condition="[Control.HasFocus(9100) + !IsEmpty(Window.Property(center))] | Control.HasFocus(9105) | Control.HasFocus(9110) | Control.HasFocus(9106)" reversible="false">
            <effect type="fade" start="100" end="0" time="0" />
        </animation>
        <animation type="WindowClose" reversible="false">
            <effect type="fade" start="100" end="0" time="100" tween="sine" easing="in" />
            <effect type="slide" start="0" end="-200" time="100" tween="sine" easing="in" />
        </animation>
        <animation type="Conditional" condition="[[ControlGroup(9102).HasFocus | ControlGroup(9108).HasFocus | ControlGroup(9109).HasFocus | ControlGroup(9120).HasFocus] + IsEmpty(Window.property(left))]" reversible="false">
            <effect type="fade" start="0" end="100" time="100" tween="sine" easing="out" />
            <effect type="slide" start="-70" end="0" time="175" tween="sine" easing="out" />
        </animation>
        <animation type="Conditional" condition="Control.HasFocus(9103)" reversible="false">
            <effect type="slide" start="0" end="59" time="175" tween="sine" easing="out" />
            <effect type="zoom" start="100" end="95" center="1421,540" time="175" tween="sine" easing="out" />
        </animation>
        <animation type="Conditional" condition="[[ControlGroup(9102).HasFocus | ControlGroup(9108).HasFocus | ControlGroup(9109).HasFocus | ControlGroup(9120).HasFocus] + !IsEmpty(Window.property(left))]" reversible="false">
            <effect type="slide" start="59" end="0" time="175" tween="sine" easing="in" />
            <effect type="zoom" start="95" end="100" center="1421,540" time="175" tween="sine" easing="in" />
        </animation>
        <animation type="Conditional" condition="Control.HasFocus(9100) + IsEmpty(Window.Property(center))" reversible="false">
            <effect type="fade" start="100" end="0" time="100" delay="75" tween="sine" easing="in" />
            <effect type="slide" start="0" end="-70" time="175" tween="sine" easing="in" />
        </animation>
    </include>

    <include name="RightBlade4">
        <animation type="Conditional" condition="Control.HasFocus(9100) | [[ControlGroup(9102).HasFocus | ControlGroup(9108).HasFocus() | ControlGroup(9109).HasFocus()] + IsEmpty(Window.property(left))] | Control.HasFocus(9105) | Control.HasFocus(9110) | Control.HasFocus(9106) | ControlGroup(9108).HasFocus | ControlGroup(9109).HasFocus | ControlGroup(9120).HasFocus" reversible="false">
            <effect type="fade" start="100" end="0" time="0" />
        </animation>
        <animation type="WindowClose" reversible="false">
            <effect type="fade" start="100" end="0" time="100" tween="sine" easing="in" />
            <effect type="slide" start="0" end="-200" time="100" tween="sine" easing="in" />
        </animation>
        <animation type="Conditional" condition="Control.HasFocus(9103)" reversible="false">
            <effect type="fade" start="0" end="100" time="100" tween="sine" easing="out" />
            <effect type="slide" start="-70" end="0" time="175" tween="sine" easing="out" />
        </animation>
        <animation type="Conditional" condition="[[ControlGroup(9102).HasFocus | ControlGroup(9108).HasFocus | ControlGroup(9109).HasFocus | ControlGroup(9120).HasFocus] + !IsEmpty(Window.property(left))]" reversible="false">
            <effect type="fade" start="100" end="0" time="100" delay="75" tween="sine" easing="in" />
            <effect type="slide" start="0" end="-70" time="175" tween="sine" easing="in" />
        </animation>
    </include>

    <include name="MediaGuideAnimations">
        <animation type="WindowOpen">
            <effect type="fade" start="0" end="100" time="200" tween="sine" easing="out" />
            <effect type="zoom" start="50" end="100" time="350" center="960,540" tween="back" easing="out" />
        </animation>
        <animation type="WindowClose">
            <effect type="zoom" start="100" end="50" time="400" delay="0" center="960,540" tween="back" easing="in" />
            <effect type="fade" start="100" end="0" time="100" delay="300" />
        </animation>
    </include>

    <include name="KeyboardAnimations">
        <animation type="WindowOpen" reversible="false">
            <effect type="zoom" start="75" end="100" center="960,540" easing="out" tween="back" time="300" />
            <effect type="fade" start="0" end="100" time="175" />
        </animation>
        <animation type="WindowClose" reversible="false">
            <effect type="zoom" start="100" end="175" center="960,540" easing="out" tween="sine" time="300" />
            <effect type="fade" start="100" end="0" time="250" easing="out" tween="cubic" />
        </animation>
        <animation type="Visible" reversible="false">
            <effect type="zoom" start="75" end="100" center="960,540" easing="out" tween="back" time="300" />
            <effect type="fade" start="0" end="100" time="175" />
        </animation>
        <animation type="Hidden" reversible="false">
            <effect type="zoom" start="100" end="75" center="960,540" easing="in" tween="back" time="300" />
            <effect type="fade" start="100" end="0" delay="200" time="100" />
        </animation>
    </include>

    <include name="ScreenCalibrationAnimations">
        <animation type="WindowOpen" reversible="false">
            <effect type="zoom" start="115" end="100" center="960,540" easing="inout" tween="sine" time="300" />
            <effect type="fade" start="0" end="100" time="175" />
        </animation>
        <animation type="WindowClose" reversible="false">
            <effect type="zoom" start="100" end="175" center="960,540" easing="out" tween="sine" time="300" />
            <effect type="fade" start="100" end="0" time="250" easing="out" tween="cubic" />
        </animation>
        <animation type="Visible" reversible="false">
            <effect type="zoom" start="115" end="100" center="960,540" easing="inout" tween="sine" time="300" />
            <effect type="fade" start="0" end="100" time="175" />
        </animation>
        <animation type="Hidden" reversible="false">
            <effect type="zoom" start="100" end="75" center="960,540" easing="in" tween="back" time="300" />
            <effect type="fade" start="100" end="0" delay="200" time="100" />
        </animation>
    </include>

    <include name="OptionsAnimations">
        <animation type="Conditional" condition="Controlgroup(9000).HasFocus" reversible="false">
            <effect type="fade" start="0" end="100" time="200" tween="sine" easing="in"  />
            <effect type="slide" start="0,0" end="0,-40" time="300" delay="100" tween="sine" easing="out" />
        </animation>
        <animation type="Conditional" condition="!Controlgroup(9000).HasFocus" reversible="false">
            <effect type="fade" start="100" end="0" time="300" tween="sine" easing="out" />
            <effect type="slide" start="0,-40" end="0,-40" />
        </animation>
        <animation type="WindowClose" reversible="false">
            <effect type="fade" start="100" end="0" time="300" tween="sine" easing="out" />
        </animation>
    </include>

    <include name="GeneralOptionsAnimations">
        <visible allowhiddenfocus="true">!ControlGroup(9222).HasFocus + !ControlGroup(9223).HasFocus</visible>
        <animation type="Visible">
            <effect type="rotatey" start="-180" end="0" center="221,0" time="400" tween="sine" easing="inout" />
            <effect type="fade" start="0" end="100" time="10" delay="200" />
        </animation>
        <animation type="Hidden">
            <effect type="rotatey" start="0" end="-180" center="221,0" time="400" tween="sine" easing="inout" />
            <effect type="fade" start="100" end="0" time="10" delay="200" />
        </animation>
    </include>
    <include name="SpecificOptionsAnimations">
        <visible allowhiddenfocus="true">ControlGroup(9222).HasFocus</visible>
        <animation type="Visible">
            <effect type="rotatey" start="180" end="0" center="221,0" time="400" tween="sine" easing="inout" />
            <effect type="fade" start="0" end="100" time="10" delay="200" />
        </animation>
        <animation type="Hidden">
            <effect type="rotatey" start="0" end="180" center="221,0" time="400" tween="sine" easing="inout" />
            <effect type="fade" start="100" end="0" time="10" delay="200" />
        </animation>
    </include>
    <include name="ViewOptionsAnimations">
        <visible allowhiddenfocus="true">ControlGroup(9223).HasFocus</visible>
        <animation type="Visible">
            <effect type="rotatey" start="180" end="0" center="221,0" time="400" tween="sine" easing="inout" />
            <effect type="fade" start="0" end="100" time="10" delay="200" />
        </animation>
        <animation type="Hidden">
            <effect type="rotatey" start="0" end="180" center="221,0" time="400" tween="sine" easing="inout" />
            <effect type="fade" start="100" end="0" time="10" delay="200" />
        </animation>
    </include>

    <include name="OptionsPanelAnimations">
        <animation type="Conditional" reversible="true" condition="ControlGroup(9222).HasFocus | ControlGroup(9223).HasFocus">
            <effect type="rotatey" start="0" end="-180" center="221,0" tween="sine" easing="inout" time="400" />
        </animation>
    </include>

    <!-- ===== -->
    <!-- Other -->
    <!-- ===== -->

    <include name="listEndAnimation">
        <animation type="Conditional" condition="Window.IsVisible(3008)" reversible="false">
            <effect type="slide" start="0" end="-30" time="75" tween="sine" easing="out" />
            <effect type="slide" start="0" end="30" time="225" tween="sine" delay="100" easing="out" />
        </animation>
        <animation type="Conditional" condition="Window.IsVisible(3009)" reversible="false">
            <effect type="slide" start="0" end="30" time="75" tween="sine" easing="out" />
            <effect type="slide" start="0" end="-30" time="225" tween="sine" delay="100" easing="out" />
        </animation>
    </include>

    <include name="GuideNoAnimation">
        <animation type="Visible" condition="!IsEmpty(Window(home).property(NoAnimation)) | Window.Next(visualisation)" reversible="false">
            <effect type="fade" start="0" end="100" delay="1000" />
        </animation>
    </include>

    <include name="PVRVisibleHiddenAnimation">
        <animation type="Visible">
            <effect type="fade" start="0" end="100" time="300" tween="sine" easing="in" />
            <effect type="slide" start="150" end="0" time="300" center="960,600" tween="quadratic" easing="out" />
        </animation>
        <animation type="Hidden">
            <effect type="fade" start="100" end="0" time="200" tween="sine" easing="out" />
            <effect type="zoom" start="100" end="85" time="200" center="960,600" tween="sine" easing="out" />
        </animation>
    </include>

</includes>
