<?xml version="1.0" encoding="UTF-8"?>
<addon id="skin.xperience1080x" version="3.1.0" name="Xperience1080x" provider-name="xhaggi">
    <requires>
        <import addon="xbmc.gui" version="5.9.0" />
        <import addon="service.skin.widgets" version="0.0.29" />
        <import addon="script.artwork.downloader" version="12.0.29" />
        <import addon="script.tv.show.next.aired" version="6.0.13" />
        <import addon="script.globalsearch" version="4.0.1" />
        <import addon="script.favourites" version="6.0.1" />
        <import addon="script.artistslideshow" version="1.8.2" />
        <import addon="script.videolanguage" version="0.1.0" />
        <import addon="script.randomandlastitems" version="2.2.2" />
    </requires>
    <extension point="xbmc.gui.skin" effectslowdown="1.00" debugging="false">
        <res width="1920" height="1080" aspect="16:9" default="true" folder="1080i" />
    </extension>
    <extension point="xbmc.addon.metadata">
        <summary lang="en">A clean, modern, 1920x1080 panel-based skin</summary>
        <summary lang="de">Ein aufgeräumtes &amp; modernes, Kachel-basiertes Skin in 1920x1080p</summary>
        <summary lang="es">Un 1920x1080 piel limpia, moderna, basada en panel</summary>
        <summary lang="fr">Un habillage net, moderne, en panneaux et 1920 x 1080</summary>
        <summary lang="it">1920x1080 pelle pannello a base di moderno pulito</summary>
        <summary lang="ko">깨끗하고 현대적인 1920x1080 패널 기반 스킨</summary>
        <summary lang="lt">Švari, moderni, 1920x1080 skydeliais paremta teminė išvaizda</summary>
        <summary lang="nl">Een schoon, modern, 1920x1080-panel op basis huid</summary>
        <summary lang="pl">Zrównoważona i nowoczesna skóra oparta na panelach</summary>
        <summary lang="ru">Чистый, современный, 1920x1080 Панель на основе кожи</summary>
        <description lang="en">Xperience1080 provides a clean, fluid, 1920x1080, panel-based interface.[CR]Thanks to: xhaggi, Black</description>
        <description lang="de">Xperience1080 bietet eine aufgeräumte, Kachel-basierte Widescreen-Benutzeroberfläche. [CR] Dank an: xhaggi, Black</description>
        <description lang="es">Xperience1080 proporciona un ancho completo, interfaz limpia, basado en paneles.[CR]Gracias a: xhaggi, Black</description>
        <description lang="fr">Xperience1080 propose une interface nette, pleine largeur et en panneaux.[CR]Merci à : xhaggi, Black</description>
        <description lang="it">Xperience1080 fornisce, a tutta larghezza, interfaccia del pannello a base di pulito.[CR]Grazie a: xhaggi, Black</description>
        <description lang="ko">Xperience1080 는 깨끗하며 전체 넓이를 지원하는 패널 기반의 인터페이스 입니다.[CR]Thank to: xhaggi, Black</description>
        <description lang="lt">Xperience1080 suteikia švarią, pilno pločio, skydeliais paremtą sąsają.[CR]Dėkojame: xhaggi, Black</description>
        <description lang="nl">Xperience1080 biedt een schone, over de volledige breedte, panel-based interface.[CR]Dankzij: xhaggi, Black</description>
        <description lang="pl">Xperience1080 zapewnia zrównoważony interfejs, oparta na panelach pełnej szerokości.[CR]Podziękowania dla: xhaggi, Black</description>
        <description lang="ru">Xperience1080 обеспечивает чистый, полной ширины, интерфейс панели на основе.[CR]Благодаря: xhaggi, Black</description>
        <disclaimer lang="en">Mouse and Touch inputs are not supported</disclaimer>
        <disclaimer lang="de">Maus und Touch-Eingaben werden nicht unterstützt</disclaimer>
        <disclaimer lang="es">El ratón y el Touch no son compatibles</disclaimer>
        <disclaimer lang="fr">Entrées souris et le toucher sont pas pris en charge</disclaimer>
        <disclaimer lang="ko">마우스 및 터치 입력이 지원되지 않습니다</disclaimer>
        <disclaimer lang="lt">Pelės ir Touch įėjimai yra nepalaikomas</disclaimer>
        <disclaimer lang="it">Ingressi mouse e touch non sono supportati</disclaimer>
        <disclaimer lang="nl">Muis en Touch-ingangen worden niet ondersteund</disclaimer>
        <disclaimer lang="pl">Wejścia myszy i dotykowe nie są obsługiwane</disclaimer>
        <disclaimer lang="ru">Входы мыши и сенсорных не поддерживаются</disclaimer>
        <platform>all</platform>
        <license>Creative Commons Attribution-Noncommercial-Share Alike 3.0</license>
        <forum>http://forum.xbmc.org/showthread.php?tid=146690</forum>
        <source>https://github.com/xhaggi/Xperience1080</source>
    </extension>
</addon>
