<?xml version="1.0" encoding="utf-8"?>
<window>
    <defaultcontrol always="true">4000</defaultcontrol>
    <onload>SetFocus(4001)</onload>
    <controls>
        <control type="group">
            <posx>0</posx>
            <posy>0</posy>
            <width>1920</width>
            <height>1080</height>
            <animation type="WindowOpen" condition="Window.IsActive(movieinformation)">
                <effect type="slide" start="1920" end="0" time="500" delay="0" tween="sine" easing="inout" />
            </animation>
            <animation type="WindowClose" condition="Window.IsActive(movieinformation)">
                <effect type="zoom" start="100" end="75" center="640,540" time="250" tween="sine" easing="inout" />
                <effect type="slide" end="2320" time="500" delay="0" tween="sine" easing="inout" />
            </animation>   
            <control type="group" id="33000">
                <visible>false</visible>
            </control>

            <!-- MovieDB Logo -->
            <control type="image">
                <posx>1659</posx>
                <posy>34</posy>
                <width>161</width>
                <aspectratio align="right" aligny="center">center</aspectratio>
                <height>120</height>
                <texture background="true">dialogs/extendedinfo/moviedb-logo.png</texture>
                <colordiffuse>aawhite</colordiffuse>
            </control>

            <!-- Header -->
            <control type="group">
                <animation effect="fade" start="0" end="100" time="300" tween="sine" delay="300" easing="in" condition="!Window.IsActive(movieinformation)">WindowOpen</animation>

                <!-- Actor Name Title -->        
                <control type="label">
                    <posx>118</posx>
                    <posy>51</posy>
                    <width>1490</width>
                    <height>100</height>
                    <label>$INFO[Window.Property(Title)]</label>
                    <font>Font-Condensed-S75</font>
                    <textcolor>aawhite</textcolor>
                    <align>left</align>
                    <scroll>false</scroll>
                    <include>visiblehidefadeinfo</include>
                    <visible>!Player.HasMedia + !Window.IsActive(infodialog) + !Window.IsActive(extendedprogressdialog)</visible>
                </control>
                <control type="label">
                    <posx>118</posx>
                    <posy>51</posy>
                    <width>832</width>
                    <height>100</height>
                    <label>$INFO[Window.Property(Title)]</label>
                    <font>Font-Condensed-S75</font>
                    <textcolor>aawhite</textcolor>
                    <align>left</align>
                    <scroll>false</scroll>
                    <include>visiblehidefadeinfo</include>
                    <visible>Player.HasMedia | Window.IsActive(infodialog) | Window.IsActive(extendedprogressdialog)</visible>
                </control>  

                <!-- Header Item Labels -->
                <control type="grouplist">
                    <posx>65</posx>
                    <posy>144</posy>
                    <width>1920</width>
                    <height>60</height>
                    <orientation>horizontal</orientation>
                    <itemgap>20</itemgap>
                    <usecontrolcoords>true</usecontrolcoords>

                    <!-- Left Arrow Label -->
                    <control type="label">
                        <posx>0</posx>
                        <posy>0</posy>
                        <width>45</width>
                        <height>60</height>
                        <label>←</label>
                        <font>Font-Condensed-S45</font>
                        <textcolor>eewhite</textcolor>
                        <align>left</align>
                        <scroll>false</scroll>
                        <include>visiblehidefadeinfo</include>
                        <animation effect="fade" start="100" end="0" tween="sine" easing="inout" time="300" condition="ControlGroup(1500).HasFocus | ControlGroup(2500).HasFocus | ControlGroup(5500).HasFocus | ControlGroup(6500).HasFocus | ControlGroup(4500).HasFocus | ControlGroup(7500).HasFocus">Conditional</animation>
                    </control>

                    <!-- Biography Label -->
                    <control type="label">
                        <posx>-12</posx>
                        <posy>0</posy>
                        <width min="50" max="400">auto</width>
                        <height>60</height>
                        <label>$LOCALIZE[21887]</label>
                        <font>Font-Condensed-S45</font>
                        <textcolor>eewhite</textcolor>
                        <align>left</align>
                        <scroll>false</scroll>  
                        <animation effect="fade" start="100" end="50" time="200" tween="sine" easing="inout" condition="ControlGroup(1500).HasFocus | ControlGroup(2500).HasFocus | ControlGroup(5500).HasFocus | ControlGroup(6500).HasFocus | ControlGroup(4500).HasFocus | ControlGroup(7500).HasFocus">Conditional</animation>
                    </control>

                    <!-- Known Film Roles -->
                    <control type="label">
                        <posx>0</posx>
                        <posy>0</posy>
                        <width min="50" max="400">auto</width>
                        <height>60</height>
                        <label>$LOCALIZE[31011]</label>
                        <font>Font-Condensed-S45</font>
                        <textcolor>eewhite</textcolor>
                        <align>left</align>
                        <scroll>false</scroll>  
                        <animation effect="fade" start="100" end="50" time="200" tween="sine" easing="inout" condition="!ControlGroup(1500).HasFocus">Conditional</animation>
                        <visible>IntegerGreaterThan(Container(150).NumItems,0)</visible>
                    </control>

                    <!-- Known TV Roles -->
                    <control type="label">
                        <posx>0</posx>
                        <posy>0</posy>
                        <width min="50" max="400">auto</width>
                        <height>60</height>
                        <label>$LOCALIZE[31017]</label>
                        <font>Font-Condensed-S45</font>
                        <textcolor>eewhite</textcolor>
                        <align>left</align>
                        <scroll>false</scroll>  
                        <animation effect="fade" start="100" end="50" time="200" tween="sine" easing="inout" condition="!ControlGroup(2500).HasFocus">Conditional</animation>
                        <visible>IntegerGreaterThan(Container(250).NumItems,0)</visible>
                    </control> 

                    <!-- Known Movie Crew -->
                    <control type="label">
                        <posx>0</posx>
                        <posy>0</posy>
                        <width min="50" max="400">auto</width>
                        <height>60</height>
                        <label>$LOCALIZE[31015]</label>
                        <font>Font-Condensed-S45</font>
                        <textcolor>eewhite</textcolor>
                        <align>left</align>
                        <scroll>false</scroll>  
                        <animation effect="fade" start="100" end="50" time="200" tween="sine" easing="inout" condition="!ControlGroup(5500).HasFocus">Conditional</animation>
                        <visible>IntegerGreaterThan(Container(550).NumItems,0)</visible>
                    </control>  

                    <!-- Known TV Crew -->
                    <control type="label">
                        <posx>0</posx>
                        <posy>0</posy>
                        <width min="50" max="400">auto</width>
                        <height>60</height>
                        <label>$LOCALIZE[31018]</label>
                        <font>Font-Condensed-S45</font>
                        <textcolor>eewhite</textcolor>
                        <align>left</align>
                        <scroll>false</scroll>  
                        <animation effect="fade" start="100" end="50" time="200" tween="sine" easing="inout" condition="!ControlGroup(6500).HasFocus">Conditional</animation>
                        <visible>IntegerGreaterThan(Container(650).NumItems,0)</visible>
                    </control>                                         

                    <!-- Artwork -->
                    <control type="label">
                        <posx>0</posx>
                        <posy>0</posy>
                        <width min="50" max="400">auto</width>
                        <height>60</height>
                        <label>$ADDON[script.extendedinfo 32119]</label>
                        <font>Font-Condensed-S45</font>
                        <textcolor>eewhite</textcolor>
                        <align>left</align>
                        <scroll>false</scroll>  
                        <animation effect="fade" start="100" end="50" time="200" tween="sine" easing="inout" condition="!ControlGroup(4500).HasFocus">Conditional</animation>
                        <visible>IntegerGreaterThan(Container(450).NumItems,0)</visible>
                    </control>

                    <!-- Fanart -->
                    <control type="label">
                        <posx>0</posx>
                        <posy>0</posy>
                        <width min="50" max="400">auto</width>
                        <height>60</height>
                        <label>$LOCALIZE[20445]</label>
                        <font>Font-Condensed-S45</font>
                        <textcolor>eewhite</textcolor>
                        <align>left</align>
                        <scroll>false</scroll>  
                        <animation effect="fade" start="100" end="50" time="200" tween="sine" easing="inout" condition="!ControlGroup(7500).HasFocus">Conditional</animation>
                        <visible>IntegerGreaterThan(Container(750).NumItems,0)</visible>
                    </control>                                                          
                </control>
                
                <!-- Default control list -->
                <control type="grouplist" id="4000">
                    <orientation>horizontal</orientation>
     
                    <!-- Biography -->
                    <control type="group" id="4001">
                        <animation type="Focus" condition="!Control.IsVisible(70) | Control.HasFocus(150)">
                            <effect type="slide" start="2320" end="0" time="800" delay="0" tween="sine" easing="inout" />
                            <effect type="fade" time="600" delay="200" />
                        </animation>
                        <animation type="UnFocus">
                            <effect type="slide" start="0" end="-2320" time="1000" delay="0" tween="sine" easing="inout" />
                            <effect type="fade" time="600" delay="200" />
                        </animation>                          
                        <onright condition="!Control.IsVisible(70) + IntegerGreaterThan(Container(150).NumItems,0)">150</onright>
                        <onleft>Close</onleft>
                        <height>1080</height>
                        <pagecontrol>70</pagecontrol>
                        <visible>!ControlGroup(1500).HasFocus | !ControlGroup(2500).HasFocus | !ControlGroup(5500).HasFocus | !ControlGroup(6500).HasFocus | !ControlGroup(4500).HasFocus | !ControlGroup(7500).HasFocus</visible>

                        <!-- Actor Image --> 
                        <control type="image">
                            <posx>100</posx>
                            <posy>220</posy>
                            <width>440</width>
                            <height>686</height>
                            <aspectratio aligny="top">scale</aspectratio>
                            <texture fallback="views/fallbacks/DefaultActor.png/medium.png">$INFO[Window.Property(Thumb)]</texture>
                        </control>

                        <!-- Actor Image Shadow -->                
                        <control type="image">
                            <description>Shadow</description>
                            <posx>57</posx>
                            <posy>900</posy>
                            <width>526</width>
                            <height>125</height>
                            <texture>windows/home/item-shadow.png</texture>
                        </control>

                        <!-- Actor information -->
                        <control type="group">
                            <posx>575</posx>
                            <posy>245</posy>
                            <width>1240</width>
                            <height>700</height>
                            <animation effect="fade" start="0" end="100" time="300" tween="sine" delay="300" easing="in" condition="!Window.IsActive(movieinformation)">WindowOpen</animation>
                            <control type="grouplist">
                                <posx>0</posx>
                                <posy>0</posy>
                                <width>1240</width>
                                <height>700</height>
                                <itemgap>0</itemgap>
                                <control type="label">
                                    <width>1240</width>
                                    <height>70</height>
                                    <font>Font-Condensed-S45</font>
                                    <align>left</align>
                                    <label>$INFO[Window.Property(Title)]</label>
                                    <textcolor>aawhite</textcolor>
                                    <scroll>false</scroll>
                                </control>

                                <!-- Date Born -->
                                <control type="group">
                                    <width>1240</width>
                                    <height>50</height>
                                    <visible>!IsEmpty(Window.Property(Birthday))</visible>
                                    <control type="label">
                                        <posx>0</posx>
                                        <posy>0</posy>
                                        <width>220</width>
                                        <height>50</height>
                                        <font>Font-Condensed-S34</font>
                                        <align>left</align>
                                        <label>[B]$LOCALIZE[31008]:[/B]</label>
                                        <textcolor>aawhite</textcolor>
                                        <scroll>false</scroll>
                                    </control>
                                    <control type="label">
                                        <posx>220</posx>
                                        <posy>0</posy>
                                        <width>1020</width>
                                        <height>50</height>
                                        <font>Font-Condensed-S34</font>
                                        <align>left</align>
                                        <label>$INFO[Window.Property(Birthday)]</label>
                                        <textcolor>aawhite</textcolor>
                                        <scroll>false</scroll>
                                    </control>
                                </control>

                                <!-- Date Died -->
                                <control type="group">
                                    <width>1240</width>
                                    <height>50</height>
                                    <visible>!IsEmpty(Window.Property(Deathday))</visible>
                                    <control type="label">
                                        <posx>0</posx>
                                        <posy>0</posy>
                                        <width>220</width>
                                        <height>50</height>
                                        <font>Font-Condensed-S34</font>
                                        <align>left</align>
                                        <label>[B]$LOCALIZE[31009]:[/B]</label>
                                        <textcolor>aawhite</textcolor>
                                        <scroll>false</scroll>
                                    </control>
                                    <control type="label">
                                        <posx>220</posx>
                                        <posy>0</posy>
                                        <width>1020</width>
                                        <height>50</height>
                                        <font>Font-Condensed-S34</font>
                                        <align>left</align>
                                        <label>$INFO[Window.Property(Deathday)]</label>
                                        <textcolor>aawhite</textcolor>
                                        <scroll>false</scroll>
                                    </control>
                                </control>

                                <!-- Place of Birth -->
                                <control type="group">
                                    <width>1240</width>
                                    <height>50</height>
                                    <visible>!IsEmpty(Window.Property(PlaceOfBirth))</visible>
                                    <control type="label">
                                        <posx>0</posx>
                                        <posy>0</posy>
                                        <width>220</width>
                                        <height>50</height>
                                        <font>Font-Condensed-S34</font>
                                        <align>left</align>
                                        <label>[B]$ADDON[script.extendedinfo 32014]:[/B]</label>
                                        <textcolor>aawhite</textcolor>
                                        <scroll>false</scroll>
                                    </control>
                                    <control type="label">
                                        <posx>220</posx>
                                        <posy>0</posy>
                                        <width>1020</width>
                                        <height>50</height>
                                        <font>Font-Condensed-S34</font>
                                        <align>left</align>
                                        <label>$INFO[Window.Property(PlaceOfBirth)]</label>
                                        <textcolor>aawhite</textcolor>
                                        <scroll>false</scroll>
                                    </control>
                                </control>

                                <!-- Also known as -->
                                <control type="group">
                                    <width>1240</width>
                                    <height>50</height>
                                    <visible>!IsEmpty(Window.Property(AlsoKnownAs))</visible>
                                    <control type="label">
                                        <posx>0</posx>
                                        <posy>0</posy>
                                        <width>220</width>
                                        <height>50</height>
                                        <font>Font-Condensed-S34</font>
                                        <align>left</align>
                                        <label>[B]$ADDON[script.extendedinfo 32016]:[/B]</label>
                                        <textcolor>aawhite</textcolor>
                                        <scroll>false</scroll>
                                    </control>
                                    <control type="label">
                                        <posx>220</posx>
                                        <posy>0</posy>
                                        <width>1020</width>
                                        <height>50</height>
                                        <font>Font-Condensed-S34</font>
                                        <align>left</align>
                                        <label>$INFO[Window.Property(AlsoKnownAs)]</label>
                                        <textcolor>aawhite</textcolor>
                                        <scroll>false</scroll>
                                    </control>
                                </control>
                            </control>

                            <!-- Biography -->  
                            <control type="group">
                                <width>1240</width>
                                <height>50</height>
                                <posy>295</posy>
                                <orientation>horizontal</orientation>
                                <control type="label">
                                    <posy>0</posy>
                                    <width>1240</width>
                                    <font>Font-Condensed-S34</font>
                                    <align>left</align>
                                    <label>[B]$LOCALIZE[31324][/B]</label>
                                    <textcolor>aawhite</textcolor>
                                    <scroll>false</scroll>
                                </control>
                                <control type="textbox">
                                    <description>Description</description>
                                    <posx>0</posx>
                                    <posy>50</posy>
                                    <width>1240</width>
                                    <height>270</height>
                                    <font>Font-Condensed-S40</font>
                                    <align>justify</align>
                                    <textcolor>bbwhite</textcolor>
                                    <pagecontrol>70</pagecontrol>
                                    <autoscroll time="2000" delay="15000" repeat="10000">!Control.HasFocus(70) + !Skin.HasSetting(AutoScroll.Disable)</autoscroll>
                                    <label>$INFO[Window.Property(Biography)][CR][CR][CR][CR][CR][CR][CR][CR][CR][CR][CR][CR][CR][CR][CR][CR][CR][CR]-MovieDB</label>
                                    <visible>!IsEmpty(Window.Property(Biography))</visible>
                                </control>
                                <control type="label">
                                    <posx>0</posx>
                                    <posy>50</posy>
                                    <width>1240</width>
                                    <font>Font-Condensed-S40</font>
                                    <align>left</align>
                                    <label>$LOCALIZE[31329]</label>
                                    <textcolor>bbwhite</textcolor>
                                    <scroll>false</scroll>
                                    <visible>IsEmpty(Window.Property(Biography))</visible>
                                </control>
                                <control type="image">
                                    <description>Scrollbar background</description>
                                    <posx>1260</posx>
                                    <posy>65</posy>
                                    <width>6</width>
                                    <height>244</height>
                                    <texture border="1">views/other/scrollbar-sq.png</texture>
                                    <visible>Control.IsVisible(70)</visible>
                                    <animation effect="fade" start="25" end="10" time="300" tween="sine" easing="inout" condition="!Control.HasFocus(70)">Conditional</animation>
                                </control>
                                <control type="scrollbar" id="70">
                                    <description>Scrollbar</description>
                                    <posx>1260</posx>
                                    <posy>65</posy>
                                    <width>6</width>
                                    <height>244</height>
                                    <onleft>Close</onleft>
                                    <onright condition="IntegerGreaterThan(Container(150).NumItems,0)">150</onright>
                                    <texturesliderbar border="1">views/other/scrollbar-sq.png</texturesliderbar>
                                    <texturesliderbarfocus border="1">views/other/scrollbar-sq.png</texturesliderbarfocus>
                                    <orientation>vertical</orientation>
                                    <showonepage>false</showonepage>
                                    <visible allowhiddenfocus="false">!IsEmpty(Window.Property(Biography))</visible>
                                    <animation effect="fade" start="80" end="35" time="300" tween="sine" easing="inout" condition="!Control.HasFocus(70)">Conditional</animation>
                                </control>
                            </control>              
                        </control>          
                    </control>

                    <!-- 1500 - Known Film Roles -->
                    <control type="group" id="1500">
                        <animation type="Focus">
                            <effect type="slide" start="2320" end="0" time="800" delay="0" tween="sine" easing="inout" />
                            <effect type="fade" time="600" delay="200" />
                        </animation>
                        <animation type="UnFocus">
                            <effect type="slide" start="0" end="-2320" time="0" delay="0" tween="sine" easing="inout" />
                            <effect type="fade" time="0" delay="0" />
                        </animation>
                        <animation type="Focus" condition="Control.HasFocus(70) | Control.HasFocus(4001)">
                            <effect type="slide" start="2320" end="0" time="800" delay="0" tween="sine" easing="inout" />
                            <effect type="fade" time="600" delay="200" />
                        </animation>
                        <animation type="UnFocus" condition="Control.HasFocus(70) | Control.HasFocus(4001)">
                            <effect type="slide" start="0" end="-2320" time="800" delay="0" tween="sine" easing="inout" />
                            <effect type="fade" time="600" delay="200" />
                        </animation>                        
                        <visible allowhiddenfocus="true">IntegerGreaterThan(Container(150).NumItems,0)</visible>
                        <posx>0</posx>
                        <posy>0</posy>
                        <width>1920</width>
                        <height>1080</height>
                        <control type="list" id="150">
                            <posx>83</posx>
                            <posy>234</posy>
                            <width>1215</width>
                            <height>660</height>
                            <onleft>4001</onleft>
                            <onright>250</onright>
                            <onup>150</onup>
                            <ondown>150</ondown>
                            <pagecontrol>151</pagecontrol>
                            <scrolltime tween="cubic" easing="out">500</scrolltime>
                            <orientation>vertical</orientation>
                            <!-- Layout -->
                            <itemlayout height="60">
                                <!-- Item is in Library -->
                                <control type="image">
                                    <posx>0</posx>
                                    <posy>16</posy>
                                    <width>23</width>
                                    <height>28</height>
                                    <texture>views/other/isInLibrary.png</texture>
                                    <colordiffuse>aawhite</colordiffuse>
                                    <visible>!IsEmpty(ListItem.Property(DBID))</visible>
                                </control>
                                <!-- Item name and role -->
                                <control type="label">
                                    <posx>35</posx>
                                    <posy>0</posy>
                                    <width>1180</width>
                                    <height>60</height>
                                    <label>$INFO[ListItem.Year,, ]$INFO[ListItem.Label][COLOR=77FFFFFF]$INFO[ListItem.Property(Character), ... ,][/COLOR]</label>
                                    <font>Font-Condensed-S40</font>
                                    <textcolor>aawhite</textcolor>
                                    <selectedcolor>eewhite</selectedcolor>
                                    <align>left</align>
                                    <aligny>center</aligny>
                                    <scroll>false</scroll>
                                </control>
                            </itemlayout>
                            <!-- Focused Layout -->
                            <focusedlayout height="60">
                                <!-- Item is in Library -->
                                <control type="image">
                                    <posx>0</posx>
                                    <posy>16</posy>
                                    <width>23</width>
                                    <height>28</height>
                                    <texture>views/other/isInLibrary.png</texture>
                                    <colordiffuse>eewhite</colordiffuse>
                                    <visible>!IsEmpty(ListItem.Property(DBID))</visible>
                                </control>
                                <!-- Item name and role -->
                                <control type="label">
                                    <posx>35</posx>
                                    <posy>0</posy>
                                    <width>1180</width>
                                    <height>60</height>
                                    <label>$INFO[ListItem.Year,, ]$INFO[ListItem.Label][COLOR=77FFFFFF]$INFO[ListItem.Property(Character), ... ,][/COLOR]</label>
                                    <font>Font-Condensed-S40</font>
                                    <textcolor>eewhite</textcolor>
                                    <selectedcolor>eewhite</selectedcolor>
                                    <align>left</align>
                                    <aligny>center</aligny>
                                    <scroll>false</scroll>
                                </control>
                            </focusedlayout>
                        </control>

                        <!-- Scrollbar -->
                        <control type="image">
                            <description>Scrollbar background</description>
                            <posx>1330</posx>
                            <posy>220</posy>
                            <width>6</width>
                            <height>687</height>
                            <texture border="1">views/other/scrollbar-sq.png</texture>
                            <visible>Control.IsVisible(151) + !ControlGroup(4001).HasFocus</visible>
                            <animation effect="fade" start="25" end="10" time="300" tween="sine" easing="inout" condition="!Control.HasFocus(151)">Conditional</animation>
                        </control>
                        <control type="scrollbar" id="151">
                            <description>Scrollbar</description>
                            <posx>1330</posx>
                            <posy>220</posy>
                            <width>6</width>
                            <height>687</height>
                            <onleft>150</onleft>
                            <onright condition="IntegerGreaterThan(Container(250).NumItems,0)">250</onright>
                            <texturesliderbar border="1">views/other/scrollbar-sq.png</texturesliderbar>
                            <texturesliderbarfocus border="1">views/other/scrollbar-sq.png</texturesliderbarfocus>
                            <orientation>vertical</orientation>
                            <showonepage>false</showonepage>
                            <animation effect="fade" start="80" end="35" time="300" tween="sine" easing="inout" condition="!Control.HasFocus(151)">Conditional</animation>
                            <visible>!ControlGroup(4001).HasFocus</visible>
                        </control>

                        <!-- Item Image -->
                        <control type="image">
                            <description>150 Image</description>
                            <posx>1348</posx>
                            <posy>220</posy>
                            <width>458</width>
                            <height>687</height>
                            <texture background="true" fallback="views/fallbacks/DefaultVideo.png/large.png">$INFO[Container(150).ListItem.Icon]</texture>
                            <fadetime>300</fadetime>
                            <aspectratio>scale</aspectratio>
                        </control>
                        <control type="image">
                            <description>Shadow</description>
                            <posx>1305</posx>
                            <posy>900</posy>
                            <width>544</width>
                            <height>125</height>
                            <texture>windows/home/item-shadow.png</texture>
                        </control>
                    </control>

                    <!-- 2500 - Known TV Roles -->
                    <control type="group" id="2500">
                        <animation type="Focus">
                            <effect type="slide" start="2320" end="0" time="800" delay="0" tween="sine" easing="inout" />
                            <effect type="fade" time="600" delay="200" />
                        </animation>
                        <animation type="UnFocus">
                            <effect type="slide" start="0" end="-2320" time="1000" delay="0" tween="sine" easing="inout" />
                            <effect type="fade" time="600" delay="200" />
                        </animation>   
                        <posx>0</posx>
                        <posy>0</posy>
                        <width>1920</width>
                        <height>1080</height>
                        <visible>IntegerGreaterThan(Container(250).NumItems,0)</visible>
                        <control type="list" id="250">
                            <posx>83</posx>
                            <posy>234</posy>
                            <width>1215</width>
                            <height>660</height>
                            <onleft>150</onleft>
                            <onright>550</onright>
                            <onup>250</onup>
                            <ondown>250</ondown>
                            <pagecontrol>251</pagecontrol>
                            <scrolltime tween="cubic" easing="out">500</scrolltime>
                            <orientation>vertical</orientation>
                            <!-- Layout -->
                            <itemlayout height="60">
                                <!-- Item is in Library -->
                                <control type="image">
                                    <posx>0</posx>
                                    <posy>16</posy>
                                    <width>23</width>
                                    <height>28</height>
                                    <texture>views/other/isInLibrary.png</texture>
                                    <colordiffuse>aawhite</colordiffuse>
                                    <visible>!IsEmpty(ListItem.Property(DBID))</visible>
                                </control>
                                <!-- Item name and role -->
                                <control type="label">
                                    <posx>35</posx>
                                    <posy>0</posy>
                                    <width>1180</width>
                                    <height>60</height>
                                    <label>$INFO[ListItem.Year,, ]$INFO[ListItem.Label][COLOR=77FFFFFF]$INFO[ListItem.Property(Character), ... ,][/COLOR]</label>
                                    <font>Font-Condensed-S40</font>
                                    <textcolor>aawhite</textcolor>
                                    <selectedcolor>eewhite</selectedcolor>
                                    <align>left</align>
                                    <aligny>center</aligny>
                                    <scroll>false</scroll>
                                </control>
                            </itemlayout>
                            <!-- Focused Layout -->
                            <focusedlayout height="60">
                                <!-- Item is in Library -->
                                <control type="image">
                                    <posx>0</posx>
                                    <posy>16</posy>
                                    <width>23</width>
                                    <height>28</height>
                                    <texture>views/other/isInLibrary.png</texture>
                                    <colordiffuse>eewhite</colordiffuse>
                                    <visible>!IsEmpty(ListItem.Property(DBID))</visible>
                                </control>
                                <!-- Item name and role -->
                                <control type="label">
                                    <posx>35</posx>
                                    <posy>0</posy>
                                    <width>1180</width>
                                    <height>60</height>
                                    <label>$INFO[ListItem.Year,, ]$INFO[ListItem.Label][COLOR=77FFFFFF]$INFO[ListItem.Property(Character), ... ,][/COLOR]</label>
                                    <font>Font-Condensed-S40</font>
                                    <textcolor>eewhite</textcolor>
                                    <selectedcolor>eewhite</selectedcolor>
                                    <align>left</align>
                                    <aligny>center</aligny>
                                    <scroll>false</scroll>
                                </control>
                            </focusedlayout>
                        </control>

                        <!-- Scrollbar -->
                        <control type="image">
                            <description>Scrollbar background</description>
                            <posx>1330</posx>
                            <posy>220</posy>
                            <width>6</width>
                            <height>687</height>
                            <texture border="1">views/other/scrollbar-sq.png</texture>
                            <visible>Control.IsVisible(251)</visible>
                            <animation effect="fade" start="25" end="10" time="300" tween="sine" easing="inout" condition="!Control.HasFocus(251)">Conditional</animation>
                        </control>
                        <control type="scrollbar" id="251">
                            <description>Scrollbar</description>
                            <posx>1330</posx>
                            <posy>220</posy>
                            <width>6</width>
                            <height>687</height>
                            <onleft>250</onleft>
                            <onright condition="IntegerGreaterThan(Container(550).NumItems,0)">550</onright>
                            <texturesliderbar border="1">views/other/scrollbar-sq.png</texturesliderbar>
                            <texturesliderbarfocus border="1">views/other/scrollbar-sq.png</texturesliderbarfocus>
                            <orientation>vertical</orientation>
                            <showonepage>false</showonepage>
                            <animation effect="fade" start="80" end="35" time="300" tween="sine" easing="inout" condition="!Control.HasFocus(251)">Conditional</animation>
                        </control>

                        <!-- Item Image -->
                        <control type="image">
                            <description>250 Image</description>
                            <posx>1348</posx>
                            <posy>220</posy>
                            <width>458</width>
                            <height>687</height>
                            <texture background="true" fallback="views/fallbacks/DefaultVideo.png/large.png">$INFO[Container(250).ListItem.Icon]</texture>
                            <fadetime>300</fadetime>
                            <aspectratio>scale</aspectratio>
                        </control>
                        <control type="image">
                            <description>Shadow</description>
                            <posx>1305</posx>
                            <posy>900</posy>
                            <width>544</width>
                            <height>125</height>
                            <texture>windows/home/item-shadow.png</texture>
                        </control>
                    </control>

                    <!-- 5500 - Known Movie Crew -->
                    <control type="group" id="5500">
                        <animation type="Focus">
                            <effect type="slide" start="2320" end="0" time="800" delay="0" tween="sine" easing="inout" />
                            <effect type="fade" time="600" delay="200" />
                        </animation>
                        <animation type="UnFocus">
                            <effect type="slide" start="0" end="-2320" time="1000" delay="0" tween="sine" easing="inout" />
                            <effect type="fade" time="600" delay="200" />
                        </animation>    
                        <visible>IntegerGreaterThan(Container(550).NumItems,0)</visible>
                        <posx>0</posx>
                        <posy>0</posy>
                        <width>1920</width>
                        <height>1080</height>
                        <control type="list" id="550">
                            <posx>83</posx>
                            <posy>234</posy>
                            <width>1215</width>
                            <height>660</height>
                            <onleft>250</onleft>
                            <onright>650</onright>
                            <onup>550</onup>
                            <ondown>550</ondown>
                            <pagecontrol>551</pagecontrol>
                            <scrolltime tween="cubic" easing="out">500</scrolltime>
                            <orientation>vertical</orientation>
                            <!-- Layout -->
                            <itemlayout height="60">
                                <!-- Item is in Library -->
                                <control type="image">
                                    <posx>0</posx>
                                    <posy>16</posy>
                                    <width>23</width>
                                    <height>28</height>
                                    <texture>views/other/isInLibrary.png</texture>
                                    <colordiffuse>aawhite</colordiffuse>
                                    <visible>!IsEmpty(ListItem.Property(DBID))</visible>
                                </control>
                                <!-- Item name and role -->
                                <control type="label">
                                    <posx>35</posx>
                                    <posy>0</posy>
                                    <width>1180</width>
                                    <height>60</height>
                                    <label>$INFO[ListItem.Year,, ]$INFO[ListItem.Label][COLOR=77FFFFFF]$INFO[ListItem.Property(Job), ... ,][/COLOR]</label>
                                    <font>Font-Condensed-S40</font>
                                    <textcolor>aawhite</textcolor>
                                    <selectedcolor>eewhite</selectedcolor>
                                    <align>left</align>
                                    <aligny>center</aligny>
                                    <scroll>false</scroll>
                                </control>
                            </itemlayout>
                            <!-- Focused Layout -->
                            <focusedlayout height="60">
                                <!-- Item is in Library -->
                                <control type="image">
                                    <posx>0</posx>
                                    <posy>16</posy>
                                    <width>23</width>
                                    <height>28</height>
                                    <texture>views/other/isInLibrary.png</texture>
                                    <colordiffuse>eewhite</colordiffuse>
                                    <visible>!IsEmpty(ListItem.Property(DBID))</visible>
                                </control>
                                <!-- Item name and role -->
                                <control type="label">
                                    <posx>35</posx>
                                    <posy>0</posy>
                                    <width>1180</width>
                                    <height>60</height>
                                    <label>$INFO[ListItem.Year,, ]$INFO[ListItem.Label][COLOR=77FFFFFF]$INFO[ListItem.Property(Job), ... ,][/COLOR]</label>
                                    <font>Font-Condensed-S40</font>
                                    <textcolor>eewhite</textcolor>
                                    <selectedcolor>eewhite</selectedcolor>
                                    <align>left</align>
                                    <aligny>center</aligny>
                                    <scroll>false</scroll>
                                </control>
                            </focusedlayout>
                        </control>

                        <!-- Scrollbar -->
                        <control type="image">
                            <description>Scrollbar background</description>
                            <posx>1330</posx>
                            <posy>220</posy>
                            <width>6</width>
                            <height>687</height>
                            <texture border="1">views/other/scrollbar-sq.png</texture>
                            <visible>Control.IsVisible(551)</visible>
                            <animation effect="fade" start="25" end="10" time="300" tween="sine" easing="inout" condition="!Control.HasFocus(551)">Conditional</animation>
                        </control>
                        <control type="scrollbar" id="551">
                            <description>Scrollbar</description>
                            <posx>1330</posx>
                            <posy>220</posy>
                            <width>6</width>
                            <height>687</height>
                            <onleft>250</onleft>
                            <onright condition="IntegerGreaterThan(Container(650).NumItems,0)">650</onright>
                            <texturesliderbar border="1">views/other/scrollbar-sq.png</texturesliderbar>
                            <texturesliderbarfocus border="1">views/other/scrollbar-sq.png</texturesliderbarfocus>
                            <orientation>vertical</orientation>
                            <showonepage>false</showonepage>
                            <animation effect="fade" start="80" end="35" time="300" tween="sine" easing="inout" condition="!Control.HasFocus(551)">Conditional</animation>
                        </control>

                        <!-- Item Image -->
                        <control type="image">
                            <description>550 Image</description>
                            <posx>1348</posx>
                            <posy>220</posy>
                            <width>458</width>
                            <height>687</height>
                            <texture background="true" fallback="views/fallbacks/DefaultVideo.png/large.png">$INFO[Container(550).ListItem.Icon]</texture>
                            <fadetime>300</fadetime>
                            <aspectratio>scale</aspectratio>
                        </control>
                        <control type="image">
                            <description>Shadow</description>
                            <posx>1305</posx>
                            <posy>900</posy>
                            <width>544</width>
                            <height>125</height>
                            <texture>windows/home/item-shadow.png</texture>
                        </control>                                
                    </control>

                    <!-- 6500 - Known TV Crew -->
                    <control type="group" id="6500">
                        <animation type="Focus">
                            <effect type="slide" start="2320" end="0" time="800" delay="0" tween="sine" easing="inout" />
                            <effect type="fade" time="600" delay="200" />
                        </animation>
                        <animation type="UnFocus">
                            <effect type="slide" start="0" end="-2320" time="1000" delay="0" tween="sine" easing="inout" />
                            <effect type="fade" time="600" delay="200" />
                        </animation>                         
                        <posx>0</posx>
                        <posy>0</posy>
                        <width>1920</width>
                        <height>1080</height>
                        <visible>IntegerGreaterThan(Container(650).NumItems,0)</visible>
                        <control type="list" id="650">
                            <posx>83</posx>
                            <posy>234</posy>
                            <width>1215</width>
                            <height>660</height>
                            <onleft>550</onleft>
                            <onright>450</onright>
                            <onup>650</onup>
                            <ondown>650</ondown>
                            <pagecontrol>651</pagecontrol>
                            <scrolltime tween="cubic" easing="out">500</scrolltime>
                            <orientation>vertical</orientation>
                            <!-- Layout -->
                            <itemlayout height="60">
                                <!-- Item is in Library -->
                                <control type="image">
                                    <posx>0</posx>
                                    <posy>16</posy>
                                    <width>23</width>
                                    <height>28</height>
                                    <texture>views/other/isInLibrary.png</texture>
                                    <colordiffuse>aawhite</colordiffuse>
                                    <visible>!IsEmpty(ListItem.Property(DBID))</visible>
                                </control>
                                <!-- Item name and role -->
                                <control type="label">
                                    <posx>35</posx>
                                    <posy>0</posy>
                                    <width>1180</width>
                                    <height>60</height>
                                    <label>$INFO[ListItem.Label][COLOR=77FFFFFF]$INFO[ListItem.Property(Job), ... ,][/COLOR]</label>
                                    <font>Font-Condensed-S40</font>
                                    <textcolor>aawhite</textcolor>
                                    <selectedcolor>eewhite</selectedcolor>
                                    <align>left</align>
                                    <aligny>center</aligny>
                                    <scroll>false</scroll>
                                </control>
                            </itemlayout>
                            <!-- Focused Layout -->
                            <focusedlayout height="60">
                                <!-- Item is in Library -->    
                                <control type="image">
                                    <posx>0</posx>
                                    <posy>16</posy>
                                    <width>23</width>
                                    <height>28</height>
                                    <texture>views/other/isInLibrary.png</texture>
                                    <colordiffuse>eewhite</colordiffuse>
                                    <visible>!IsEmpty(ListItem.Property(DBID))</visible>
                                </control>
                                <!-- Item name and role -->
                                <control type="label">
                                    <posx>35</posx>
                                    <posy>0</posy>
                                    <width>1180</width>
                                    <height>60</height>
                                    <label>$INFO[ListItem.Label][COLOR=77FFFFFF]$INFO[ListItem.Property(Job), ... ,][/COLOR]</label>
                                    <font>Font-Condensed-S40</font>
                                    <textcolor>eewhite</textcolor>
                                    <selectedcolor>eewhite</selectedcolor>
                                    <align>left</align>
                                    <aligny>center</aligny>
                                    <scroll>false</scroll>
                                </control>
                            </focusedlayout>
                        </control>

                        <!-- Scrollbar -->
                        <control type="image">
                            <description>Scrollbar background</description>
                            <posx>1330</posx>
                            <posy>220</posy>
                            <width>6</width>
                            <height>687</height>
                            <texture border="1">views/other/scrollbar-sq.png</texture>
                            <visible>Control.IsVisible(651)</visible>
                            <animation effect="fade" start="25" end="10" time="300" tween="sine" easing="inout" condition="!Control.HasFocus(651)">Conditional</animation>
                        </control>
                        <control type="scrollbar" id="651">
                            <description>Scrollbar</description>
                            <posx>1330</posx>
                            <posy>220</posy>
                            <width>6</width>
                            <height>687</height>
                            <onleft>550</onleft>
                            <onright condition="IntegerGreaterThan(Container(450).NumItems,0)">450</onright>
                            <texturesliderbar border="1">views/other/scrollbar-sq.png</texturesliderbar>
                            <texturesliderbarfocus border="1">views/other/scrollbar-sq.png</texturesliderbarfocus>
                            <orientation>vertical</orientation>
                            <showonepage>false</showonepage>
                            <animation effect="fade" start="80" end="35" time="300" tween="sine" easing="inout" condition="!Control.HasFocus(651)">Conditional</animation>
                        </control>

                        <!-- Item Image -->
                        <control type="image">
                            <description>650 Image</description>
                            <posx>1348</posx>
                            <posy>220</posy>
                            <width>458</width>
                            <height>687</height>
                            <texture background="true" fallback="views/fallbacks/DefaultVideo.png/large.png">$INFO[Container(650).ListItem.Icon]</texture>
                            <fadetime>300</fadetime>
                            <aspectratio>scale</aspectratio>
                        </control>
                        <control type="image">
                            <description>Shadow</description>
                            <posx>1305</posx>
                            <posy>900</posy>
                            <width>544</width>
                            <height>125</height>
                            <texture>windows/home/item-shadow.png</texture>
                        </control>                                
                    </control>

                    <!-- 350 - YouTube (hidden) -->
                    <control type="group">
                        <visible>false</visible>
                        <height>440</height>
                        <control type="label">
                            <posy>6</posy>
                            <posx>25</posx>
                            <width>500</width>
                            <height>25</height>
                            <aligny>center</aligny>
                            <font>font14</font>
                            <label>$ADDON[script.extendedinfo 32118]$INFO[Container(350).NumItems, (,)]</label>
                        </control>
                        <control type="image">
                            <posx>0</posx>
                            <posy>150</posy>
                            <width>28</width>
                            <height>28</height>
                            <texture colordiffuse="$INFO[Window.Property(movie.ImageColor)]" flipx="true">arrowright.png</texture>
                            <animation effect="slide" start="30,0" end="0,0" time="200">VisibleChange</animation>
                            <animation effect="slide" start="-150" end="0" delay="640" time="320" tween="cubic">WindowOpen</animation>
                            <visible>Container(350).HasPrevious + Control.HasFocus(350)</visible>
                        </control>
                        <control type="image">
                            <posx>1883</posx>
                            <posy>150</posy>
                            <width>28</width>
                            <height>28</height>
                            <texture colordiffuse="$INFO[Window.Property(movie.ImageColor)]">arrowright.png</texture>
                            <animation effect="slide" start="-30,0" end="0,0" time="200">VisibleChange</animation>
                            <animation effect="slide" start="150" end="0" delay="640" time="320" tween="cubic">WindowOpen</animation>
                            <visible>Container(350).HasNext + Control.HasFocus(350)</visible>
                        </control>
                        <control type="panel" id="350">
                            <visible>false</visible>
                            <posx>-45</posx>
                            <posy>30</posy>
                            <width>1950</width>
                            <height>700</height>
                            <onleft>250</onleft>
                            <onright>250</onright>
                            <onup>650</onup>
                            <ondown>450</ondown>
                            <pagecontrol>60</pagecontrol>
                            <scrolltime>300</scrolltime>
                            <orientation>horizontal</orientation>
                            <preloaditems>2</preloaditems>
                            <itemlayout height="410" width="380">
                                <control type="image">
                                    <posy>0</posy>
                                    <posx>50</posx>
                                    <width>373</width>
                                    <height>260</height>
                                    <texture border="40" colordiffuse="$INFO[Window(home).Property(ImageColor)]">buttons/roundedbutton-nofocus.png</texture>
                                </control>
                                <control type="group">
                                    <posx>77</posx>
                                    <posy>18</posy>
                                    <control type="image">
                                        <posy>10</posy>
                                        <width>320</width>
                                        <height>200</height>
                                        <texture background="true" fallback="DefaultVideo.png">$INFO[ListItem.Thumb]</texture>
                                        <aspectratio aligny="center">scale</aspectratio>
                                        <fadetime>0</fadetime>
                                    </control>
                                    <control type="textbox">
                                        <width>323</width>
                                        <height>100</height>
                                        <posx>0</posx>
                                        <posy>227</posy>
                                        <align>center</align>
                                        <font>font12</font>
                                        <textcolor>FFF0F0F0</textcolor>
                                        <info>ListItem.Label</info>
                                    </control>
                                </control>
                            </itemlayout>
                            <focusedlayout height="410" width="380">
                                <control type="image">
                                    <posy>0</posy>
                                    <posx>50</posx>
                                    <width>373</width>
                                    <height>260</height>
                                    <texture border="40" colordiffuse="$INFO[Window(home).Property(ImageColor)]">buttons/roundedbutton-nofocus.png</texture>
                                </control>
                                <control type="image">
                                    <posy>0</posy>
                                    <posx>50</posx>
                                    <width>373</width>
                                    <animation effect="fade" start="0" end="100" time="160">Focus</animation>
                                    <animation effect="fade" start="0" end="100" time="0">UnFocus</animation>
                                    <height>260</height>
                                    <texture border="40" colordiffuse="$INFO[Window(home).Property(ImageColor)]">buttons/roundedbutton-focus.png</texture>
                                </control>
                                <control type="group">
                                    <posx>77</posx>
                                    <posy>18</posy>
                                    <control type="image">
                                        <posy>10</posy>
                                        <width>320</width>
                                        <height>200</height>
                                        <texture background="true" fallback="DefaultVideo.png">$INFO[ListItem.Thumb]</texture>
                                        <aspectratio aligny="center">scale</aspectratio>
                                        <fadetime>0</fadetime>
                                    </control>
                                    <control type="textbox">
                                        <width>323</width>
                                        <height>100</height>
                                        <posx>0</posx>
                                        <posy>227</posy>
                                        <align>center</align>
                                        <font>font12</font>
                                        <textcolor>FFF0F0F0</textcolor>
                                        <info>ListItem.Label</info>
                                    </control>
                                </control>
                            </focusedlayout>
                        </control>
                    </control>

                    <!-- 4500 - Actor Artwork -->
                    <control type="group" id="4500">
                        <animation type="Focus">
                            <effect type="slide" start="2320" end="0" time="800" delay="0" tween="sine" easing="inout" />
                            <effect type="fade" time="600" delay="200" />
                        </animation>
                        <animation type="UnFocus">
                            <effect type="slide" start="0" end="-2320" time="1000" delay="0" tween="sine" easing="inout" />
                            <effect type="fade" time="600" delay="200" />
                        </animation>                        
                        <posx>0</posx>
                        <posy>0</posy>
                        <width>1920</width>
                        <height>1080</height>
                        <visible>IntegerGreaterThan(Container(450).NumItems,0)</visible>
                        <control type="panel" id="450">
                            <posx>43</posx>
                            <posy>234</posy>
                            <width>1260</width>
                            <height>660</height>
                            <onleft>650</onleft>
                            <onright>750</onright>
                            <onup>450</onup>
                            <ondown>450</ondown>
                            <pagecontrol>451</pagecontrol>
                            <scrolltime tween="cubic" easing="out">500</scrolltime>
                            <orientation>vertical</orientation>
                            <!-- Layout -->
                            <itemlayout height="347" width="237">
                                <control type="group">
                                    <!-- Small actor image -->
                                    <control type="image">
                                        <posx>78</posx>
                                        <posy>12</posy>
                                        <width>224</width>
                                        <height>334</height>
                                        <texture background="true" fallback="DefaultVideo.png">$INFO[ListItem.Thumb]</texture>
                                        <aspectratio aligny="center">scale</aspectratio>
                                        <fadetime>0</fadetime>
                                    </control>
                                </control>
                            </itemlayout>
                            <!-- Focused Layout -->
                            <focusedlayout height="347" width="237">
                                <control type="group">
                                    <animation type="Focus">
                                        <effect type="fade" start="93.36" end="100" time="200" tween="sine" easing="in" />
                                    </animation>
                                    <animation type="Unfocus">
                                        <effect type="fade" start="100" end="93.36" time="200" tween="sine" easing="out" />
                                    </animation>
                                    <!-- Focus on image -->
                                    <control type="image">
                                        <posy>0</posy>
                                        <posx>65</posx>
                                        <width>250</width>
                                        <height>360</height>
                                        <texture border="31">views/panel/focus.png</texture>
                                        <animation type="Focus">
                                            <effect type="zoom" start="90" end="100" time="200" tween="sine" easing="inout" center="auto" />
                                            <effect type="fade" start="0" end="100" time="200" tween="sine" easing="in" />
                                        </animation>
                                        <animation type="Unfocus">
                                            <effect type="zoom" start="100" end="90" time="200" tween="sine" easing="inout" center="auto" />
                                            <effect type="fade" start="100" end="0" time="200" tween="sine" easing="out" />
                                        </animation>                                        
                                    </control>
                                    <control type="group">
                                        <!-- Small actor image -->
                                        <control type="image">
                                            <posx>78</posx>
                                            <posy>12</posy>
                                            <width>224</width>
                                            <height>334</height>
                                            <texture background="true" fallback="DefaultVideo.png">$INFO[ListItem.Thumb]</texture>
                                            <aspectratio aligny="center">scale</aspectratio>
                                            <fadetime>0</fadetime>
                                        </control>
                                    </control>
                                </control>
                            </focusedlayout>
                        </control>

                        <!-- Scrollbar -->
                        <control type="image">
                            <description>Scrollbar background</description>
                            <posx>1330</posx>
                            <posy>220</posy>
                            <width>6</width>
                            <height>687</height>
                            <texture border="1">views/other/scrollbar-sq.png</texture>
                            <visible>Control.IsVisible(451)</visible>
                            <animation effect="fade" start="25" end="10" time="300" tween="sine" easing="inout" condition="!Control.HasFocus(451)">Conditional</animation>
                        </control>
                        <control type="scrollbar" id="451">
                            <description>Scrollbar</description>
                            <posx>1330</posx>
                            <posy>220</posy>
                            <width>6</width>
                            <height>687</height>
                            <onleft>450</onleft>
                            <onright condition="!Window.IsVisible(3009)">SetProperty(BounceRight,1,Home)</onright>
                            <texturesliderbar border="1">views/other/scrollbar-sq.png</texturesliderbar>
                            <texturesliderbarfocus border="1">views/other/scrollbar-sq.png</texturesliderbarfocus>
                            <orientation>vertical</orientation>
                            <showonepage>false</showonepage>
                            <animation effect="fade" start="80" end="35" time="300" tween="sine" easing="inout" condition="!Control.HasFocus(451)">Conditional</animation>
                        </control>

                        <!-- Item image -->
                        <control type="image">
                            <description>450 Image</description>
                            <posx>1348</posx>
                            <posy>220</posy>
                            <width>458</width>
                            <height>687</height>
                            <texture background="true" fallback="views/fallbacks/DefaultVideo.png/large.png">$INFO[Container(450).ListItem.Icon]</texture>
                            <fadetime>300</fadetime>
                            <aspectratio>scale</aspectratio>
                        </control>
                        <control type="image">
                            <description>Shadow</description>
                            <posx>1305</posx>
                            <posy>900</posy>
                            <width>544</width>
                            <height>125</height>
                            <texture>windows/home/item-shadow.png</texture>
                        </control>                
                    </control>

                    <!-- 7500 - Actor-related Fanart -->
                    <control type="group" id="7500">
                        <animation type="Focus">
                            <effect type="slide" start="2320" end="0" time="800" delay="0" tween="sine" easing="inout" />
                            <effect type="fade" time="600" delay="200" />
                        </animation>
                        <animation type="UnFocus">
                            <effect type="slide" start="0" end="-2320" time="1000" delay="0" tween="sine" easing="inout" />
                            <effect type="fade" time="600" delay="200" />
                        </animation>                 
                        <posx>0</posx>
                        <posy>0</posy>
                        <width>1920</width>
                        <height>1080</height>
                        <visible>IntegerGreaterThan(Container(750).NumItems,0)</visible>
                        <control type="panel" id="750">
                            <posx>83</posx>
                            <posy>234</posy>
                            <width>1754</width>
                            <height>663</height>
                            <onleft>450</onleft>
                            <onright>noop</onright>
                            <onup>750</onup>
                            <ondown>750</ondown>
                            <pagecontrol>751</pagecontrol>
                            <scrolltime tween="cubic" easing="out">500</scrolltime>
                            <orientation>vertical</orientation>
                            <animation type="WindowOpen" reversible="false">
                                <effect type="slide" start="0,1080" end="0,0" delay="0" tween="sine" time="1300" />
                            </animation>
                            <!-- Layout -->
                            <itemlayout height="220" width="334">
                                <control type="group">
                                    <!-- Landscape images -->
                                    <control type="image">
                                        <posx>37</posx>
                                        <posy>12</posy>
                                        <width>314</width>
                                        <height>200</height>
                                        <texture background="true" fallback="views/fallbacks/DefaultVideo.png/landscape.png">$INFO[ListItem.Thumb]</texture>
                                        <aspectratio aligny="center">scale</aspectratio>
                                    </control>
                                </control>
                            </itemlayout>
                            <!-- Focused Layout -->
                            <focusedlayout height="220" width="334">
                                <control type="group">
                                    <!-- Landscape image -->
                                    <control type="image">
                                        <posy>0</posy>
                                        <posx>24</posx>
                                        <width>340</width>
                                        <height>226</height>
                                        <texture border="31">views/panel/focus.png</texture>
                                        <animation type="Focus">
                                            <effect type="zoom" start="90" end="100" time="200" tween="sine" easing="inout" center="auto" />
                                            <effect type="fade" start="0" end="100" time="200" tween="sine" easing="in" />
                                        </animation>
                                        <animation type="Unfocus">
                                            <effect type="zoom" start="100" end="90" time="200" tween="sine" easing="inout" center="auto" />
                                            <effect type="fade" start="100" end="0" time="200" tween="sine" easing="out" />
                                        </animation> 
                                    </control>
                                    <control type="image">
                                        <posx>37</posx>
                                        <posy>12</posy>
                                        <width>314</width>
                                        <height>200</height>
                                        <texture background="true" fallback="views/fallbacks/DefaultVideo.png/landscape.png">$INFO[ListItem.Thumb]</texture>
                                        <aspectratio aligny="center">scale</aspectratio>
                                    </control>
                                </control>
                            </focusedlayout>
                        </control>

                        <!-- Scrollbar -->
                        <control type="image">
                            <description>Scrollbar background</description>
                            <posx>1845</posx>
                            <posy>220</posy>
                            <width>6</width>
                            <height>687</height>
                            <texture border="1">views/other/scrollbar-sq.png</texture>
                            <visible>Control.IsVisible(751)</visible>
                            <animation effect="fade" start="25" end="10" time="300" tween="sine" easing="inout" condition="!Control.HasFocus(751)">Conditional</animation>
                        </control>
                        <control type="scrollbar" id="751">
                            <description>Scrollbar</description>
                            <posx>1845</posx>
                            <posy>220</posy>
                            <width>6</width>
                            <height>687</height>
                            <onleft>150</onleft>
                            <onright condition="!Window.IsVisible(3009)">SetProperty(BounceRight,1,Home)</onright>
                            <texturesliderbar border="1">views/other/scrollbar-sq.png</texturesliderbar>
                            <texturesliderbarfocus border="1">views/other/scrollbar-sq.png</texturesliderbarfocus>
                            <orientation>vertical</orientation>
                            <showonepage>false</showonepage>
                            <animation effect="fade" start="80" end="35" time="300" tween="sine" easing="inout" condition="!Control.HasFocus(751)">Conditional</animation>
                        </control>
                    </control>
                </control>
            </control>
        </control>
    </controls>
</window>
