<?xml version="1.0" encoding="UTF-8"?>
<window type="dialog" id="3006">
    <defaultcontrol always="true">3</defaultcontrol>
    <controls>
        <control type="group">
            <control type="group">
                <include>KeyboardAnimations</include>
                <control type="label">
                    <description>Heading</description>
                    <posx>473</posx>
                    <posy>218</posy>
                    <width>974</width>
                    <font>Font-Condensed-S34</font>
                    <label>$LOCALIZE[41193]</label>
                    <textcolor>ddwhite</textcolor>
                    <align>center</align>
                </control>
                
                <control type="image">
                    <posx>920</posx>
                    <posy>246</posy>
                    <width>80</width>
                    <height>60</height>
                    <texture>dialogs/default/arrow.png</texture>
                </control>
                <control type="image">
                    <posx>604</posx>
                    <posy>266</posy>
                    <width>712</width>
                    <height>548</height>
                    <texture border="39">dialogs/default/bg.png</texture>
                </control>
                <control type="image">
                	<posx>638</posx>
                	<posy>300</posy>
                	<width>644</width>
                	<height>481</height>
                	<texture border="5">dialogs/default/inner.png</texture>
                </control>
                            
                <control type="list" id="3">
                    <posx>638</posx>
                    <posy>300</posy>
                    <width>644</width>
                    <height>480</height>
                    <onleft>7</onleft>
                    <onright>7</onright>
                    <onup>3</onup>
                    <ondown>3</ondown>
                    <pagecontrol>61</pagecontrol>
                    <scrolltime tween="cubic" easing="out">500</scrolltime>
                    <itemlayout height="60">
                        <control type="image">
                            <posx>0</posx>
                            <posy>1</posy>
                            <width>644</width>
                            <height>60</height>
                            <texture>dialogs/default/separator.png</texture>
                        </control>
                        <control type="label">
                            <posx>20</posx>
                            <posy>0</posy>
                            <width>604</width>
                            <height>60</height>
                            <info>ListItem.Label</info>
                            <font>Font-Condensed-S32</font>
                            <align>left</align>
                            <aligny>center</aligny>
                            <textcolor>FF585858</textcolor>
                            <scroll>false</scroll>
                        </control>
                        <control type="image">
                            <posx>584</posx>
                            <posy>0</posy>
                            <width>60</width>
                            <height>60</height>
                            <texture>dialogs/select/selected.png</texture>
                            <visible>StringCompare(ListItem.Label2,Skin.String(MovieMPAALang))</visible>
                        </control>
                    </itemlayout>
                    <focusedlayout height="60">
                        <control type="group">
                            <visible>!Control.HasFocus(3)</visible>
                            <animation effect="fade" start="0" end="100" time="300" tween="sine" easing="inout" condition="![Container(3).Scrolling | Container(3).OnScrollNext | Container(3).OnScrollPrevious]">Visible</animation>
                            <animation effect="fade" start="100" end="0" time="300" tween="sine" easing="inout" condition="![Container(3).Scrolling | Container(3).OnScrollNext | Container(3).OnScrollPrevious]">Hidden</animation>
                            <control type="image">
                                <posx>0</posx>
                                <posy>1</posy>
                                <width>644</width>
                                <height>60</height>
                                <texture>dialogs/default/separator.png</texture>
                            </control>
                            <control type="label">
                                <posx>20</posx>
                                <posy>0</posy>
                                <width>604</width>
                                <height>60</height>
                                <info>ListItem.Label</info>
                                <font>Font-Condensed-S32</font>
                                <align>left</align>
                                <aligny>center</aligny>
                                <textcolor>FF585858</textcolor>
                                <selectedcolor>FF585858</selectedcolor>
                                <scroll>false</scroll>
                            </control>
                        </control>
                        <control type="group">
                            <visible>Control.HasFocus(3)</visible>
                            <animation effect="fade" start="0" end="100" time="300" tween="sine" easing="inout" condition="![Container(3).Scrolling | Container(3).OnScrollNext | Container(3).OnScrollPrevious]">Visible</animation>
                            <animation effect="fade" start="100" end="0" time="300" tween="sine" easing="inout" condition="![Container(3).Scrolling | Container(3).OnScrollNext | Container(3).OnScrollPrevious]">Hidden</animation>
                            <control type="image">
                                <width>644</width>
                                <height>60</height>
                                <texture border="2">dialogs/default/highlight.png</texture>
                            </control>
                            <control type="label">
                                <posx>20</posx>
                                <posy>0</posy>
                                <width>604</width>
                                <height>60</height>
                                <textcolor>eewhite</textcolor>
                                <info>ListItem.Label</info>
                                <font>Font-Condensed-S32</font>
                                <align>left</align>
                                <aligny>center</aligny>
                            </control>
                        </control>
                        <control type="image">
                            <posx>584</posx>
                            <posy>0</posy>
                            <width>60</width>
                            <height>60</height>
                            <texture>dialogs/select/selected.png</texture>
                            <visible>StringCompare(ListItem.Label2,Skin.String(MovieMPAALang))</visible>
                        </control>
                    </focusedlayout>
                    <content>
                        <item id="1">
                            <description>DE</description>
                            <label>Deutschland</label>
                            <label2>DE</label2>
                            <onclick>Skin.SetString(MovieMPAALang,DE)</onclick>
                            <onclick>PreviousMenu</onclick>
                        </item>
                        <item id="2">
                            <description>IT</description>
                            <label>Italia</label>
                            <label2>IT</label2>
                            <onclick>Skin.SetString(MovieMPAALang,IT)</onclick>
                            <onclick>PreviousMenu</onclick>
                        </item>
                        <item id="39">
                            <description>UK</description>
                            <label>United Kingdom</label>
                            <label2>UK</label2>
                            <onclick>Skin.SetString(MovieMPAALang,UK)</onclick>
                            <onclick>PreviousMenu</onclick>
                        </item>
                        <item id="40">
                            <description>US</description>
                            <label>United States</label>
                            <label2></label2>
                            <onclick>Skin.Reset(MovieMPAALang)</onclick>
                            <onclick>PreviousMenu</onclick>
                        </item>
                    </content>
                </control>
    
                <control type="group" id="8000">
                    <posx>626</posx>
                    <posy>776</posy>
                    <control type="button" id="7">
                        <description>Close</description>
                        <label>$LOCALIZE[42002]</label>
                        <texturefocus>buttons/cancel-fo.png</texturefocus>
                        <texturenofocus>buttons/cancel-nf.png</texturenofocus>
                        <include>DialogButtonDimensions</include>
                        <onclick>Action(close)</onclick>
                        <onleft>7</onleft>
                        <onright>7</onright>
                        <onup>3</onup>
                        <ondown>3</ondown>
                        <animation effect="fade" start="100" end="75" time="0" condition="!Control.IsEnabled(7)">Conditional</animation>
                    </control>
                </control>
            </control>
        </control>
    </controls>
</window>