<?xml version="1.0" encoding="UTF-8"?>
<includes>

    <include name="PanelDialogHomeWidget1">
        <control type="grouplist" id="4">
            <posx>0</posx>
            <posy>0</posy>
            <width>532</width>
            <height>360</height>
            <itemgap>0</itemgap>
            <onup>4</onup>
            <ondown>4</ondown>
            <onleft>5</onleft>
            <onright condition="Control.IsVisible(3)">3</onright>
            <onright condition="!Control.IsVisible(3)">5</onright>
            <scrolltime>0</scrolltime>
            <orientation>vertical</orientation>
            <control type="group" id="2141">
                <description>Fake spin control</description>
                <width>1210</width>
                <height>60</height>
                <control type="image">
                    <posx>0</posx>
                    <posy>0</posy>
                    <width>532</width>
                    <height>60</height>
                    <texture>dialogs/default/separator-btn.png</texture>
                    <aspectratio>stretch</aspectratio>
                    <visible>!ControlGroup(2141).HasFocus</visible>
                </control>
                <control type="image">
                    <posx>0</posx>
                    <posy>0</posy>
                    <width>532</width>
                    <height>60</height>
                    <texture border="2">dialogs/default/highlight.png</texture>
                    <aspectratio>stretch</aspectratio>
                    <visible>ControlGroup(2141).HasFocus</visible>
                </control>
                <control type="button" id="21411">
                    <posx>450</posx>
                    <posy>0</posy>
                    <width>32</width>
                    <height>60</height>
                    <onleft>5</onleft>
                    <onright>21412</onright>
                    <onup>2405</onup>
                    <ondown>21421</ondown>
                    <texturefocus>buttons/spinctrl/arrow-light-down-fo.png</texturefocus>
                    <texturenofocus>buttons/spinctrl/arrow-light-down-nf.png</texturenofocus>
                    <onclick condition="stringcompare(Skin.String(HomeWidget.1.Type),script.randomandlastitems)">Skin.SetString(HomeWidget.1.Type,service.skin.widgets)</onclick>
                    <onclick condition="stringcompare(Skin.String(HomeWidget.1.Type),script.randomandlastitems)">Skin.SetString(HomeWidget.1.TypeName,$LOCALIZE[41550])</onclick>
                    <onclick condition="stringcompare(Skin.String(HomeWidget.1.Type),trendingshows)">Skin.SetString(HomeWidget.1.Type,script.randomandlastitems)</onclick>
                    <onclick condition="stringcompare(Skin.String(HomeWidget.1.Type),trendingshows)">Skin.SetString(HomeWidget.1.TypeName,$LOCALIZE[559])</onclick>
                    <onclick condition="stringcompare(Skin.String(HomeWidget.1.Type),trendingmovies)">Skin.SetString(HomeWidget.1.Type,trendingshows)</onclick>
                    <onclick condition="stringcompare(Skin.String(HomeWidget.1.Type),trendingmovies)">Skin.SetString(HomeWidget.1.TypeName,$LOCALIZE[41174])</onclick>
                    <onclick condition="stringcompare(Skin.String(HomeWidget.1.Type),toprated)">Skin.SetString(HomeWidget.1.Type,trendingmovies)</onclick>
                    <onclick condition="stringcompare(Skin.String(HomeWidget.1.Type),toprated)">Skin.SetString(HomeWidget.1.TypeName,$LOCALIZE[41173])</onclick>
                    <onclick condition="stringcompare(Skin.String(HomeWidget.1.Type),popular)">Skin.SetString(HomeWidget.1.Type,toprated)</onclick>
                    <onclick condition="stringcompare(Skin.String(HomeWidget.1.Type),popular)">Skin.SetString(HomeWidget.1.TypeName,$LOCALIZE[41172])</onclick>
                    <onclick condition="stringcompare(Skin.String(HomeWidget.1.Type),incinema)">Skin.SetString(HomeWidget.1.Type,popular)</onclick>
                    <onclick condition="stringcompare(Skin.String(HomeWidget.1.Type),incinema)">Skin.SetString(HomeWidget.1.TypeName,$LOCALIZE[41171])</onclick>
                    <onclick condition="stringcompare(Skin.String(HomeWidget.1.Type),upcoming)">Skin.SetString(HomeWidget.1.Type,incinema)</onclick>
                    <onclick condition="stringcompare(Skin.String(HomeWidget.1.Type),upcoming)">Skin.SetString(HomeWidget.1.TypeName,$LOCALIZE[41170])</onclick>
                    <onclick condition="stringcompare(Skin.String(HomeWidget.1.Type),service.skin.widgets) + System.HasAddon(script.extendedinfo)">Skin.SetString(HomeWidget.1.Type,upcoming)</onclick>
                    <onclick condition="stringcompare(Skin.String(HomeWidget.1.Type),service.skin.widgets) + System.HasAddon(script.extendedinfo)">Skin.SetString(HomeWidget.1.TypeName,$LOCALIZE[41169])</onclick>
                    <onclick condition="stringcompare(Skin.String(HomeWidget.1.Type),service.skin.widgets) + !System.HasAddon(script.extendedinfo)">Skin.SetString(HomeWidget.1.Type,script.randomandlastitems)</onclick>
                    <onclick condition="stringcompare(Skin.String(HomeWidget.1.Type),service.skin.widgets) + !System.HasAddon(script.extendedinfo)">Skin.SetString(HomeWidget.1.TypeName,$LOCALIZE[559])</onclick>
                    <onclick condition="stringcompare(Skin.String(HomeWidget.1.Type),script.randomandlastitems)">Skin.SetString(HomeWidget.1.Type,service.skin.widgets)</onclick>
                    <onclick condition="stringcompare(Skin.String(HomeWidget.1.Type),script.randomandlastitems)">Skin.SetString(HomeWidget.1.TypeName,$LOCALIZE[41550])</onclick>
                </control>
                <control type="button" id="21412">
                    <posx>482</posx>
                    <posy>0</posy>
                    <width>32</width>
                    <height>60</height>
                    <onleft>21411</onleft>
                    <onright condition="Control.IsVisible(3)">3</onright>
                    <onright condition="!Control.IsVisible(3)">5</onright>
                    <onup>2405</onup>
                    <ondown>21422</ondown>
                    <texturefocus>buttons/spinctrl/arrow-light-up-fo.png</texturefocus>
                    <texturenofocus>buttons/spinctrl/arrow-light-up-nf.png</texturenofocus>
                    <onclick condition="stringcompare(Skin.String(HomeWidget.1.Type),service.skin.widgets)">Skin.SetString(HomeWidget.1.Type,script.randomandlastitems)</onclick>
                    <onclick condition="stringcompare(Skin.String(HomeWidget.1.Type),service.skin.widgets)">Skin.SetString(HomeWidget.1.TypeName,$LOCALIZE[559])</onclick>
                    <onclick condition="stringcompare(Skin.String(HomeWidget.1.Type),upcoming)">Skin.SetString(HomeWidget.1.Type,service.skin.widgets)</onclick>
                    <onclick condition="stringcompare(Skin.String(HomeWidget.1.Type),upcoming)">Skin.SetString(HomeWidget.1.TypeName,$LOCALIZE[41550])</onclick>
                    <onclick condition="stringcompare(Skin.String(HomeWidget.1.Type),incinema)">Skin.SetString(HomeWidget.1.Type,upcoming)</onclick>
                    <onclick condition="stringcompare(Skin.String(HomeWidget.1.Type),incinema)">Skin.SetString(HomeWidget.1.TypeName,$LOCALIZE[41169])</onclick>
                    <onclick condition="stringcompare(Skin.String(HomeWidget.1.Type),popular)">Skin.SetString(HomeWidget.1.Type,incinema)</onclick>
                    <onclick condition="stringcompare(Skin.String(HomeWidget.1.Type),popular)">Skin.SetString(HomeWidget.1.TypeName,$LOCALIZE[41170])</onclick>
                    <onclick condition="stringcompare(Skin.String(HomeWidget.1.Type),toprated)">Skin.SetString(HomeWidget.1.Type,popular)</onclick>
                    <onclick condition="stringcompare(Skin.String(HomeWidget.1.Type),toprated)">Skin.SetString(HomeWidget.1.TypeName,$LOCALIZE[41171])</onclick>
                    <onclick condition="stringcompare(Skin.String(HomeWidget.1.Type),trendingmovies)">Skin.SetString(HomeWidget.1.Type,toprated)</onclick>
                    <onclick condition="stringcompare(Skin.String(HomeWidget.1.Type),trendingmovies)">Skin.SetString(HomeWidget.1.TypeName,$LOCALIZE[41172])</onclick>
                    <onclick condition="stringcompare(Skin.String(HomeWidget.1.Type),trendingshows)">Skin.SetString(HomeWidget.1.Type,trendingmovies)</onclick>
                    <onclick condition="stringcompare(Skin.String(HomeWidget.1.Type),trendingshows)">Skin.SetString(HomeWidget.1.TypeName,$LOCALIZE[41173])</onclick>
                    <onclick condition="stringcompare(Skin.String(HomeWidget.1.Type),script.randomandlastitems) + System.HasAddon(script.extendedinfo)">Skin.SetString(HomeWidget.1.Type,trendingshows)</onclick>
                    <onclick condition="stringcompare(Skin.String(HomeWidget.1.Type),script.randomandlastitems) + System.HasAddon(script.extendedinfo)">Skin.SetString(HomeWidget.1.TypeName,$LOCALIZE[41174])</onclick>
                    <onclick condition="stringcompare(Skin.String(HomeWidget.1.Type),script.randomandlastitems) + !System.HasAddon(script.extendedinfo)">Skin.SetString(HomeWidget.1.Type,service.skin.widgets)</onclick>
                    <onclick condition="stringcompare(Skin.String(HomeWidget.1.Type),script.randomandlastitems) + !System.HasAddon(script.extendedinfo)">Skin.SetString(HomeWidget.1.TypeName,$LOCALIZE[41550])</onclick>
                    <onclick condition="stringcompare(Skin.String(HomeWidget.1.Type),service.skin.widgets)">Skin.SetString(HomeWidget.1.Type,script.randomandlastitems)</onclick>
                    <onclick condition="stringcompare(Skin.String(HomeWidget.1.Type),service.skin.widgets)">Skin.SetString(HomeWidget.1.TypeName,$LOCALIZE[559])</onclick>
                </control>
                <control type="button">
                    <posx>0</posx>
                    <posy>0</posy>
                    <width>455</width>
                    <height>60</height>
                    <align>left</align>
                    <textoffsetx>20</textoffsetx>
                    <font>Font-Condensed-S30</font>
                    <textcolor>FF585858</textcolor>
                    <label>$LOCALIZE[41162]</label>
                    <label2>$INFO[Skin.String(HomeWidget.1.TypeName)]</label2>
                    <visible>!ControlGroup(2141).HasFocus</visible>
                </control>
                <control type="button">
                    <posx>0</posx>
                    <posy>0</posy>
                    <width>455</width>
                    <height>60</height>
                    <align>left</align>
                    <textoffsetx>20</textoffsetx>
                    <font>Font-Condensed-S30</font>
                    <textcolor>eewhite</textcolor>
                    <label>$LOCALIZE[41162]</label>
                    <label2>$INFO[Skin.String(HomeWidget.1.TypeName)]</label2>
                    <visible>ControlGroup(2141).HasFocus</visible>
                </control>
            </control>
            <control type="group" id="2142">
                <description>Fake spin control</description>
                <width>1210</width>
                <height>60</height>
                <animation effect="fade" start="100" end="50" time="0" condition="!stringcompare(Skin.String(HomeWidget.1.Type),script.randomandlastitems)">Conditional</animation>
                <control type="image">
                    <posx>0</posx>
                    <posy>0</posy>
                    <width>532</width>
                    <height>60</height>
                    <texture>dialogs/default/separator-btn.png</texture>
                    <aspectratio>stretch</aspectratio>
                    <visible>!ControlGroup(2142).HasFocus</visible>
                </control>
                <control type="image">
                    <posx>0</posx>
                    <posy>0</posy>
                    <width>532</width>
                    <height>60</height>
                    <texture border="2">dialogs/default/highlight.png</texture>
                    <aspectratio>stretch</aspectratio>
                    <visible>ControlGroup(2142).HasFocus</visible>
                </control>
                <control type="button" id="21421">
                    <posx>450</posx>
                    <posy>0</posy>
                    <width>32</width>
                    <height>60</height>
                    <onleft>5</onleft>
                    <onright>21422</onright>
                    <onup>21411</onup>
                    <ondown>2143</ondown>
                    <texturefocus>buttons/spinctrl/arrow-light-down-fo.png</texturefocus>
                    <texturenofocus>buttons/spinctrl/arrow-light-down-nf.png</texturenofocus>
                    <onclick condition="stringcompare(Skin.String(HomeWidget.1.SubType),Music)">Skin.SetString(HomeWidget.1.SubType,Movie)</onclick>
                    <onclick condition="stringcompare(Skin.String(HomeWidget.1.SubType),Music)">Skin.SetString(HomeWidget.1.SubTypeName,$LOCALIZE[342])</onclick>
                    <onclick condition="stringcompare(Skin.String(HomeWidget.1.SubType),Episode)">Skin.SetString(HomeWidget.1.SubType,Music)</onclick>
                    <onclick condition="stringcompare(Skin.String(HomeWidget.1.SubType),Episode)">Skin.SetString(HomeWidget.1.SubTypeName,$LOCALIZE[2])</onclick>
                    <onclick condition="stringcompare(Skin.String(HomeWidget.1.SubType),Movie)">Skin.SetString(HomeWidget.1.SubType,Episode)</onclick>
                    <onclick condition="stringcompare(Skin.String(HomeWidget.1.SubType),Movie)">Skin.SetString(HomeWidget.1.SubTypeName,$LOCALIZE[20360])</onclick>
                    <onclick condition="stringcompare(Skin.String(HomeWidget.1.SubType),Music)">Skin.SetString(HomeWidget.1.SubType,Movie)</onclick>
                    <onclick condition="stringcompare(Skin.String(HomeWidget.1.SubType),Music)">Skin.SetString(HomeWidget.1.SubTypeName,$LOCALIZE[342])</onclick>
                    <enable>stringcompare(Skin.String(HomeWidget.1.Type),script.randomandlastitems)</enable>
                </control>
                <control type="button" id="21422">
                    <posx>482</posx>
                    <posy>0</posy>
                    <width>32</width>
                    <height>60</height>
                    <onleft>21421</onleft>
                    <onright condition="Control.IsVisible(3)">3</onright>
                    <onright condition="!Control.IsVisible(3)">5</onright>
                    <onup>21412</onup>
                    <ondown>2143</ondown>
                    <texturefocus>buttons/spinctrl/arrow-light-up-fo.png</texturefocus>
                    <texturenofocus>buttons/spinctrl/arrow-light-up-nf.png</texturenofocus>
                    <onclick condition="stringcompare(Skin.String(HomeWidget.1.SubType),Movie)">Skin.SetString(HomeWidget.1.SubType,Music)</onclick>
                    <onclick condition="stringcompare(Skin.String(HomeWidget.1.SubType),Movie)">Skin.SetString(HomeWidget.1.SubTypeName,$LOCALIZE[2])</onclick>
                    <onclick condition="stringcompare(Skin.String(HomeWidget.1.SubType),Episode)">Skin.SetString(HomeWidget.1.SubType,Movie)</onclick>
                    <onclick condition="stringcompare(Skin.String(HomeWidget.1.SubType),Episode)">Skin.SetString(HomeWidget.1.SubTypeName,$LOCALIZE[342])</onclick>
                    <onclick condition="stringcompare(Skin.String(HomeWidget.1.SubType),Music)">Skin.SetString(HomeWidget.1.SubType,Episode)</onclick>
                    <onclick condition="stringcompare(Skin.String(HomeWidget.1.SubType),Music)">Skin.SetString(HomeWidget.1.SubTypeName,$LOCALIZE[20360])</onclick>
                    <onclick condition="stringcompare(Skin.String(HomeWidget.1.SubType),Movie)">Skin.SetString(HomeWidget.1.SubType,Music)</onclick>
                    <onclick condition="stringcompare(Skin.String(HomeWidget.1.SubType),Movie)">Skin.SetString(HomeWidget.1.SubTypeName,$LOCALIZE[2])</onclick>
                    <enable>stringcompare(Skin.String(HomeWidget.1.Type),script.randomandlastitems)</enable>
                </control>
                <control type="button">
                    <posx>0</posx>
                    <posy>0</posy>
                    <width>455</width>
                    <height>60</height>
                    <align>left</align>
                    <textoffsetx>20</textoffsetx>
                    <font>Font-Condensed-S30</font>
                    <textcolor>FF585858</textcolor>
                    <disabledcolor>77585858</disabledcolor>
                    <label>$LOCALIZE[41141]</label>
                    <label2>$INFO[Skin.String(HomeWidget.1.SubTypeName)]</label2>
                    <visible>!ControlGroup(2142).HasFocus</visible>
                    <enable>stringcompare(Skin.String(HomeWidget.1.Type),script.randomandlastitems)</enable>
                </control>
                <control type="button">
                    <posx>0</posx>
                    <posy>0</posy>
                    <width>455</width>
                    <height>60</height>
                    <align>left</align>
                    <textoffsetx>20</textoffsetx>
                    <font>Font-Condensed-S30</font>
                    <textcolor>eewhite</textcolor>
                    <label>$LOCALIZE[41141]</label>
                    <label2>$INFO[Skin.String(HomeWidget.1.SubTypeName)]</label2>
                    <visible>ControlGroup(2142).HasFocus</visible>
                </control>
            </control>
            <control type="button" id="2143">
                <include>SettingsCustomDialogButtonVars</include>
                <label>$LOCALIZE[559]</label>
                <label2>$INFO[Skin.String(HomeWidget.1.Playlist)]</label2>
                <onclick condition="!stringcompare(Skin.String(HomeWidget.1.SubType),Music)">Skin.SetFile(HomeWidget.1.Playlist,.xsp,special://profile/playlists/video/)</onclick>
                <onclick condition="stringcompare(Skin.String(HomeWidget.1.SubType),Music)">Skin.SetFile(HomeWidget.1.Playlist,.xsp,special://profile/playlists/music/)</onclick>
                <enable>stringcompare(Skin.String(HomeWidget.1.Type),script.randomandlastitems)</enable>
                <animation effect="fade" start="100" end="50" time="0" condition="!stringcompare(Skin.String(HomeWidget.1.Type),script.randomandlastitems)">Conditional</animation>
            </control>
            <control type="radiobutton" id="2403">
                <include>SettingsCustomDialogRadioButtonVars</include>
                <label>$LOCALIZE[41164]</label>
                <onclick condition="!stringcompare(Skin.String(HomeWidget.1.Method),Random)">Skin.SetString(HomeWidget.1.Method,Random)</onclick>
                <onclick condition="stringcompare(Skin.String(HomeWidget.1.Method),Random)">Skin.SetString(HomeWidget.1.Method,Playlist)</onclick>
                <selected>stringcompare(Skin.String(HomeWidget.1.Method),Random)</selected>
                <enable>stringcompare(Skin.String(HomeWidget.1.Type),script.randomandlastitems)</enable>
                <animation effect="fade" start="100" end="50" time="0" condition="!stringcompare(Skin.String(HomeWidget.1.Type),script.randomandlastitems)">Conditional</animation>
            </control>
            <control type="radiobutton" id="2404">
                <include>SettingsCustomDialogRadioButtonVars</include>
                <label>$LOCALIZE[41165]</label>
                <onclick condition="!substring(Skin.String(HomeWidget.1.UnWatched),True)">Skin.SetString(HomeWidget.1.UnWatched,True)</onclick>
                <onclick condition="substring(Skin.String(HomeWidget.1.UnWatched),True)">Skin.SetString(HomeWidget.1.UnWatched,False)</onclick>
                <selected>substring(Skin.String(HomeWidget.1.UnWatched),True)</selected>
                <enable>stringcompare(Skin.String(HomeWidget.1.Type),script.randomandlastitems)</enable>
                <animation effect="fade" start="100" end="50" time="0" condition="!stringcompare(Skin.String(HomeWidget.1.Type),script.randomandlastitems)">Conditional</animation>
            </control>
            <control type="radiobutton" id="2405">
                <include>SettingsCustomDialogRadioButtonVars</include>
                <label>$LOCALIZE[41166]</label>
                <onclick condition="!substring(Skin.String(HomeWidget.1.Resume),True)">Skin.SetString(HomeWidget.1.Resume,True)</onclick>
                <onclick condition="substring(Skin.String(HomeWidget.1.Resume),True)">Skin.SetString(HomeWidget.1.Resume,False)</onclick>
                <selected>substring(Skin.String(HomeWidget.1.Resume),True)</selected>
                <enable>stringcompare(Skin.String(HomeWidget.1.Type),script.randomandlastitems)</enable>
                <animation effect="fade" start="100" end="50" time="0" condition="!stringcompare(Skin.String(HomeWidget.1.Type),script.randomandlastitems)">Conditional</animation>
            </control>
        </control>
    </include>
    
    <include name="PanelDialogHomeWidget2">
        <control type="grouplist" id="4">
            <posx>0</posx>
            <posy>0</posy>
            <width>532</width>
            <height>360</height>
            <itemgap>0</itemgap>
            <onup>4</onup>
            <ondown>4</ondown>
            <onleft>5</onleft>
            <onright condition="Control.IsVisible(3)">3</onright>
            <onright condition="!Control.IsVisible(3)">5</onright>
            <scrolltime>0</scrolltime>
            <orientation>vertical</orientation>
            <control type="group" id="2141">
                <description>Fake spin control</description>
                <width>1210</width>
                <height>60</height>
                <control type="image">
                    <posx>0</posx>
                    <posy>0</posy>
                    <width>532</width>
                    <height>60</height>
                    <texture>dialogs/default/separator-btn.png</texture>
                    <aspectratio>stretch</aspectratio>
                    <visible>!ControlGroup(2141).HasFocus</visible>
                </control>
                <control type="image">
                    <posx>0</posx>
                    <posy>0</posy>
                    <width>532</width>
                    <height>60</height>
                    <texture border="2">dialogs/default/highlight.png</texture>
                    <aspectratio>stretch</aspectratio>
                    <visible>ControlGroup(2141).HasFocus</visible>
                </control>
                <control type="button" id="21411">
                    <posx>450</posx>
                    <posy>0</posy>
                    <width>32</width>
                    <height>60</height>
                    <onleft>5</onleft>
                    <onright>21412</onright>
                    <onup>2405</onup>
                    <ondown>21421</ondown>
                    <texturefocus>buttons/spinctrl/arrow-light-down-fo.png</texturefocus>
                    <texturenofocus>buttons/spinctrl/arrow-light-down-nf.png</texturenofocus>
                    <onclick condition="stringcompare(Skin.String(HomeWidget.2.Type),script.randomandlastitems)">Skin.SetString(HomeWidget.2.Type,service.skin.widgets)</onclick>
                    <onclick condition="stringcompare(Skin.String(HomeWidget.2.Type),script.randomandlastitems)">Skin.SetString(HomeWidget.2.TypeName,$LOCALIZE[41551])</onclick>
                    <onclick condition="stringcompare(Skin.String(HomeWidget.2.Type),trendingshows)">Skin.SetString(HomeWidget.2.Type,script.randomandlastitems)</onclick>
                    <onclick condition="stringcompare(Skin.String(HomeWidget.2.Type),trendingshows)">Skin.SetString(HomeWidget.2.TypeName,$LOCALIZE[559])</onclick>
                    <onclick condition="stringcompare(Skin.String(HomeWidget.2.Type),trendingmovies)">Skin.SetString(HomeWidget.2.Type,trendingshows)</onclick>
                    <onclick condition="stringcompare(Skin.String(HomeWidget.2.Type),trendingmovies)">Skin.SetString(HomeWidget.2.TypeName,$LOCALIZE[41174])</onclick>
                    <onclick condition="stringcompare(Skin.String(HomeWidget.2.Type),toprated)">Skin.SetString(HomeWidget.2.Type,trendingmovies)</onclick>
                    <onclick condition="stringcompare(Skin.String(HomeWidget.2.Type),toprated)">Skin.SetString(HomeWidget.2.TypeName,$LOCALIZE[41173])</onclick>
                    <onclick condition="stringcompare(Skin.String(HomeWidget.2.Type),popular)">Skin.SetString(HomeWidget.2.Type,toprated)</onclick>
                    <onclick condition="stringcompare(Skin.String(HomeWidget.2.Type),popular)">Skin.SetString(HomeWidget.2.TypeName,$LOCALIZE[41172])</onclick>
                    <onclick condition="stringcompare(Skin.String(HomeWidget.2.Type),incinema)">Skin.SetString(HomeWidget.2.Type,popular)</onclick>
                    <onclick condition="stringcompare(Skin.String(HomeWidget.2.Type),incinema)">Skin.SetString(HomeWidget.2.TypeName,$LOCALIZE[41171])</onclick>
                    <onclick condition="stringcompare(Skin.String(HomeWidget.2.Type),upcoming)">Skin.SetString(HomeWidget.2.Type,incinema)</onclick>
                    <onclick condition="stringcompare(Skin.String(HomeWidget.2.Type),upcoming)">Skin.SetString(HomeWidget.2.TypeName,$LOCALIZE[41170])</onclick>
                    <onclick condition="stringcompare(Skin.String(HomeWidget.2.Type),service.skin.widgets) + System.HasAddon(script.extendedinfo)">Skin.SetString(HomeWidget.2.Type,upcoming)</onclick>
                    <onclick condition="stringcompare(Skin.String(HomeWidget.2.Type),service.skin.widgets) + System.HasAddon(script.extendedinfo)">Skin.SetString(HomeWidget.2.TypeName,$LOCALIZE[41169])</onclick>
                    <onclick condition="stringcompare(Skin.String(HomeWidget.2.Type),service.skin.widgets) + !System.HasAddon(script.extendedinfo)">Skin.SetString(HomeWidget.2.Type,script.randomandlastitems)</onclick>
                    <onclick condition="stringcompare(Skin.String(HomeWidget.2.Type),service.skin.widgets) + !System.HasAddon(script.extendedinfo)">Skin.SetString(HomeWidget.2.TypeName,$LOCALIZE[559])</onclick>
                    <onclick condition="stringcompare(Skin.String(HomeWidget.2.Type),script.randomandlastitems)">Skin.SetString(HomeWidget.2.Type,service.skin.widgets)</onclick>
                    <onclick condition="stringcompare(Skin.String(HomeWidget.2.Type),script.randomandlastitems)">Skin.SetString(HomeWidget.2.TypeName,$LOCALIZE[41551])</onclick>
                </control>
                <control type="button" id="21412">
                    <posx>482</posx>
                    <posy>0</posy>
                    <width>32</width>
                    <height>60</height>
                    <onleft>21411</onleft>
                    <onright>3</onright>
                    <onup>2405</onup>
                    <ondown>21422</ondown>
                    <texturefocus>buttons/spinctrl/arrow-light-up-fo.png</texturefocus>
                    <texturenofocus>buttons/spinctrl/arrow-light-up-nf.png</texturenofocus>
                    <onclick condition="stringcompare(Skin.String(HomeWidget.2.Type),service.skin.widgets)">Skin.SetString(HomeWidget.2.Type,script.randomandlastitems)</onclick>
                    <onclick condition="stringcompare(Skin.String(HomeWidget.2.Type),service.skin.widgets)">Skin.SetString(HomeWidget.2.TypeName,$LOCALIZE[559])</onclick>
                    <onclick condition="stringcompare(Skin.String(HomeWidget.2.Type),upcoming)">Skin.SetString(HomeWidget.2.Type,service.skin.widgets)</onclick>
                    <onclick condition="stringcompare(Skin.String(HomeWidget.2.Type),upcoming)">Skin.SetString(HomeWidget.2.TypeName,$LOCALIZE[41551])</onclick>
                    <onclick condition="stringcompare(Skin.String(HomeWidget.2.Type),incinema)">Skin.SetString(HomeWidget.2.Type,upcoming)</onclick>
                    <onclick condition="stringcompare(Skin.String(HomeWidget.2.Type),incinema)">Skin.SetString(HomeWidget.2.TypeName,$LOCALIZE[41169])</onclick>
                    <onclick condition="stringcompare(Skin.String(HomeWidget.2.Type),popular)">Skin.SetString(HomeWidget.2.Type,incinema)</onclick>
                    <onclick condition="stringcompare(Skin.String(HomeWidget.2.Type),popular)">Skin.SetString(HomeWidget.2.TypeName,$LOCALIZE[41170])</onclick>
                    <onclick condition="stringcompare(Skin.String(HomeWidget.2.Type),toprated)">Skin.SetString(HomeWidget.2.Type,popular)</onclick>
                    <onclick condition="stringcompare(Skin.String(HomeWidget.2.Type),toprated)">Skin.SetString(HomeWidget.2.TypeName,$LOCALIZE[41171])</onclick>
                    <onclick condition="stringcompare(Skin.String(HomeWidget.2.Type),trendingmovies)">Skin.SetString(HomeWidget.2.Type,toprated)</onclick>
                    <onclick condition="stringcompare(Skin.String(HomeWidget.2.Type),trendingmovies)">Skin.SetString(HomeWidget.2.TypeName,$LOCALIZE[41172])</onclick>
                    <onclick condition="stringcompare(Skin.String(HomeWidget.2.Type),trendingshows)">Skin.SetString(HomeWidget.2.Type,trendingmovies)</onclick>
                    <onclick condition="stringcompare(Skin.String(HomeWidget.2.Type),trendingshows)">Skin.SetString(HomeWidget.2.TypeName,$LOCALIZE[41173])</onclick>
                    <onclick condition="stringcompare(Skin.String(HomeWidget.2.Type),script.randomandlastitems) + System.HasAddon(script.extendedinfo)">Skin.SetString(HomeWidget.2.Type,trendingshows)</onclick>
                    <onclick condition="stringcompare(Skin.String(HomeWidget.2.Type),script.randomandlastitems) + System.HasAddon(script.extendedinfo)">Skin.SetString(HomeWidget.2.TypeName,$LOCALIZE[41174])</onclick>
                    <onclick condition="stringcompare(Skin.String(HomeWidget.2.Type),script.randomandlastitems) + !System.HasAddon(script.extendedinfo)">Skin.SetString(HomeWidget.2.Type,service.skin.widgets)</onclick>
                    <onclick condition="stringcompare(Skin.String(HomeWidget.2.Type),script.randomandlastitems) + !System.HasAddon(script.extendedinfo)">Skin.SetString(HomeWidget.2.TypeName,$LOCALIZE[41551])</onclick>
                    <onclick condition="stringcompare(Skin.String(HomeWidget.2.Type),service.skin.widgets)">Skin.SetString(HomeWidget.2.Type,script.randomandlastitems)</onclick>
                    <onclick condition="stringcompare(Skin.String(HomeWidget.2.Type),service.skin.widgets)">Skin.SetString(HomeWidget.2.TypeName,$LOCALIZE[559])</onclick>
                </control>
                <control type="button">
                    <posx>0</posx>
                    <posy>0</posy>
                    <width>455</width>
                    <height>60</height>
                    <align>left</align>
                    <textoffsetx>20</textoffsetx>
                    <font>Font-Condensed-S30</font>
                    <textcolor>FF585858</textcolor>
                    <label>$LOCALIZE[41162]</label>
                    <label2>$INFO[Skin.String(HomeWidget.2.TypeName)]</label2>
                    <visible>!ControlGroup(2141).HasFocus</visible>
                </control>
                <control type="button">
                    <posx>0</posx>
                    <posy>0</posy>
                    <width>455</width>
                    <height>60</height>
                    <align>left</align>
                    <textoffsetx>20</textoffsetx>
                    <font>Font-Condensed-S30</font>
                    <textcolor>eewhite</textcolor>
                    <label>$LOCALIZE[41162]</label>
                    <label2>$INFO[Skin.String(HomeWidget.2.TypeName)]</label2>
                    <visible>ControlGroup(2141).HasFocus</visible>
                </control>
            </control>
            <control type="group" id="2142">
                <description>Fake spin control</description>
                <width>1210</width>
                <height>60</height>
                <animation effect="fade" start="100" end="50" time="0" condition="!stringcompare(Skin.String(HomeWidget.2.Type),script.randomandlastitems)">Conditional</animation>
                <control type="image">
                    <posx>0</posx>
                    <posy>0</posy>
                    <width>532</width>
                    <height>60</height>
                    <texture>dialogs/default/separator-btn.png</texture>
                    <aspectratio>stretch</aspectratio>
                    <visible>!ControlGroup(2142).HasFocus</visible>
                </control>
                <control type="image">
                    <posx>0</posx>
                    <posy>0</posy>
                    <width>532</width>
                    <height>60</height>
                    <texture border="2">dialogs/default/highlight.png</texture>
                    <aspectratio>stretch</aspectratio>
                    <visible>ControlGroup(2142).HasFocus</visible>
                </control>
                <control type="button" id="21421">
                    <posx>450</posx>
                    <posy>0</posy>
                    <width>32</width>
                    <height>60</height>
                    <onleft>5</onleft>
                    <onright>21422</onright>
                    <onup>21411</onup>
                    <ondown>2143</ondown>
                    <texturefocus>buttons/spinctrl/arrow-light-down-fo.png</texturefocus>
                    <texturenofocus>buttons/spinctrl/arrow-light-down-nf.png</texturenofocus>
                    <onclick condition="stringcompare(Skin.String(HomeWidget.2.SubType),Episode)">Skin.SetString(HomeWidget.2.SubType,Movie)</onclick>
                    <onclick condition="stringcompare(Skin.String(HomeWidget.2.SubType),Episode)">Skin.SetString(HomeWidget.2.SubTypeName,$LOCALIZE[342])</onclick>
                    <onclick condition="stringcompare(Skin.String(HomeWidget.2.SubType),Movie)">Skin.SetString(HomeWidget.2.SubType,Episode)</onclick>
                    <onclick condition="stringcompare(Skin.String(HomeWidget.2.SubType),Movie)">Skin.SetString(HomeWidget.2.SubTypeName,$LOCALIZE[20360])</onclick>
                    <onclick condition="stringcompare(Skin.String(HomeWidget.2.SubType),Episode)">Skin.SetString(HomeWidget.2.SubType,Movie)</onclick>
                    <onclick condition="stringcompare(Skin.String(HomeWidget.2.SubType),Episode)">Skin.SetString(HomeWidget.2.SubTypeName,$LOCALIZE[342])</onclick>
                    <enable>stringcompare(Skin.String(HomeWidget.2.Type),script.randomandlastitems)</enable>
                </control>
                <control type="button" id="21422">
                    <posx>482</posx>
                    <posy>0</posy>
                    <width>32</width>
                    <height>60</height>
                    <onleft>21421</onleft>
                    <onright condition="Control.IsVisible(3)">3</onright>
                    <onright condition="!Control.IsVisible(3)">5</onright>
                    <onup>21412</onup>
                    <ondown>2143</ondown>
                    <texturefocus>buttons/spinctrl/arrow-light-up-fo.png</texturefocus>
                    <texturenofocus>buttons/spinctrl/arrow-light-up-nf.png</texturenofocus>
                    <onclick condition="stringcompare(Skin.String(HomeWidget.2.SubType),Movie)">Skin.SetString(HomeWidget.2.SubType,Episode)</onclick>
                    <onclick condition="stringcompare(Skin.String(HomeWidget.2.SubType),Movie)">Skin.SetString(HomeWidget.2.SubTypeName,$LOCALIZE[20360])</onclick>
                    <onclick condition="stringcompare(Skin.String(HomeWidget.2.SubType),Episode)">Skin.SetString(HomeWidget.2.SubType,Movie)</onclick>
                    <onclick condition="stringcompare(Skin.String(HomeWidget.2.SubType),Episode)">Skin.SetString(HomeWidget.2.SubTypeName,$LOCALIZE[342])</onclick>
                    <onclick condition="stringcompare(Skin.String(HomeWidget.2.SubType),Movie)">Skin.SetString(HomeWidget.2.SubType,Episode)</onclick>
                    <onclick condition="stringcompare(Skin.String(HomeWidget.2.SubType),Movie)">Skin.SetString(HomeWidget.2.SubTypeName,$LOCALIZE[20360])</onclick>
                    <enable>stringcompare(Skin.String(HomeWidget.2.Type),script.randomandlastitems)</enable>
                </control>
                <control type="button">
                    <posx>0</posx>
                    <posy>0</posy>
                    <width>455</width>
                    <height>60</height>
                    <align>left</align>
                    <textoffsetx>20</textoffsetx>
                    <font>Font-Condensed-S30</font>
                    <textcolor>FF585858</textcolor>
                    <disabledcolor>77585858</disabledcolor>
                    <label>$LOCALIZE[41141]</label>
                    <label2>$INFO[Skin.String(HomeWidget.2.SubTypeName)]</label2>
                    <visible>!ControlGroup(2142).HasFocus</visible>
                    <enable>stringcompare(Skin.String(HomeWidget.2.Type),script.randomandlastitems)</enable>
                </control>
                <control type="button">
                    <posx>0</posx>
                    <posy>0</posy>
                    <width>455</width>
                    <height>60</height>
                    <align>left</align>
                    <textoffsetx>20</textoffsetx>
                    <font>Font-Condensed-S30</font>
                    <textcolor>eewhite</textcolor>
                    <label>$LOCALIZE[41141]</label>
                    <label2>$INFO[Skin.String(HomeWidget.2.SubTypeName)]</label2>
                    <visible>ControlGroup(2142).HasFocus</visible>
                </control>
            </control>
            <control type="button" id="2143">
                <include>SettingsCustomDialogButtonVars</include>
                <label>$LOCALIZE[559]</label>
                <label2>$INFO[Skin.String(HomeWidget.2.Playlist)]</label2>
                <onclick>Skin.SetFile(HomeWidget.2.Playlist,.xsp,special://profile/playlists/video/)</onclick>
                <enable>stringcompare(Skin.String(HomeWidget.2.Type),script.randomandlastitems)</enable>
                <animation effect="fade" start="100" end="50" time="0" condition="!stringcompare(Skin.String(HomeWidget.2.Type),script.randomandlastitems)">Conditional</animation>
            </control>
            <control type="radiobutton" id="2403">
                <include>SettingsCustomDialogRadioButtonVars</include>
                <label>$LOCALIZE[41164]</label>
                <onclick condition="!stringcompare(Skin.String(HomeWidget.2.Method),Random)">Skin.SetString(HomeWidget.2.Method,Random)</onclick>
                <onclick condition="stringcompare(Skin.String(HomeWidget.2.Method),Random)">Skin.SetString(HomeWidget.2.Method,Playlist)</onclick>
                <selected>stringcompare(Skin.String(HomeWidget.2.Method),Random)</selected>
                <enable>stringcompare(Skin.String(HomeWidget.2.Type),script.randomandlastitems)</enable>
                <animation effect="fade" start="100" end="50" time="0" condition="!stringcompare(Skin.String(HomeWidget.2.Type),script.randomandlastitems)">Conditional</animation>
            </control>
            <control type="radiobutton" id="2404">
                <include>SettingsCustomDialogRadioButtonVars</include>
                <label>$LOCALIZE[41165]</label>
                <onclick condition="!substring(Skin.String(HomeWidget.2.UnWatched),True)">Skin.SetString(HomeWidget.2.UnWatched,True)</onclick>
                <onclick condition="substring(Skin.String(HomeWidget.2.UnWatched),True)">Skin.SetString(HomeWidget.2.UnWatched,False)</onclick>
                <selected>substring(Skin.String(HomeWidget.2.UnWatched),True)</selected>
                <enable>stringcompare(Skin.String(HomeWidget.2.Type),script.randomandlastitems)</enable>
                <animation effect="fade" start="100" end="50" time="0" condition="!stringcompare(Skin.String(HomeWidget.2.Type),script.randomandlastitems)">Conditional</animation>
            </control>
            <control type="radiobutton" id="2405">
                <include>SettingsCustomDialogRadioButtonVars</include>
                <label>$LOCALIZE[41166]</label>
                <onclick condition="!substring(Skin.String(HomeWidget.2.Resume),True)">Skin.SetString(HomeWidget.2.Resume,True)</onclick>
                <onclick condition="substring(Skin.String(HomeWidget.2.Resume),True)">Skin.SetString(HomeWidget.2.Resume,False)</onclick>
                <selected>substring(Skin.String(HomeWidget.2.Resume),True)</selected>
                <enable>stringcompare(Skin.String(HomeWidget.2.Type),script.randomandlastitems)</enable>
                <animation effect="fade" start="100" end="50" time="0" condition="!stringcompare(Skin.String(HomeWidget.2.Type),script.randomandlastitems)">Conditional</animation>
            </control>
        </control>
    </include>
    
    <include name="PanelDialogHomeWidget3">
        <control type="grouplist" id="4">
            <posx>0</posx>
            <posy>0</posy>
            <width>532</width>
            <height>360</height>
            <itemgap>0</itemgap>
            <onup>4</onup>
            <ondown>4</ondown>
            <onleft>5</onleft>
            <onright condition="Control.IsVisible(3)">3</onright>
            <onright condition="!Control.IsVisible(3)">5</onright>
            <scrolltime>0</scrolltime>
            <orientation>vertical</orientation>
            <control type="group" id="2141">
                <description>Fake spin control</description>
                <width>1210</width>
                <height>60</height>
                <control type="image">
                    <posx>0</posx>
                    <posy>0</posy>
                    <width>532</width>
                    <height>60</height>
                    <texture>dialogs/default/separator-btn.png</texture>
                    <aspectratio>stretch</aspectratio>
                    <visible>!ControlGroup(2141).HasFocus</visible>
                </control>
                <control type="image">
                    <posx>0</posx>
                    <posy>0</posy>
                    <width>532</width>
                    <height>60</height>
                    <texture border="2">dialogs/default/highlight.png</texture>
                    <aspectratio>stretch</aspectratio>
                    <visible>ControlGroup(2141).HasFocus</visible>
                </control>
                <control type="button" id="21411">
                    <posx>450</posx>
                    <posy>0</posy>
                    <width>32</width>
                    <height>60</height>
                    <onleft>5</onleft>
                    <onright>21412</onright>
                    <onup>2405</onup>
                    <ondown>2143</ondown>
                    <texturefocus>buttons/spinctrl/arrow-light-down-fo.png</texturefocus>
                    <texturenofocus>buttons/spinctrl/arrow-light-down-nf.png</texturenofocus>
                    <onclick condition="stringcompare(Skin.String(HomeWidget.3.Type),script.randomandlastitems)">Skin.SetString(HomeWidget.3.Type,service.skin.widgets)</onclick>
                    <onclick condition="stringcompare(Skin.String(HomeWidget.3.Type),script.randomandlastitems)">Skin.SetString(HomeWidget.3.TypeName,$LOCALIZE[41552])</onclick>
                    <onclick condition="stringcompare(Skin.String(HomeWidget.3.Type),trendingmovies)">Skin.SetString(HomeWidget.3.Type,script.randomandlastitems)</onclick>
                    <onclick condition="stringcompare(Skin.String(HomeWidget.3.Type),trendingmovies)">Skin.SetString(HomeWidget.3.TypeName,$LOCALIZE[559])</onclick>
                    <onclick condition="stringcompare(Skin.String(HomeWidget.3.Type),toprated)">Skin.SetString(HomeWidget.3.Type,trendingmovies)</onclick>
                    <onclick condition="stringcompare(Skin.String(HomeWidget.3.Type),toprated)">Skin.SetString(HomeWidget.3.TypeName,$LOCALIZE[41173])</onclick>
                    <onclick condition="stringcompare(Skin.String(HomeWidget.3.Type),popular)">Skin.SetString(HomeWidget.3.Type,toprated)</onclick>
                    <onclick condition="stringcompare(Skin.String(HomeWidget.3.Type),popular)">Skin.SetString(HomeWidget.3.TypeName,$LOCALIZE[41172])</onclick>
                    <onclick condition="stringcompare(Skin.String(HomeWidget.3.Type),incinema)">Skin.SetString(HomeWidget.3.Type,popular)</onclick>
                    <onclick condition="stringcompare(Skin.String(HomeWidget.3.Type),incinema)">Skin.SetString(HomeWidget.3.TypeName,$LOCALIZE[41171])</onclick>
                    <onclick condition="stringcompare(Skin.String(HomeWidget.3.Type),upcoming)">Skin.SetString(HomeWidget.3.Type,incinema)</onclick>
                    <onclick condition="stringcompare(Skin.String(HomeWidget.3.Type),upcoming)">Skin.SetString(HomeWidget.3.TypeName,$LOCALIZE[41170])</onclick>
                    <onclick condition="stringcompare(Skin.String(HomeWidget.3.Type),service.skin.widgets) + System.HasAddon(script.extendedinfo)">Skin.SetString(HomeWidget.3.Type,upcoming)</onclick>
                    <onclick condition="stringcompare(Skin.String(HomeWidget.3.Type),service.skin.widgets) + System.HasAddon(script.extendedinfo)">Skin.SetString(HomeWidget.3.TypeName,$LOCALIZE[41169])</onclick>
                    <onclick condition="stringcompare(Skin.String(HomeWidget.3.Type),service.skin.widgets) + !System.HasAddon(script.extendedinfo)">Skin.SetString(HomeWidget.3.Type,script.randomandlastitems)</onclick>
                    <onclick condition="stringcompare(Skin.String(HomeWidget.3.Type),service.skin.widgets) + !System.HasAddon(script.extendedinfo)">Skin.SetString(HomeWidget.3.TypeName,$LOCALIZE[559])</onclick>
                    <onclick condition="stringcompare(Skin.String(HomeWidget.3.Type),script.randomandlastitems)">Skin.SetString(HomeWidget.3.Type,service.skin.widgets)</onclick>
                    <onclick condition="stringcompare(Skin.String(HomeWidget.3.Type),script.randomandlastitems)">Skin.SetString(HomeWidget.3.TypeName,$LOCALIZE[41552])</onclick>
                </control>
                <control type="button" id="21412">
                    <posx>482</posx>
                    <posy>0</posy>
                    <width>32</width>
                    <height>60</height>
                    <onleft>21411</onleft>
                    <onright condition="Control.IsVisible(3)">3</onright>
                    <onright condition="!Control.IsVisible(3)">5</onright>
                    <onup>2405</onup>
                    <ondown>2143</ondown>
                    <texturefocus>buttons/spinctrl/arrow-light-up-fo.png</texturefocus>
                    <texturenofocus>buttons/spinctrl/arrow-light-up-nf.png</texturenofocus>
                    <onclick condition="stringcompare(Skin.String(HomeWidget.3.Type),service.skin.widgets)">Skin.SetString(HomeWidget.3.Type,script.randomandlastitems)</onclick>
                    <onclick condition="stringcompare(Skin.String(HomeWidget.3.Type),service.skin.widgets)">Skin.SetString(HomeWidget.3.TypeName,$LOCALIZE[559])</onclick>
                    <onclick condition="stringcompare(Skin.String(HomeWidget.3.Type),upcoming)">Skin.SetString(HomeWidget.3.Type,service.skin.widgets)</onclick>
                    <onclick condition="stringcompare(Skin.String(HomeWidget.3.Type),upcoming)">Skin.SetString(HomeWidget.3.TypeName,$LOCALIZE[41552])</onclick>
                    <onclick condition="stringcompare(Skin.String(HomeWidget.3.Type),incinema)">Skin.SetString(HomeWidget.3.Type,upcoming)</onclick>
                    <onclick condition="stringcompare(Skin.String(HomeWidget.3.Type),incinema)">Skin.SetString(HomeWidget.3.TypeName,$LOCALIZE[41169])</onclick>
                    <onclick condition="stringcompare(Skin.String(HomeWidget.3.Type),popular)">Skin.SetString(HomeWidget.3.Type,incinema)</onclick>
                    <onclick condition="stringcompare(Skin.String(HomeWidget.3.Type),popular)">Skin.SetString(HomeWidget.3.TypeName,$LOCALIZE[41170])</onclick>
                    <onclick condition="stringcompare(Skin.String(HomeWidget.3.Type),toprated)">Skin.SetString(HomeWidget.3.Type,popular)</onclick>
                    <onclick condition="stringcompare(Skin.String(HomeWidget.3.Type),toprated)">Skin.SetString(HomeWidget.3.TypeName,$LOCALIZE[41171])</onclick>
                    <onclick condition="stringcompare(Skin.String(HomeWidget.3.Type),trendingmovies)">Skin.SetString(HomeWidget.3.Type,toprated)</onclick>
                    <onclick condition="stringcompare(Skin.String(HomeWidget.3.Type),trendingmovies)">Skin.SetString(HomeWidget.3.TypeName,$LOCALIZE[41172])</onclick>
                    <onclick condition="stringcompare(Skin.String(HomeWidget.3.Type),script.randomandlastitems) + System.HasAddon(script.extendedinfo)">Skin.SetString(HomeWidget.3.Type,trendingmovies)</onclick>
                    <onclick condition="stringcompare(Skin.String(HomeWidget.3.Type),script.randomandlastitems) + System.HasAddon(script.extendedinfo)">Skin.SetString(HomeWidget.3.TypeName,$LOCALIZE[41173])</onclick>
                    <onclick condition="stringcompare(Skin.String(HomeWidget.3.Type),script.randomandlastitems) + !System.HasAddon(script.extendedinfo)">Skin.SetString(HomeWidget.3.Type,service.skin.widgets)</onclick>
                    <onclick condition="stringcompare(Skin.String(HomeWidget.3.Type),script.randomandlastitems) + !System.HasAddon(script.extendedinfo)">Skin.SetString(HomeWidget.3.TypeName,$LOCALIZE[41551])</onclick>
                    <onclick condition="stringcompare(Skin.String(HomeWidget.3.Type),service.skin.widgets)">Skin.SetString(HomeWidget.3.Type,script.randomandlastitems)</onclick>
                    <onclick condition="stringcompare(Skin.String(HomeWidget.3.Type),service.skin.widgets)">Skin.SetString(HomeWidget.3.TypeName,$LOCALIZE[559])</onclick>
                </control>
                <control type="button">
                    <posx>0</posx>
                    <posy>0</posy>
                    <width>455</width>
                    <height>60</height>
                    <align>left</align>
                    <textoffsetx>20</textoffsetx>
                    <font>Font-Condensed-S30</font>
                    <textcolor>FF585858</textcolor>
                    <label>$LOCALIZE[41162]</label>
                    <label2>$INFO[Skin.String(HomeWidget.3.TypeName)]</label2>
                    <visible>!ControlGroup(2141).HasFocus</visible>
                </control>
                <control type="button">
                    <posx>0</posx>
                    <posy>0</posy>
                    <width>455</width>
                    <height>60</height>
                    <align>left</align>
                    <textoffsetx>20</textoffsetx>
                    <font>Font-Condensed-S30</font>
                    <textcolor>eewhite</textcolor>
                    <label>$LOCALIZE[41162]</label>
                    <label2>$INFO[Skin.String(HomeWidget.3.TypeName)]</label2>
                    <visible>ControlGroup(2141).HasFocus</visible>
                </control>
            </control>
            <control type="group" id="2142">
                <description>Fake spin control</description>
                <width>1210</width>
                <height>60</height>
                <animation effect="fade" start="100" end="50" time="0" condition="true">Conditional</animation>
                <control type="image">
                    <posx>0</posx>
                    <posy>0</posy>
                    <width>532</width>
                    <height>60</height>
                    <texture>dialogs/default/separator-btn.png</texture>
                    <aspectratio>stretch</aspectratio>
                </control>
                <control type="button" id="21421">
                    <posx>450</posx>
                    <posy>0</posy>
                    <width>32</width>
                    <height>60</height>
                    <texturefocus>buttons/spinctrl/arrow-light-down-fo.png</texturefocus>
                    <texturenofocus>buttons/spinctrl/arrow-light-down-nf.png</texturenofocus>
                    <onclick>noop</onclick>
                    <enable>false</enable>
                </control>
                <control type="button" id="21422">
                    <posx>482</posx>
                    <posy>0</posy>
                    <width>32</width>
                    <height>60</height>
                    <texturefocus>buttons/spinctrl/arrow-light-up-fo.png</texturefocus>
                    <texturenofocus>buttons/spinctrl/arrow-light-up-nf.png</texturenofocus>
                    <onclick>noop</onclick>
                    <enable>false</enable>
                </control>
                <control type="button">
                    <posx>0</posx>
                    <posy>0</posy>
                    <width>455</width>
                    <height>60</height>
                    <align>left</align>
                    <textoffsetx>20</textoffsetx>
                    <font>Font-Condensed-S30</font>
                    <textcolor>FF585858</textcolor>
                    <disabledcolor>77585858</disabledcolor>
                    <label>$LOCALIZE[41141]</label>
                    <label2 fallback="41550">$INFO[Skin.String(HomeWidget.3.SubTypeName)]</label2>
                    <enable>false</enable>
                </control>
            </control>
            <control type="button" id="2143">
                <include>SettingsCustomDialogButtonVars</include>
                <label>$LOCALIZE[559]</label>
                <label2>$INFO[Skin.String(HomeWidget.3.Playlist)]</label2>
                <onclick>Skin.SetFile(HomeWidget.3.Playlist,.xsp,special://profile/playlists/video/)</onclick>
                <enable>stringcompare(Skin.String(HomeWidget.3.Type),script.randomandlastitems)</enable>
                <animation effect="fade" start="100" end="50" time="0" condition="!stringcompare(Skin.String(HomeWidget.3.Type),script.randomandlastitems)">Conditional</animation>
            </control>
            <control type="radiobutton" id="2403">
                <include>SettingsCustomDialogRadioButtonVars</include>
                <label>$LOCALIZE[41164]</label>
                <onclick condition="!stringcompare(Skin.String(HomeWidget.3.Method),Random)">Skin.SetString(HomeWidget.3.Method,Random)</onclick>
                <onclick condition="stringcompare(Skin.String(HomeWidget.3.Method),Random)">Skin.SetString(HomeWidget.3.Method,Playlist)</onclick>
                <selected>stringcompare(Skin.String(HomeWidget.3.Method),Random)</selected>
                <enable>stringcompare(Skin.String(HomeWidget.3.Type),script.randomandlastitems)</enable>
                <animation effect="fade" start="100" end="50" time="0" condition="!stringcompare(Skin.String(HomeWidget.3.Type),script.randomandlastitems)">Conditional</animation>
            </control>
            <control type="radiobutton" id="2404">
                <include>SettingsCustomDialogRadioButtonVars</include>
                <label>$LOCALIZE[41165]</label>
                <onclick condition="!substring(Skin.String(HomeWidget.3.UnWatched),True)">Skin.SetString(HomeWidget.3.UnWatched,True)</onclick>
                <onclick condition="substring(Skin.String(HomeWidget.3.UnWatched),True)">Skin.SetString(HomeWidget.3.UnWatched,False)</onclick>
                <selected>substring(Skin.String(HomeWidget.3.UnWatched),True)</selected>
                <enable>stringcompare(Skin.String(HomeWidget.3.Type),script.randomandlastitems)</enable>
                <animation effect="fade" start="100" end="50" time="0" condition="!stringcompare(Skin.String(HomeWidget.3.Type),script.randomandlastitems)">Conditional</animation>
            </control>
            <control type="radiobutton" id="2405">
                <include>SettingsCustomDialogRadioButtonVars</include>
                <label>$LOCALIZE[41166]</label>
                <onclick condition="!substring(Skin.String(HomeWidget.3.Resume),True)">Skin.SetString(HomeWidget.3.Resume,True)</onclick>
                <onclick condition="substring(Skin.String(HomeWidget.3.Resume),True)">Skin.SetString(HomeWidget.3.Resume,False)</onclick>
                <selected>substring(Skin.String(HomeWidget.3.Resume),True)</selected>
                <enable>stringcompare(Skin.String(HomeWidget.3.Type),script.randomandlastitems)</enable>
                <animation effect="fade" start="100" end="50" time="0" condition="!stringcompare(Skin.String(HomeWidget.3.Type),script.randomandlastitems)">Conditional</animation>
            </control>
        </control>
    </include>
    
    <include name="PanelDialogHomeWidget4">
        <control type="grouplist" id="4">
            <posx>0</posx>
            <posy>0</posy>
            <width>532</width>
            <height>360</height>
            <itemgap>0</itemgap>
            <onup>4</onup>
            <ondown>4</ondown>
            <onleft>5</onleft>
            <onright condition="Control.IsVisible(3)">3</onright>
            <onright condition="!Control.IsVisible(3)">5</onright>
            <scrolltime>0</scrolltime>
            <orientation>vertical</orientation>
            <control type="group" id="2141">
                <description>Fake spin control</description>
                <width>1210</width>
                <height>60</height>
                <control type="image">
                    <posx>0</posx>
                    <posy>0</posy>
                    <width>532</width>
                    <height>60</height>
                    <texture>dialogs/default/separator-btn.png</texture>
                    <aspectratio>stretch</aspectratio>
                    <visible>!ControlGroup(2141).HasFocus</visible>
                </control>
                <control type="image">
                    <posx>0</posx>
                    <posy>0</posy>
                    <width>532</width>
                    <height>60</height>
                    <texture border="2">dialogs/default/highlight.png</texture>
                    <aspectratio>stretch</aspectratio>
                    <visible>ControlGroup(2141).HasFocus</visible>
                </control>
                <control type="button" id="21411">
                    <posx>450</posx>
                    <posy>0</posy>
                    <width>32</width>
                    <height>60</height>
                    <onleft>5</onleft>
                    <onright>21412</onright>
                    <onup>2405</onup>
                    <ondown>2143</ondown>
                    <texturefocus>buttons/spinctrl/arrow-light-down-fo.png</texturefocus>
                    <texturenofocus>buttons/spinctrl/arrow-light-down-nf.png</texturenofocus>
                    <onclick condition="stringcompare(Skin.String(HomeWidget.4.Type),script.randomandlastitems)">Skin.SetString(HomeWidget.4.Type,service.skin.widgets)</onclick>
                    <onclick condition="stringcompare(Skin.String(HomeWidget.4.Type),script.randomandlastitems)">Skin.SetString(HomeWidget.4.TypeName,$LOCALIZE[41553])</onclick>
                    <onclick condition="stringcompare(Skin.String(HomeWidget.4.Type),trendingshows)">Skin.SetString(HomeWidget.4.Type,script.randomandlastitems)</onclick>
                    <onclick condition="stringcompare(Skin.String(HomeWidget.4.Type),trendingshows)">Skin.SetString(HomeWidget.4.TypeName,$LOCALIZE[559])</onclick>
                    <onclick condition="stringcompare(Skin.String(HomeWidget.4.Type),service.skin.widgets) + System.HasAddon(script.extendedinfo)">Skin.SetString(HomeWidget.4.Type,trendingshows)</onclick>
                    <onclick condition="stringcompare(Skin.String(HomeWidget.4.Type),service.skin.widgets) + System.HasAddon(script.extendedinfo)">Skin.SetString(HomeWidget.4.TypeName,$LOCALIZE[41174])</onclick>
                    <onclick condition="stringcompare(Skin.String(HomeWidget.4.Type),service.skin.widgets) + !System.HasAddon(script.extendedinfo)">Skin.SetString(HomeWidget.4.Type,script.randomandlastitems)</onclick>
                    <onclick condition="stringcompare(Skin.String(HomeWidget.4.Type),service.skin.widgets) + !System.HasAddon(script.extendedinfo)">Skin.SetString(HomeWidget.4.TypeName,$LOCALIZE[559])</onclick>
                    <onclick condition="stringcompare(Skin.String(HomeWidget.4.Type),script.randomandlastitems)">Skin.SetString(HomeWidget.4.Type,service.skin.widgets)</onclick>
                    <onclick condition="stringcompare(Skin.String(HomeWidget.4.Type),script.randomandlastitems)">Skin.SetString(HomeWidget.4.TypeName,$LOCALIZE[41553])</onclick>
                </control>
                <control type="button" id="21412">
                    <posx>482</posx>
                    <posy>0</posy>
                    <width>32</width>
                    <height>60</height>
                    <onleft>21411</onleft>
                    <onright condition="Control.IsVisible(3)">3</onright>
                    <onright condition="!Control.IsVisible(3)">5</onright>
                    <onup>2405</onup>
                    <ondown>2143</ondown>
                    <texturefocus>buttons/spinctrl/arrow-light-up-fo.png</texturefocus>
                    <texturenofocus>buttons/spinctrl/arrow-light-up-nf.png</texturenofocus>
                    <onclick condition="stringcompare(Skin.String(HomeWidget.4.Type),service.skin.widgets)">Skin.SetString(HomeWidget.4.Type,script.randomandlastitems)</onclick>
                    <onclick condition="stringcompare(Skin.String(HomeWidget.4.Type),service.skin.widgets)">Skin.SetString(HomeWidget.4.TypeName,$LOCALIZE[559])</onclick>
                    <onclick condition="stringcompare(Skin.String(HomeWidget.4.Type),trendingshows)">Skin.SetString(HomeWidget.4.Type,service.skin.widgets)</onclick>
                    <onclick condition="stringcompare(Skin.String(HomeWidget.4.Type),trendingshows)">Skin.SetString(HomeWidget.4.TypeName,$LOCALIZE[41553])</onclick>
                    <onclick condition="stringcompare(Skin.String(HomeWidget.4.Type),script.randomandlastitems) + System.HasAddon(script.extendedinfo)">Skin.SetString(HomeWidget.4.Type,trendingshows)</onclick>
                    <onclick condition="stringcompare(Skin.String(HomeWidget.4.Type),script.randomandlastitems) + System.HasAddon(script.extendedinfo)">Skin.SetString(HomeWidget.4.TypeName,$LOCALIZE[41174])</onclick>
                    <onclick condition="stringcompare(Skin.String(HomeWidget.4.Type),script.randomandlastitems) + !System.HasAddon(script.extendedinfo)">Skin.SetString(HomeWidget.4.Type,service.skin.widgets)</onclick>
                    <onclick condition="stringcompare(Skin.String(HomeWidget.4.Type),script.randomandlastitems) + !System.HasAddon(script.extendedinfo)">Skin.SetString(HomeWidget.4.TypeName,$LOCALIZE[41551])</onclick>
                    <onclick condition="stringcompare(Skin.String(HomeWidget.4.Type),service.skin.widgets)">Skin.SetString(HomeWidget.4.Type,script.randomandlastitems)</onclick>
                    <onclick condition="stringcompare(Skin.String(HomeWidget.4.Type),service.skin.widgets)">Skin.SetString(HomeWidget.4.TypeName,$LOCALIZE[559])</onclick>
                </control>
                <control type="button">
                    <posx>0</posx>
                    <posy>0</posy>
                    <width>455</width>
                    <height>60</height>
                    <align>left</align>
                    <textoffsetx>20</textoffsetx>
                    <font>Font-Condensed-S30</font>
                    <textcolor>FF585858</textcolor>
                    <label>$LOCALIZE[41162]</label>
                    <label2>$INFO[Skin.String(HomeWidget.4.TypeName)]</label2>
                    <visible>!ControlGroup(2141).HasFocus</visible>
                </control>
                <control type="button">
                    <posx>0</posx>
                    <posy>0</posy>
                    <width>455</width>
                    <height>60</height>
                    <align>left</align>
                    <textoffsetx>20</textoffsetx>
                    <font>Font-Condensed-S30</font>
                    <textcolor>eewhite</textcolor>
                    <label>$LOCALIZE[41162]</label>
                    <label2>$INFO[Skin.String(HomeWidget.4.TypeName)]</label2>
                    <visible>ControlGroup(2141).HasFocus</visible>
                </control>
            </control>
            <control type="group" id="2142">
                <description>Fake spin control</description>
                <width>1210</width>
                <height>60</height>
                <animation effect="fade" start="100" end="50" time="0" condition="true">Conditional</animation>
                <control type="image">
                    <posx>0</posx>
                    <posy>0</posy>
                    <width>532</width>
                    <height>60</height>
                    <texture>dialogs/default/separator-btn.png</texture>
                    <aspectratio>stretch</aspectratio>
                </control>
                <control type="button" id="21421">
                    <posx>450</posx>
                    <posy>0</posy>
                    <width>32</width>
                    <height>60</height>
                    <texturefocus>buttons/spinctrl/arrow-light-down-fo.png</texturefocus>
                    <texturenofocus>buttons/spinctrl/arrow-light-down-nf.png</texturenofocus>
                    <onclick>noop</onclick>
                    <enable>false</enable>
                </control>
                <control type="button" id="21422">
                    <posx>482</posx>
                    <posy>0</posy>
                    <width>32</width>
                    <height>60</height>
                    <texturefocus>buttons/spinctrl/arrow-light-up-fo.png</texturefocus>
                    <texturenofocus>buttons/spinctrl/arrow-light-up-nf.png</texturenofocus>
                    <onclick>noop</onclick>
                    <enable>false</enable>
                </control>
                <control type="button">
                    <posx>0</posx>
                    <posy>0</posy>
                    <width>455</width>
                    <height>60</height>
                    <align>left</align>
                    <textoffsetx>20</textoffsetx>
                    <font>Font-Condensed-S30</font>
                    <textcolor>FF585858</textcolor>
                    <disabledcolor>77585858</disabledcolor>
                    <label>$LOCALIZE[41141]</label>
                    <label2 fallback="41550">$INFO[Skin.String(HomeWidget.4.SubTypeName)]</label2>
                    <enable>false</enable>
                </control>
            </control>
            <control type="button" id="2143">
                <include>SettingsCustomDialogButtonVars</include>
                <label>$LOCALIZE[559]</label>
                <label2>$INFO[Skin.String(HomeWidget.4.Playlist)]</label2>
                <onclick>Skin.SetFile(HomeWidget.4.Playlist,.xsp,special://profile/playlists/video/)</onclick>
                <enable>stringcompare(Skin.String(HomeWidget.4.Type),script.randomandlastitems)</enable>
                <animation effect="fade" start="100" end="50" time="0" condition="!stringcompare(Skin.String(HomeWidget.4.Type),script.randomandlastitems)">Conditional</animation>
            </control>
            <control type="radiobutton" id="2403">
                <include>SettingsCustomDialogRadioButtonVars</include>
                <label>$LOCALIZE[41164]</label>
                <onclick condition="!stringcompare(Skin.String(HomeWidget.4.Method),Random)">Skin.SetString(HomeWidget.4.Method,Random)</onclick>
                <onclick condition="stringcompare(Skin.String(HomeWidget.4.Method),Random)">Skin.SetString(HomeWidget.4.Method,Playlist)</onclick>
                <selected>stringcompare(Skin.String(HomeWidget.4.Method),Random)</selected>
                <enable>stringcompare(Skin.String(HomeWidget.4.Type),script.randomandlastitems)</enable>
                <animation effect="fade" start="100" end="50" time="0" condition="!stringcompare(Skin.String(HomeWidget.4.Type),script.randomandlastitems)">Conditional</animation>
            </control>
            <control type="radiobutton" id="2404">
                <include>SettingsCustomDialogRadioButtonVars</include>
                <label>$LOCALIZE[41165]</label>
                <onclick condition="!substring(Skin.String(HomeWidget.4.UnWatched),True)">Skin.SetString(HomeWidget.4.UnWatched,True)</onclick>
                <onclick condition="substring(Skin.String(HomeWidget.4.UnWatched),True)">Skin.SetString(HomeWidget.4.UnWatched,False)</onclick>
                <selected>substring(Skin.String(HomeWidget.4.UnWatched),True)</selected>
                <enable>stringcompare(Skin.String(HomeWidget.4.Type),script.randomandlastitems)</enable>
                <animation effect="fade" start="100" end="50" time="0" condition="!stringcompare(Skin.String(HomeWidget.4.Type),script.randomandlastitems)">Conditional</animation>
            </control>
            <control type="radiobutton" id="2405">
                <include>SettingsCustomDialogRadioButtonVars</include>
                <label>$LOCALIZE[41166]</label>
                <onclick condition="!substring(Skin.String(HomeWidget.4.Resume),True)">Skin.SetString(HomeWidget.4.Resume,True)</onclick>
                <onclick condition="substring(Skin.String(HomeWidget.4.Resume),True)">Skin.SetString(HomeWidget.4.Resume,False)</onclick>
                <selected>substring(Skin.String(HomeWidget.4.Resume),True)</selected>
                <enable>stringcompare(Skin.String(HomeWidget.4.Type),script.randomandlastitems)</enable>
                <animation effect="fade" start="100" end="50" time="0" condition="!stringcompare(Skin.String(HomeWidget.4.Type),script.randomandlastitems)">Conditional</animation>
            </control>
        </control>
    </include>
    
    <include name="PanelDialogHomeWidget5">
        <control type="grouplist" id="4">
            <posx>0</posx>
            <posy>0</posy>
            <width>532</width>
            <height>360</height>
            <itemgap>0</itemgap>
            <onup>4</onup>
            <ondown>4</ondown>
            <onleft>5</onleft>
            <onright condition="Control.IsVisible(3)">3</onright>
            <onright condition="!Control.IsVisible(3)">5</onright>
            <scrolltime>0</scrolltime>
            <orientation>vertical</orientation>
            <control type="group" id="2141">
                <description>Fake spin control</description>
                <width>1210</width>
                <height>60</height>
                <control type="image">
                    <posx>0</posx>
                    <posy>0</posy>
                    <width>532</width>
                    <height>60</height>
                    <texture>dialogs/default/separator-btn.png</texture>
                    <aspectratio>stretch</aspectratio>
                    <visible>!ControlGroup(2141).HasFocus</visible>
                </control>
                <control type="image">
                    <posx>0</posx>
                    <posy>0</posy>
                    <width>532</width>
                    <height>60</height>
                    <texture border="2">dialogs/default/highlight.png</texture>
                    <aspectratio>stretch</aspectratio>
                    <visible>ControlGroup(2141).HasFocus</visible>
                </control>
                <control type="button" id="21411">
                    <posx>450</posx>
                    <posy>0</posy>
                    <width>32</width>
                    <height>60</height>
                    <onleft>5</onleft>
                    <onright>21412</onright>
                    <onup>2405</onup>
                    <ondown>2143</ondown>
                    <texturefocus>buttons/spinctrl/arrow-light-down-fo.png</texturefocus>
                    <texturenofocus>buttons/spinctrl/arrow-light-down-nf.png</texturenofocus>
                    <onclick condition="stringcompare(Skin.String(HomeWidget.5.Type),script.randomandlastitems)">Skin.SetString(HomeWidget.5.Type,service.skin.widgets.random)</onclick>
                    <onclick condition="stringcompare(Skin.String(HomeWidget.5.Type),script.randomandlastitems)">Skin.SetString(HomeWidget.5.TypeName,$LOCALIZE[41556])</onclick>
                    <onclick condition="stringcompare(Skin.String(HomeWidget.5.Type),service.skin.widgets.recommended)">Skin.SetString(HomeWidget.5.Type,script.randomandlastitems)</onclick>
                    <onclick condition="stringcompare(Skin.String(HomeWidget.5.Type),service.skin.widgets.recommended)">Skin.SetString(HomeWidget.5.TypeName,$LOCALIZE[559])</onclick>
                    <onclick condition="stringcompare(Skin.String(HomeWidget.5.Type),service.skin.widgets.recent)">Skin.SetString(HomeWidget.5.Type,service.skin.widgets.recommended)</onclick>
                    <onclick condition="stringcompare(Skin.String(HomeWidget.5.Type),service.skin.widgets.recent)">Skin.SetString(HomeWidget.5.TypeName,$LOCALIZE[41555])</onclick>
                    <onclick condition="stringcompare(Skin.String(HomeWidget.5.Type),service.skin.widgets.random)">Skin.SetString(HomeWidget.5.Type,service.skin.widgets.recent)</onclick>
                    <onclick condition="stringcompare(Skin.String(HomeWidget.5.Type),service.skin.widgets.random)">Skin.SetString(HomeWidget.5.TypeName,$LOCALIZE[41554])</onclick>
                    <onclick condition="stringcompare(Skin.String(HomeWidget.5.Type),script.randomandlastitems)">Skin.SetString(HomeWidget.5.Type,service.skin.widgets.random)</onclick>
                    <onclick condition="stringcompare(Skin.String(HomeWidget.5.Type),script.randomandlastitems)">Skin.SetString(HomeWidget.5.TypeName,$LOCALIZE[41556])</onclick>
                </control>
                <control type="button" id="21412">
                    <posx>482</posx>
                    <posy>0</posy>
                    <width>32</width>
                    <height>60</height>
                    <onleft>21411</onleft>
                    <onright condition="Control.IsVisible(3)">3</onright>
                    <onright condition="!Control.IsVisible(3)">5</onright>
                    <onup>2405</onup>
                    <ondown>2143</ondown>
                    <texturefocus>buttons/spinctrl/arrow-light-up-fo.png</texturefocus>
                    <texturenofocus>buttons/spinctrl/arrow-light-up-nf.png</texturenofocus>
                    <onclick condition="stringcompare(Skin.String(HomeWidget.5.Type),service.skin.widgets.random)">Skin.SetString(HomeWidget.5.Type,script.randomandlastitems)</onclick>
                    <onclick condition="stringcompare(Skin.String(HomeWidget.5.Type),service.skin.widgets.random)">Skin.SetString(HomeWidget.5.TypeName,$LOCALIZE[559])</onclick>
                    <onclick condition="stringcompare(Skin.String(HomeWidget.5.Type),service.skin.widgets.recent)">Skin.SetString(HomeWidget.5.Type,service.skin.widgets.random)</onclick>
                    <onclick condition="stringcompare(Skin.String(HomeWidget.5.Type),service.skin.widgets.recent)">Skin.SetString(HomeWidget.5.TypeName,$LOCALIZE[41556])</onclick>
                    <onclick condition="stringcompare(Skin.String(HomeWidget.5.Type),service.skin.widgets.recommended)">Skin.SetString(HomeWidget.5.Type,service.skin.widgets.recent)</onclick>
                    <onclick condition="stringcompare(Skin.String(HomeWidget.5.Type),service.skin.widgets.recommended)">Skin.SetString(HomeWidget.5.TypeName,$LOCALIZE[41554])</onclick>
                    <onclick condition="stringcompare(Skin.String(HomeWidget.5.Type),script.randomandlastitems)">Skin.SetString(HomeWidget.5.Type,service.skin.widgets.recommended)</onclick>
                    <onclick condition="stringcompare(Skin.String(HomeWidget.5.Type),script.randomandlastitems)">Skin.SetString(HomeWidget.5.TypeName,$LOCALIZE[41555])</onclick>
                    <onclick condition="stringcompare(Skin.String(HomeWidget.5.Type),service.skin.widgets.random)">Skin.SetString(HomeWidget.5.Type,script.randomandlastitems)</onclick>
                    <onclick condition="stringcompare(Skin.String(HomeWidget.5.Type),service.skin.widgets.random)">Skin.SetString(HomeWidget.5.TypeName,$LOCALIZE[559])</onclick>
                </control>
                <control type="button">
                    <posx>0</posx>
                    <posy>0</posy>
                    <width>455</width>
                    <height>60</height>
                    <align>left</align>
                    <textoffsetx>20</textoffsetx>
                    <font>Font-Condensed-S30</font>
                    <textcolor>FF585858</textcolor>
                    <label>$LOCALIZE[41162]</label>
                    <label2>$INFO[Skin.String(HomeWidget.5.TypeName)]</label2>
                    <visible>!ControlGroup(2141).HasFocus</visible>
                </control>
                <control type="button">
                    <posx>0</posx>
                    <posy>0</posy>
                    <width>455</width>
                    <height>60</height>
                    <align>left</align>
                    <textoffsetx>20</textoffsetx>
                    <font>Font-Condensed-S30</font>
                    <textcolor>eewhite</textcolor>
                    <label>$LOCALIZE[41162]</label>
                    <label2>$INFO[Skin.String(HomeWidget.5.TypeName)]</label2>
                    <visible>ControlGroup(2141).HasFocus</visible>
                </control>
            </control>
            <control type="group" id="2142">
                <description>Fake spin control</description>
                <width>1210</width>
                <height>60</height>
                <animation effect="fade" start="100" end="50" time="0" condition="true">Conditional</animation>
                <control type="image">
                    <posx>0</posx>
                    <posy>0</posy>
                    <width>532</width>
                    <height>60</height>
                    <texture>dialogs/default/separator-btn.png</texture>
                    <aspectratio>stretch</aspectratio>
                </control>
                <control type="button" id="21421">
                    <posx>450</posx>
                    <posy>0</posy>
                    <width>32</width>
                    <height>60</height>
                    <texturefocus>buttons/spinctrl/arrow-light-down-fo.png</texturefocus>
                    <texturenofocus>buttons/spinctrl/arrow-light-down-nf.png</texturenofocus>
                    <onclick>noop</onclick>
                    <enable>false</enable>
                </control>
                <control type="button" id="21422">
                    <posx>482</posx>
                    <posy>0</posy>
                    <width>32</width>
                    <height>60</height>
                    <texturefocus>buttons/spinctrl/arrow-light-up-fo.png</texturefocus>
                    <texturenofocus>buttons/spinctrl/arrow-light-up-nf.png</texturenofocus>
                    <onclick>noop</onclick>
                    <enable>false</enable>
                </control>
                <control type="button">
                    <posx>0</posx>
                    <posy>0</posy>
                    <width>455</width>
                    <height>60</height>
                    <align>left</align>
                    <textoffsetx>20</textoffsetx>
                    <font>Font-Condensed-S30</font>
                    <textcolor>FF585858</textcolor>
                    <disabledcolor>77585858</disabledcolor>
                    <label>$LOCALIZE[41141]</label>
                    <label2>$INFO[Skin.String(HomeWidget.5.SubTypeName)]</label2>
                    <enable>false</enable>
                </control>
            </control>
            <control type="button" id="2143">
                <include>SettingsCustomDialogButtonVars</include>
                <label>$LOCALIZE[559]</label>
                <label2>$INFO[Skin.String(HomeWidget.5.Playlist)]</label2>
                <onclick>Skin.SetFile(HomeWidget.5.Playlist,.xsp,special://profile/playlists/music/)</onclick>
                <enable>stringcompare(Skin.String(HomeWidget.5.Type),script.randomandlastitems)</enable>
                <animation effect="fade" start="100" end="50" time="0" condition="!stringcompare(Skin.String(HomeWidget.5.Type),script.randomandlastitems)">Conditional</animation>
            </control>
            <control type="radiobutton" id="2403">
                <include>SettingsCustomDialogRadioButtonVars</include>
                <label>$LOCALIZE[41164]</label>
                <onclick condition="!stringcompare(Skin.String(HomeWidget.5.Method),Random)">Skin.SetString(HomeWidget.5.Method,Random)</onclick>
                <onclick condition="stringcompare(Skin.String(HomeWidget.5.Method),Random)">Skin.SetString(HomeWidget.5.Method,Playlist)</onclick>
                <selected>stringcompare(Skin.String(HomeWidget.5.Method),Random)</selected>
                <enable>stringcompare(Skin.String(HomeWidget.5.Type),script.randomandlastitems)</enable>
                <animation effect="fade" start="100" end="50" time="0" condition="!stringcompare(Skin.String(HomeWidget.5.Type),script.randomandlastitems)">Conditional</animation>
            </control>
            <control type="radiobutton" id="2404">
                <include>SettingsCustomDialogRadioButtonVars</include>
                <label>$LOCALIZE[41165]</label>
                <onclick condition="!substring(Skin.String(HomeWidget.5.UnWatched),True)">Skin.SetString(HomeWidget.5.UnWatched,True)</onclick>
                <onclick condition="substring(Skin.String(HomeWidget.5.UnWatched),True)">Skin.SetString(HomeWidget.5.UnWatched,False)</onclick>
                <selected>substring(Skin.String(HomeWidget.5.UnWatched),True)</selected>
                <enable>stringcompare(Skin.String(HomeWidget.5.Type),script.randomandlastitems)</enable>
                <animation effect="fade" start="100" end="50" time="0" condition="!stringcompare(Skin.String(HomeWidget.5.Type),script.randomandlastitems)">Conditional</animation>
            </control>
            <control type="radiobutton" id="2405">
                <include>SettingsCustomDialogRadioButtonVars</include>
                <label>$LOCALIZE[41166]</label>
                <onclick condition="!substring(Skin.String(HomeWidget.5.Resume),True)">Skin.SetString(HomeWidget.5.Resume,True)</onclick>
                <onclick condition="substring(Skin.String(HomeWidget.5.Resume),True)">Skin.SetString(HomeWidget.5.Resume,False)</onclick>
                <selected>substring(Skin.String(HomeWidget.5.Resume),True)</selected>
                <enable>stringcompare(Skin.String(HomeWidget.5.Type),script.randomandlastitems)</enable>
                <animation effect="fade" start="100" end="50" time="0" condition="!stringcompare(Skin.String(HomeWidget.5.Type),script.randomandlastitems)">Conditional</animation>
            </control>
        </control>
    </include>
    
    <include name="PanelDialogHomeWidgets">
        <control type="group">
            <visible>!Window.IsVisible(yesnodialog)</visible>
            <animation type="Visible" reversible="false">
                <effect type="zoom" start="75" end="100" center="960,540" easing="out" tween="back" time="300" />
                <effect type="fade" start="0" end="100" time="175" />
            </animation>
            <animation type="Hidden" reversible="false">
                <effect type="fade" start="100" end="0" time="0" />
            </animation>
            <control type="group">
                <include>KeyboardAnimations</include>
                <visible>!Window.IsVisible(virtualkeyboard)</visible>
                
                <control type="label">
                    <description>Heading</description>
                    <posx>473</posx>
                    <posy>278</posy>
                    <width>974</width>
                    <font>Font-Condensed-S34</font>
                    <label>$INFO[Window(skinsettings).property(Dialog)]</label>
                    <textcolor>ddwhite</textcolor>
                    <align>center</align>
                </control>
                
                <control type="image">
                    <posx>920</posx>
                    <posy>306</posy>
                    <width>80</width>
                    <height>60</height>
                    <texture>dialogs/default/arrow.png</texture>
                </control>
                <control type="image">
                    <posx>524</posx>
                    <posy>326</posy>
                    <width>872</width>
                    <height>428</height>
                    <texture border="39">dialogs/default/bg.png</texture>
                </control>
                <control type="image">
                	<posx>558</posx>
                	<posy>360</posy>
                	<width>532</width>
                	<height>361</height>
                	<texture border="5">dialogs/default/inner.png</texture>
                </control>
                <control type="image">
                	<posx>1104</posx>
                	<posy>360</posy>
                	<width>258</width>
                	<height>361</height>
                	<texture border="5">dialogs/default/inner.png</texture>
                </control>
                
                <control type="list" id="3">
                    <posx>1104</posx>
                    <posy>360</posy>
                    <width>258</width>
                    <height>360</height>
                    <onup>3</onup>
                    <ondown>3</ondown>
                    <onleft>4</onleft>
                    <onright>6</onright>
                    <scrolltime tween="cubic" easing="out">500</scrolltime>
                    <orientation>vertical</orientation>
                    <itemlayout width="257" height="60">
                        <control type="image">
                            <posx>0</posx>
                            <posy>1</posy>
                            <width>258</width>
                            <height>60</height>
                            <texture>dialogs/default/separator.png</texture>
                        </control>
                        <control type="label">
                            <posx>20</posx>
                            <width>218</width>
                            <height>60</height>
                            <align>left</align>
                            <font>Font-Condensed-S30</font>
                            <textcolor>FF585858</textcolor>
                            <shadowcolor>20FFFFFF</shadowcolor>
                            <label>$INFO[ListItem.Label]</label>
                        </control>
                    </itemlayout>
                    <focusedlayout width="257" height="60">
                        <control type="image">
                            <posx>0</posx>
                            <posy>1</posy>
                            <width>258</width>
                            <height>60</height>
                            <texture>dialogs/default/separator.png</texture>
                        </control>
                        <control type="image">
                            <width>258</width>
                            <height>60</height>
                            <texture>windows/common/black.png</texture>
                            <colordiffuse>15FFFFFF</colordiffuse>
                            <visible>!Control.HasFocus(3)</visible>
                        </control>
                        <control type="image">
                            <width>258</width>
                            <height>60</height>
                            <texture border="2">dialogs/default/highlight.png</texture>
                            <visible>Control.HasFocus(3)</visible>
                        </control>
                        <control type="label">
                            <posx>20</posx>
                            <width>218</width>
                            <height>60</height>
                            <align>left</align>
                            <font>Font-Condensed-S30</font>
                            <textcolor>eewhite</textcolor>
                            <shadowcolor>20FFFFFF</shadowcolor>
                            <label>$INFO[ListItem.Label]</label>
                        </control>
                    </focusedlayout>
                    <content>
                        <item id="1">
                            <label>$LOCALIZE[41162] 1 ($LOCALIZE[41524])</label>
                            <onclick>noop</onclick>
                        </item>
                        <item id="2">
                            <label>$LOCALIZE[41162] 2 ($LOCALIZE[41524])</label>
                            <onclick>noop</onclick>
                        </item>
                        <item id="3">
                            <label>$LOCALIZE[41162] 3 ($LOCALIZE[342])</label>
                            <onclick>noop</onclick>
                        </item>
                        <item id="4">
                            <label>$LOCALIZE[41162] 4 ($LOCALIZE[20343])</label>
                            <onclick>noop</onclick>
                        </item>
                        <item id="5">
                            <label>$LOCALIZE[41162] 5 ($LOCALIZE[2])</label>
                            <onclick>noop</onclick>
                        </item>
                    </content>
                </control>
                
                <control type="group">
                    <posx>558</posx>
                    <posy>360</posy>
                    <visible>Container(3).HasFocus(1)</visible>
                    <include>PanelDialogHomeWidget1</include>
                </control>
                <control type="group">
                    <posx>558</posx>
                    <posy>360</posy>
                    <visible>Container(3).HasFocus(2)</visible>
                    <include>PanelDialogHomeWidget2</include>
                </control>
                <control type="group">
                    <posx>558</posx>
                    <posy>360</posy>
                    <visible>Container(3).HasFocus(3)</visible>
                    <include>PanelDialogHomeWidget3</include>
                </control>
                <control type="group">
                    <posx>558</posx>
                    <posy>360</posy>
                    <visible>Container(3).HasFocus(4)</visible>
                    <include>PanelDialogHomeWidget4</include>
                </control>
                <control type="group">
                    <posx>558</posx>
                    <posy>360</posy>
                    <visible>Container(3).HasFocus(5)</visible>
                    <include>PanelDialogHomeWidget5</include>
                </control>
                               
                <control type="group">
                    <posx>546</posx>
                    <posy>716</posy>
                    <control type="button" id="5">
                        <description>Close</description>
                        <texturefocus>buttons/cancel-fo.png</texturefocus>
                        <texturenofocus>buttons/cancel-nf.png</texturenofocus>
                        <include>DialogButtonDimensions</include>
                        <onleft>6</onleft>
                        <onright>6</onright>
                        <onup>3</onup>
                        <ondown>3</ondown>
                        <label>$LOCALIZE[42002]</label>
                        <onclick>PreviousMenu</onclick>
                    </control>
                    <control type="button" id="6">
                        <posx>60</posx>
                        <description>Default settings</description>
                        <label>$LOCALIZE[409]</label>
                        <width>500</width>
                        <include>DialogButtonDimensionsRightAlign</include>
                        <texturefocus border="0,0,100,0">buttons/options-right-fo.png</texturefocus>
                        <texturenofocus border="0,0,100,0">buttons/options-right-nf.png</texturenofocus>
                        <onup>3</onup>
                        <ondown>3</ondown>
                        <onleft>5</onleft>
                        <onright>5</onright>
                        <onclick condition="Container(3).HasFocus(1)">SetFocus(11)</onclick>
                        <onclick condition="Container(3).HasFocus(2)">SetFocus(12)</onclick>
                        <onclick condition="Container(3).HasFocus(3)">SetFocus(13)</onclick>
                        <onclick condition="Container(3).HasFocus(4)">SetFocus(14)</onclick>
                        <onclick condition="Container(3).HasFocus(5)">SetFocus(15)</onclick>
                        <visible>!Control.HasFocus(2142)</visible>
                        <include>visiblehidefadeinfo</include>
                    </control>
                    <control type="button" id="11">
                        <onfocus>Skin.SetString(HomeWidget.1.Type,service.skin.widgets)</onfocus>
                        <onfocus>Skin.SetString(HomeWidget.1.TypeName,$LOCALIZE[41550])</onfocus>
                        <onfocus>Skin.SetString(HomeWidget.1.SubType,Movie)</onfocus>
                        <onfocus>Skin.SetString(HomeWidget.1.SubTypeName,$LOCALIZE[342])</onfocus>
                        <onfocus>Skin.SetString(HomeWidget.1.Method,Playlist)</onfocus>
                        <onfocus>Skin.SetString(HomeWidget.1.UnWatched,False)</onfocus>
                        <onfocus>Skin.SetString(HomeWidget.1.Resume,False)</onfocus>
                        <onfocus>SetFocus(6)</onfocus>
                        <visible allowhiddenfocus="true">false</visible>
                    </control>
                    <control type="button" id="12">
                        <onfocus>Skin.SetString(HomeWidget.2.Type,service.skin.widgets)</onfocus>
                        <onfocus>Skin.SetString(HomeWidget.2.TypeName,$LOCALIZE[41551])</onfocus>
                        <onfocus>Skin.SetString(HomeWidget.2.SubType,Movie)</onfocus>
                        <onfocus>Skin.SetString(HomeWidget.2.SubTypeName,$LOCALIZE[342])</onfocus>
                        <onfocus>Skin.SetString(HomeWidget.2.Method,Playlist)</onfocus>
                        <onfocus>Skin.SetString(HomeWidget.2.UnWatched,False)</onfocus>
                        <onfocus>Skin.SetString(HomeWidget.2.Resume,False)</onfocus>
                        <onfocus>SetFocus(6)</onfocus>
                        <visible allowhiddenfocus="true">false</visible>
                    </control>
                    <control type="button" id="13">
                        <onfocus>Skin.SetString(HomeWidget.3.Type,service.skin.widgets)</onfocus>
                        <onfocus>Skin.SetString(HomeWidget.3.TypeName,$LOCALIZE[41552])</onfocus>
                        <onfocus>Skin.SetString(HomeWidget.3.SubType,Movie)</onfocus>
                        <onfocus>Skin.SetString(HomeWidget.3.SubTypeName,$LOCALIZE[342])</onfocus>
                        <onfocus>Skin.SetString(HomeWidget.3.Method,Playlist)</onfocus>
                        <onfocus>Skin.SetString(HomeWidget.3.UnWatched,False)</onfocus>
                        <onfocus>Skin.SetString(HomeWidget.3.Resume,False)</onfocus>
                        <onfocus>SetFocus(6)</onfocus>
                        <visible allowhiddenfocus="true">false</visible>
                    </control>
                    <control type="button" id="14">
                        <onfocus>Skin.SetString(HomeWidget.4.Type,service.skin.widgets)</onfocus>
                        <onfocus>Skin.SetString(HomeWidget.4.TypeName,$LOCALIZE[41553])</onfocus>
                        <onfocus>Skin.SetString(HomeWidget.4.SubType,Episode)</onfocus>
                        <onfocus>Skin.SetString(HomeWidget.4.SubTypeName,$LOCALIZE[20360])</onfocus>
                        <onfocus>Skin.SetString(HomeWidget.4.Method,Playlist)</onfocus>
                        <onfocus>Skin.SetString(HomeWidget.4.UnWatched,False)</onfocus>
                        <onfocus>Skin.SetString(HomeWidget.4.Resume,False)</onfocus>
                        <onfocus>SetFocus(6)</onfocus>
                        <visible allowhiddenfocus="true">false</visible>
                    </control>
                    <control type="button" id="15">
                        <onfocus>Skin.SetString(HomeWidget.5.Type,service.skin.widgets.random)</onfocus>
                        <onfocus>Skin.SetString(HomeWidget.5.TypeName,$LOCALIZE[41556])</onfocus>
                        <onfocus>Skin.SetString(HomeWidget.5.SubType,Music)</onfocus>
                        <onfocus>Skin.SetString(HomeWidget.5.SubTypeName,$LOCALIZE[2])</onfocus>
                        <onfocus>Skin.SetString(HomeWidget.5.Method,Playlist)</onfocus>
                        <onfocus>Skin.SetString(HomeWidget.5.UnWatched,False)</onfocus>
                        <onfocus>Skin.SetString(HomeWidget.5.Resume,False)</onfocus>
                        <onfocus>SetFocus(6)</onfocus>
                        <visible allowhiddenfocus="true">false</visible>
                    </control>
                </control>              
            </control>
        </control>
    </include>
    
</includes>