<?xml version="1.0" encoding="UTF-8"?>
<window type="window" id="1113">
    <zorder>1</zorder>
    <animation type="WindowOpen" reversible="false">
        <effect type="fade" start="0" end="100" time="200" />
    </animation>
    <animation type="WindowClose" reversible="false">
        <effect type="fade" start="100" end="0" time="200" />
    </animation>
    <controls>
        <control type="image">
            <include>Dimensions_Fullscreen</include>
            <texture border="1">common/black.png</texture>
        </control>
    </controls>
</window>