<?xml version="1.0" encoding="UTF-8"?>
<window type="dialog" id="1111">
    <defaultcontrol>7000</defaultcontrol>
    <zorder>1</zorder>
    <animation effect="fade" start="100" end="0" time="400">WindowClose</animation>
    <animation effect="fade" end="100" start="0" time="400">WindowOpen</animation>
    <controls>
        <control type="image">
            <posx>600</posx>
            <posy>72</posy>
            <width>1320</width>
            <height>918</height>
            <include>toast_back</include>
        </control>
        <control type="list" id="7000">
            <description>Properties</description>
            <posx>600</posx>
            <posy>72</posy>
            <width>1320</width>
            <height>918</height>
            <onup>7000</onup>
            <ondown>7000</ondown>
            <onleft>7000</onleft>
            <onright>7000</onright>
            <onback>Dialog.Close()</onback>
            <orientation>vertical</orientation>
            <scrolltime>200</scrolltime>
            <itemlayout width="1320" height="72">
                <control type="image">
                    <width>256</width>
                    <height>72</height>
                    <include>toast_back</include>
                </control>
                <control type="image">
                    <posx>256</posx>
                    <width>1064</width>
                    <height>72</height>
                    <include>toast_back</include>
                </control>
                <control type="label">
                    <posx>256</posx>
                    <width>256</width>
                    <height>72</height>
                    <font>Small</font>
                    <align>right</align>
                    <label>$INFO[ListItem.Label]</label>
                    <textoffsetx>8</textoffsetx>
                    <textcolor>$VAR[ThemeColorVar]</textcolor>
                </control>
                <control type="label">
                    <posx>256</posx>
                    <width>1064</width>
                    <height>72</height>
                    <font>Small</font>
                    <label>$INFO[ListItem.Label2]</label>
                    <textoffsetx>8</textoffsetx>
                </control>
            </itemlayout>
            <focusedlayout width="1320" height="72">
                <control type="image">
                    <width>256</width>
                    <height>72</height>
                    <include>toast_back</include>
                </control>
                <control type="image">
                    <posx>256</posx>
                    <width>1064</width>
                    <height>72</height>
                    <include>toast_back</include>
                </control>
                <control type="image">
                    <posx>256</posx>
                    <width>1064</width>
                    <height>72</height>
                    <texture>dialogs/listitem_focus.png</texture>
                    <visible>Control.HasFocus(7000)</visible>
                </control>
                <control type="label">
                    <posx>256</posx>
                    <width>256</width>
                    <height>72</height>
                    <font>Small</font>
                    <align>right</align>
                    <label>$INFO[ListItem.Label]</label>
                    <textoffsetx>8</textoffsetx>
                    <textcolor>$VAR[ThemeColorVar]</textcolor>
                </control>
                <control type="label">
                    <posx>256</posx>
                    <width>1064</width>
                    <height>72</height>
                    <font>Small</font>
                    <label>$INFO[ListItem.Label2]</label>
                    <textoffsetx>8</textoffsetx>
                </control>
            </focusedlayout>
            <content>
                <item>
                    <label>$LOCALIZE[20376]:</label>
                    <label2>$INFO[ListItem.OriginalTitle]</label2>
                    <onclick>RunScript(script.libraryeditor,DBID=$INFO[ListItem.DBID]&amp;tag=originaltitle&amp;type=Movie)</onclick>
                </item>
                <item>
                    <label>$LOCALIZE[20339]:</label>
                    <label2>$INFO[ListItem.Director]</label2>
                    <onclick>RunScript(script.libraryeditor,DBID=$INFO[ListItem.DBID]&amp;tag=director&amp;type=Movie)</onclick>
                </item>
                <item>
                    <label>$LOCALIZE[20417]:</label>
                    <label2>$INFO[ListItem.Writer]</label2>
                    <onclick>RunScript(script.libraryeditor,DBID=$INFO[ListItem.DBID]&amp;tag=writer&amp;type=Movie)</onclick>
                </item>
                <item>
                    <label>$LOCALIZE[572]:</label>
                    <label2>$INFO[ListItem.Studio]</label2>
                    <onclick>RunScript(script.libraryeditor,DBID=$INFO[ListItem.DBID]&amp;tag=studio&amp;type=Movie)</onclick>
                </item>
                <item>
                    <label>$LOCALIZE[515]:</label>
                    <label2>$INFO[ListItem.Genre]</label2>
                    <onclick>RunScript(script.libraryeditor,DBID=$INFO[ListItem.DBID]&amp;tag=genre&amp;type=Movie)</onclick>
                </item>
                <item>
                    <label>$LOCALIZE[562]:</label>
                    <label2>$INFO[ListItem.Year]</label2>
                    <onclick>RunScript(script.libraryeditor,DBID=$INFO[ListItem.DBID]&amp;tag=year&amp;type=Movie)</onclick>
                </item>
                <item>
                    <label>$LOCALIZE[563]:</label>
                    <label2>$INFO[ListItem.Rating]$INFO[ListItem.RatingAndVotes, (,)]</label2>
                    <onclick>RunScript(script.libraryeditor,DBID=$INFO[ListItem.DBID]&amp;tag=rating&amp;type=Movie)</onclick>
                </item>
                <item>
                    <label>$LOCALIZE[13409]:</label>
                    <label2>$INFO[ListItem.Top250]</label2>
                    <onclick>RunScript(script.libraryeditor,DBID=$INFO[ListItem.DBID]&amp;tag=top250&amp;type=Movie)</onclick>
                </item>
                <item>
                    <label>$LOCALIZE[202]:</label>
                    <label2>$INFO[ListItem.TagLine]</label2>
                    <onclick>RunScript(script.libraryeditor,DBID=$INFO[ListItem.DBID]&amp;tag=tagline&amp;type=Movie)</onclick>
                </item>
                <item>
                    <label>$LOCALIZE[203]:</label>
                    <label2>$INFO[ListItem.PlotOutline]</label2>
                    <onclick>RunScript(script.libraryeditor,DBID=$INFO[ListItem.DBID]&amp;tag=plotoutline&amp;type=Movie)</onclick>
                </item>
                <item>
                    <label>$LOCALIZE[20074]:</label>
                    <label2>$INFO[ListItem.mpaa]</label2>
                    <onclick>RunScript(script.libraryeditor,DBID=$INFO[ListItem.DBID]&amp;tag=mpaa&amp;type=Movie)</onclick>
                </item>
                <item>
                    <label>$LOCALIZE[15311]</label>
                    <label2>$INFO[ListItem.FilenameAndPath]</label2>
                    <onclick>noop</onclick>
                </item>
            </content>
        </control>
    </controls>
</window>