<?xml version="1.0" encoding="UTF-8"?>
<window type="dialog" id="1114">
    <defaultcontrol always="true">9050</defaultcontrol>
    <zorder>1</zorder>
    <controls>
        <control type="group">
            <animation type="WindowOpen" reversible="false">
                <effect type="fade" start="0" end="100" time="200" />
            </animation>
            <animation type="WindowClose" reversible="false">
                <effect type="fade" start="100" end="0" time="200" />
            </animation>
            <control type="image">
                <posx>0</posx>
                <posy>0</posy>
                <width>1920</width>
                <height>550</height>
                <texture>views/showcase/cling_back.png</texture>
            </control>
            <control type="image">
                <posx>0</posx>
                <posy>950</posy>
                <width>1920</width>
                <height>130</height>
                <texture>views/showcase/cling_back.png</texture>
            </control>
            <control type="image">
                <posx>170</posx>
                <posy>550</posy>
                <width>1560</width>
                <height>400</height>
                <texture>views/showcase/cling_back.png</texture>
            </control>
            <control type="image">
                <posx>-30</posx>
                <posy>550</posy>
                <width>200</width>
                <height>200</height>
                <texture>views/showcase/cling_target.png</texture>
            </control>
            <control type="image">
                <posx>38</posx>
                <posy>618</posy>
                <width>64</width>
                <height>64</height>
                <texture>icons/arrow_right.png</texture>
                <animation effect="rotate" end="180" center="auto" time="0" condition="true">Conditional</animation>
            </control>
            <control type="image">
                <posx>-30</posx>
                <posy>750</posy>
                <width>200</width>
                <height>200</height>
                <texture>views/showcase/cling_target.png</texture>
            </control>
            <control type="image">
                <posx>38</posx>
                <posy>818</posy>
                <width>64</width>
                <height>64</height>
                <texture>icons/arrow_right.png</texture>
                <animation effect="rotate" end="-90" center="auto" time="0" condition="true">Conditional</animation>
            </control>
            <control type="image">
                <posx>1730</posx>
                <posy>550</posy>
                <width>200</width>
                <height>200</height>
                <texture>views/showcase/cling_target.png</texture>
            </control>
            <control type="image">
                <posx>1798</posx>
                <posy>618</posy>
                <width>64</width>
                <height>64</height>
                <texture>icons/arrow_right.png</texture>
            </control>
            <control type="image">
                <posx>1730</posx>
                <posy>750</posy>
                <width>200</width>
                <height>200</height>
                <texture>views/showcase/cling_target.png</texture>
            </control>
            <control type="image">
                <posx>1798</posx>
                <posy>818</posy>
                <width>64</width>
                <height>64</height>
                <texture>icons/arrow_right.png</texture>
                <animation effect="rotate" end="90" center="auto" time="0" condition="true">Conditional</animation>
            </control>
            <control type="label">
                <posy>550</posy>
                <posx>170</posx>
                <width>1560</width>
                <height>200</height>
                <font>Medium_Caps3</font>
                <align>center</align>
                <label>31033</label>
                <textcolor>White2</textcolor>
                <textoffsetx>15</textoffsetx>
            </control>
            <control type="label">
                <posy>750</posy>
                <posx>170</posx>
                <width>1560</width>
                <height>200</height>
                <font>Medium_Caps3</font>
                <align>center</align>
                <label>31034</label>
                <textcolor>White2</textcolor>
                <textoffsetx>15</textoffsetx>
            </control>
        </control>
    </controls>
</window>