<?xml version="1.0" encoding="UTF-8"?>
<window type="dialog" id="1112">
    <defaultcontrol>10</defaultcontrol>
    <zorder>1</zorder>
    <onunload>SetFocus(8000)</onunload>
    <controls>
        <control type="button">
            <include>TouchOverlay</include>
            <onclick>Dialog.Close(1112)</onclick>
        </control>
        <control type="group">
            <animation type="WindowOpen" reversible="false">
                <effect type="zoom" start="0" end="100" center="auto" easing="out" tween="cubic" time="200" />
                <effect type="fade" start="0" end="100" time="200" />
            </animation>
            <animation type="WindowClose" reversible="false">
                <effect type="zoom" start="100" end="0" center="auto" easing="in" tween="cubic" time="200" />
                <effect type="fade" start="100" end="0" time="200" />
            </animation>
            <posx>1325</posx>
            <posy>72</posy>
            <control type="grouplist" id="10">
                <posx>0</posx>
                <width>600</width>
                <height>1080</height>
                <itemgap>0</itemgap>
                <onleft>3110</onleft>
                <onright>3110</onright>
                <onup>3110</onup>
                <ondown>3110</ondown>
                <orientation>vertical</orientation>
                <control type="button" id="1">
                    <description>Single image</description>
                    <width>600</width>
                    <label>1030</label>
                    <onclick>Dialog.Close(1112)</onclick>
                    <onclick>Skin.SetImage(DefaultBG)</onclick>
                    <texturefocus border="14,0,14,0">dialogs/contextmenu_focus.png</texturefocus>
                    <texturenofocus border="14,0,14,2">dialogs/contextmenu_nofocus.png</texturenofocus>
                </control>
                <control type="button" id="2">
                    <description>Multi image</description>
                    <width>600</width>
                    <label>1031</label>
                    <onclick>Dialog.Close(1112)</onclick>
                    <onclick>Skin.SetPath(DefaultBG)</onclick>
                    <texturefocus border="14,0,14,0">dialogs/contextmenu_focus.png</texturefocus>
                    <texturenofocus border="14,0,14,2">dialogs/contextmenu_nofocus.png</texturenofocus>
                </control>
                <control type="radiobutton" id="3">
                    <description>Random fanart</description>
                    <width>600</width>
                    <label>31012</label>
                    <onclick>Dialog.Close(1112)</onclick>
                    <onclick>Skin.SetString(DefaultBG,1)</onclick>
                    <selected>StringCompare(Skin.String(DefaultBG),1)</selected>
                    <texturefocus border="14,0,14,0">dialogs/contextmenu_focus.png</texturefocus>
                    <texturenofocus border="14,0,14,2">dialogs/contextmenu_nofocus.png</texturenofocus>
                </control>
                <control type="radiobutton" id="8">
                    <description>Fanart toggle</description>
                    <width>600</width>
                    <label>31004</label>
                    <onclick>Dialog.Close(1112)</onclick>
                    <onclick>Skin.ToggleSetting(Disable.Fanart)</onclick>
                    <selected>!Skin.HasSetting(Disable.Fanart)</selected>
                    <texturefocus border="14,0,14,0">dialogs/contextmenu_focus.png</texturefocus>
                    <texturenofocus border="14,0,14,2">dialogs/contextmenu_nofocus.png</texturenofocus>
                </control>
                <control type="button" id="9">
                    <description>Reset</description>
                    <width>600</width>
                    <label>31005</label>
                    <onclick>Dialog.Close(1112)</onclick>
                    <onclick>Skin.Reset(DefaultBG)</onclick>
                    <texturefocus border="14,0,14,0">dialogs/contextmenu_focus.png</texturefocus>
                    <texturenofocus border="14,0,14,2">dialogs/contextmenu_nofocus.png</texturenofocus>
                </control>
                <control type="button" id="11">
                    <description>Heading label</description>
                    <width>600</width>
                    <label>21389</label>
                    <onclick>noop</onclick>
                    <aligny>top</aligny>
                    <textoffsety>6</textoffsety>
                    <texturefocus border="14,14,14,3">dialogs/contextmenu_bottom.png</texturefocus>
                    <texturenofocus border="14,14,14,3">dialogs/contextmenu_bottom.png</texturenofocus>
                    <disabledcolor>$VAR[ThemeColorVar]</disabledcolor>
                    <enable>no</enable>
                </control>
            </control>
        </control>
    </controls>
</window>