<?xml version="1.0" encoding="UTF-8"?>
<includes>

    <default type="label">
        <posx>0</posx>
        <posy>0</posy>
        <label>-</label>
        <height>66</height>
        <align>left</align>
        <aligny>center</aligny>
        <font>Small</font>
        <textcolor>White</textcolor>
        <focusedcolor>White</focusedcolor>
        <selectedcolor>Selected</selectedcolor>
        <disabledcolor>Red</disabledcolor>
        <scrollspeed>20</scrollspeed>
    </default>

    <default type="fadelabel">
        <posx>0</posx>
        <posy>0</posy>
        <height>66</height>
        <label>-</label>
        <align>left</align>
        <aligny>center</aligny>
        <font>Small</font>
        <textcolor>White</textcolor>
        <focusedcolor>White</focusedcolor>
        <selectedcolor>White</selectedcolor>
        <disabledcolor>Red</disabledcolor>
        <scroll>true</scroll>
        <scrollout>false</scrollout>
        <pauseatend>2000</pauseatend>
    </default>

    <default type="image">
        <posx>0</posx>
        <posy>0</posy>
        <width>-</width>
        <height>-</height>
        <align>center</align>
        <aligny>center</aligny>
        <texture>-</texture>
        <fadetime>200</fadetime>
    </default>

    <default type="multiimage">
        <posx>0</posx>
        <posy>0</posy>
        <width>-</width>
        <height>-</height>
        <align>center</align>
        <aligny>center</aligny>
        <imagepath>-</imagepath>
        <timeperimage>10000</timeperimage>
        <fadetime>200</fadetime>
    </default>

    <default type="button">
        <posx>0</posx>
        <posy>0</posy>
        <width>344</width>
        <height>72</height>
        <align>left</align>
        <aligny>center</aligny>
        <font>Small</font>
        <label>-</label>
        <textoffsetx>30</textoffsetx>
        <textcolor>White2</textcolor>
        <focusedcolor>White</focusedcolor>
        <disabledcolor>Disabled</disabledcolor>
        <texturenofocus>dialogs/button_nofocus.png</texturenofocus>
        <texturefocus>dialogs/button_focus.png</texturefocus>
        <pulseonselect>false</pulseonselect>
    </default>

    <default type="togglebutton">
        <posx>0</posx>
        <posy>0</posy>
        <width>450</width>
        <height>72</height>
        <label>-</label>
        <textoffsetx>30</textoffsetx>
        <font>Small</font>
        <textcolor>White2</textcolor>
        <focusedcolor>White</focusedcolor>
        <disabledcolor>Disabled</disabledcolor>
        <texturenofocus>dialogs/button_nofocus.png</texturenofocus>
        <texturefocus>dialogs/button_focus.png</texturefocus>
        <alttexturenofocus>dialogs/button_nofocus.png</alttexturenofocus>
        <alttexturefocus>dialogs/button_focus.png</alttexturefocus>
        <align>left</align>
        <aligny>center</aligny>
        <pulseonselect>false</pulseonselect>
    </default>

    <default type="radiobutton">
        <posx>0</posx>
        <posy>0</posy>
        <width>450</width>
        <height>72</height>
        <align>left</align>
        <aligny>center</aligny>
        <font>Small</font>
        <label>-</label>
        <textcolor>White2</textcolor>
        <focusedcolor>White</focusedcolor>
        <disabledcolor>Disabled</disabledcolor>
        <radiowidth>48</radiowidth>
        <radioheight>48</radioheight>
        <texturenofocus>dialogs/button_nofocus.png</texturenofocus>
        <texturefocus>dialogs/button_focus.png</texturefocus>
        <textureradiofocus>settings/btn_radio_on_holo_dark.png</textureradiofocus>
        <textureradionofocus>settings/btn_radio_off_holo_dark.png</textureradionofocus>
        <textoffsetx>30</textoffsetx>
        <pulseonselect>false</pulseonselect>
    </default>

    <default type="spincontrolex">
        <posx>0</posx>
        <posy>0</posy>
        <width>450</width>
        <height>72</height>
        <label>-</label>
        <font>Small</font>
        <spinwidth>64</spinwidth>
        <spinheight>64</spinheight>
        <texturenofocus>dialogs/button_nofocus.png</texturenofocus>
        <texturefocus>dialogs/button_focus.png</texturefocus>
        <textureup>settings/textureup.png</textureup>
        <texturedown>settings/texturedown.png</texturedown>
        <textureupfocus>settings/textureupfocus.png</textureupfocus>
        <texturedownfocus>settings/texturedownfocus.png</texturedownfocus>
        <textcolor>White2</textcolor>
        <focusedcolor>White</focusedcolor>
        <disabledcolor>Disabled</disabledcolor>
        <textoffsetx>30</textoffsetx>
        <align>left</align>
        <aligny>center</aligny>
        <reverse>yes</reverse>
        <pulseonselect>false</pulseonselect>
    </default>

    <default type="spincontrol">
        <posx>0</posx>
        <posy>0</posy>
        <height>23</height>
        <width>23</width>
        <spinwidth>48</spinwidth>
        <spinheight>48</spinheight>
        <texturenofocus>dialogs/button_nofocus.png</texturenofocus>
        <texturefocus>dialogs/button_focus.png</texturefocus>
        <textureup>settings/textureup.png</textureup>
        <texturedown>settings/texturedown.png</texturedown>
        <textureupfocus>settings/textureupfocus.png</textureupfocus>
        <texturedownfocus>settings/texturedownfocus.png</texturedownfocus>
        <font>Small</font>
        <textcolor>White2</textcolor>
        <focusedcolor>White</focusedcolor>
        <disabledcolor>Disabled</disabledcolor>
        <textoffsetx>30</textoffsetx>
        <align>left</align>
        <aligny>center</aligny>
        <reverse>yes</reverse>
        <pulseonselect>false</pulseonselect>
    </default>

    <default type="sliderex">
        <posx>0</posx>
        <posy>0</posy>
        <height>72</height>
        <width>450</width>
        <texturenofocus border="3">dialogs/button_nofocus.png</texturenofocus>
        <texturefocus border="8">dialogs/button_focus.png</texturefocus>
        <sliderwidth>230</sliderwidth>
        <sliderheight>23</sliderheight>
        <texturesliderbar>dialogs/slider/osd_slider_bg_2.png</texturesliderbar>
        <textureslidernib border="2">dialogs/slider/osd_slider_nibNF.png</textureslidernib>
        <textureslidernibfocus border="2">dialogs/slider/osd_slider_nib.png</textureslidernibfocus>
        <font>Small</font>
        <textcolor>White2</textcolor>
        <focusedcolor>White</focusedcolor>
        <disabledcolor>Disabled</disabledcolor>
        <textoffsetx>30</textoffsetx>
        <textoffsety>0</textoffsety>
        <align>left</align>
        <aligny>center</aligny>
        <pulseonselect>false</pulseonselect>
    </default>

    <default type="progress">
        <posx>345</posx>
        <posy>488</posy>
        <height>23</height>
        <texturebg border="2">settings/texturebg.png</texturebg>
        <lefttexture>-</lefttexture>
        <midtexture border="2">settings/midtexture.png</midtexture>
        <righttexture>-</righttexture>
        <overlaytexture>-</overlaytexture>
    </default>

    <default type="slider">
        <posx>0</posx>
        <posy>0</posy>
        <width>360</width>
        <height>23</height>
        <texturesliderbar>dialogs/slider/osd_slider_bg_2.png</texturesliderbar>
        <textureslidernib border="2">dialogs/slider/osd_slider_nibNF.png</textureslidernib>
        <textureslidernibfocus border="2">dialogs/slider/osd_slider_nib.png</textureslidernibfocus>
        <pulseonselect>false</pulseonselect>
    </default>

    <default type="scrollbar">
        <width>5</width>
        <texturesliderbackground border="0,14,0,14">-</texturesliderbackground>
        <texturesliderbar border="1">common/texturesliderbar.png</texturesliderbar>
        <texturesliderbarfocus border="1">common/texturesliderbar.png</texturesliderbarfocus>
        <textureslidernib>-</textureslidernib>
        <textureslidernibfocus>-</textureslidernibfocus>
        <showonepage>true</showonepage>
        <orientation>vertical</orientation>
    </default>

    <default type="textbox">
        <label>-</label>
        <font>Small</font>
        <textcolor>White</textcolor>
        <pagecontrol>61</pagecontrol>
        <autoscroll delay="6000" time="3000" repeat="10000" />
    </default>

    <default type="edit">
        <posx>0</posx>
        <posy>0</posy>
        <width>344</width>
        <height>60</height>
        <align>left</align>
        <aligny>center</aligny>
        <font>Small</font>
        <label>-</label>
        <textoffsetx>20</textoffsetx>
        <textcolor>White2</textcolor>
        <focusedcolor>White</focusedcolor>
        <disabledcolor>Disabled</disabledcolor>
        <texturenofocus border="6,0,6,8">dialogs/background_edit.png</texturenofocus>
        <texturefocus border="6,0,6,8">dialogs/background_edit.png</texturefocus>
        <pulseonselect>false</pulseonselect>
    </default>

</includes>