<?xml version="1.0" encoding="UTF-8"?>
<window type="dialog" id="144">
    <controls>
        <control type="group">
            <posx>623</posx>
            <posy>338</posy>
            <control type="label" id="1">
                <description>header label</description>
                <posx>30</posx>
                <posy>15</posy>
                <width>615</width>
                <font>Medium</font>
                <label>31031</label>
                <align>center</align>
            </control>
            <control type="label" id="401">
                <description>Song Number Label</description>
                <posx>30</posx>
                <posy>68</posy>
                <width>615</width>
                <align>center</align>
            </control>
            <control type="label" id="402">
                <description>Song Name Label</description>
                <posx>30</posx>
                <posy>128</posy>
                <width>615</width>
                <font>Medium</font>
                <align>center</align>
                <textcolor>Blue2</textcolor>
                <scroll>true</scroll>
            </control>
        </control>
    </controls>
</window>
