<?xml version="1.0" encoding="UTF-8"?>
<window id="129">
    <defaultcontrol always="true">10</defaultcontrol>
    <allowoverlay>yes</allowoverlay>
    <include>DialogEffect</include>
    <controls>
        <include>GlobalOverlay</include>
        <control type="button">
            <include>TouchOverlay</include>
            <onclick>Dialog.Close(mediasource)</onclick>
        </control>
        <control type="group">
            <posx>220</posx>
            <posy>130</posy>
            <control type="button">
                <description>Inhibit Overlay Close Action</description>
                <posx>-21</posx>
                <posy>-21</posy>
                <width>1522</width>
                <height>862</height>
                <include>NoTextureButton</include>
            </control>
            <control type="image">
                <posx>-21</posx>
                <posy>-21</posy>
                <width>1522</width>
                <height>862</height>
                <include>DialogBack</include>
            </control>
            <control type="label">
                <description>Heading</description>
                <posx>20</posx>
                <width>1460</width>
                <height>72</height>
                <font>Medium</font>
                <aligny>center</aligny>
                <label>1026</label>
                <textcolor>$VAR[ThemeColorVar]</textcolor>
                <textoffsetx>8</textoffsetx>
            </control>
            <control type="image">
                <description>Header Line</description>
                <posx>0</posx>
                <posy>72</posy>
                <width>1480</width>
                <height>2</height>
                <texture>common/blue2.png</texture>
            </control>
            <control type="group">
                <control type="list" id="10">
                    <posx>20</posx>
                    <posy>84</posy>
                    <width>1440</width>
                    <height>476</height>
                    <onup>9000</onup>
                    <onleft>9000</onleft>
                    <onright>60</onright>
                    <ondown>12</ondown>
                    <pagecontrol>60</pagecontrol>
                    <itemlayout height="72" width="1440">
                        <control type="image">
                            <width>1440</width>
                            <height>72</height>
                            <texture>dialogs/listitem_nofocus.png</texture>
                        </control>
                        <control type="label">
                            <width>1440</width>
                            <height>72</height>
                            <font>Small</font>
                            <label>$INFO[ListItem.Label]</label>
                            <textoffsetx>30</textoffsetx>
                            <textcolor>White2</textcolor>
                        </control>
                        <control type="label">
                            <posx>1440</posx>
                            <width>1440</width>
                            <height>72</height>
                            <font>Small</font>
                            <align>right</align>
                            <label>$INFO[ListItem.Label2]</label>
                            <textoffsetx>30</textoffsetx>
                        </control>
                    </itemlayout>
                    <focusedlayout height="72" width="1440">
                        <control type="image">
                            <width>1440</width>
                            <height>72</height>
                            <texture>dialogs/listitem_nofocus.png</texture>
                        </control>
                        <control type="image">
                            <width>1440</width>
                            <height>72</height>
                            <texture>dialogs/listitem_focus.png</texture>
                            <visible>Control.HasFocus(10)</visible>
                        </control>
                        <control type="label">
                            <width>1440</width>
                            <height>72</height>
                            <font>Small</font>
                            <label>$INFO[ListItem.Label]</label>
                            <textoffsetx>30</textoffsetx>
                        </control>
                        <control type="label">
                            <posx>1440</posx>
                            <width>1440</width>
                            <height>72</height>
                            <font>Small</font>
                            <align>right</align>
                            <label>$INFO[ListItem.Label2]</label>
                            <textoffsetx>30</textoffsetx>
                        </control>
                    </focusedlayout>
                </control>
                <control type="scrollbar" id="60">
                    <posx>1460</posx>
                    <posy>84</posy>
                    <height>576</height>
                    <width>6</width>
                    <onleft>10</onleft>
                    <onright>9000</onright>
                    <showonepage>false</showonepage>
                    <animation effect="fade" start="100" end="0" time="500" delay="500" condition="!Control.HasFocus(60) + !Container(10).OnScrollNext + !Container(10).OnScrollPrevious">Conditional</animation>
                </control>
                <control type="edit" id="12">
                    <description>Name</description>
                    <posx>20</posx>
                    <posy>600</posy>
                    <label>-</label>
                    <hinttext>1022</hinttext>
                    <width>1440</width>
                    <onup>10</onup>
                    <onleft>10</onleft>
                    <onright>10</onright>
                    <ondown>9000</ondown>
                </control>
            </control>
            <control type="group">
                <posy>747</posy>
                <description>Button Bar</description>
                <control type="image">
                    <description>Line</description>
                    <height>1</height>
                    <width>1480</width>
                    <texture>common/grey.png</texture>
                </control>
                <control type="grouplist" id="9000">
                    <posx>0</posx>
                    <posy>1</posy>
                    <width>1480</width>
                    <height>918</height>
                    <itemgap>0</itemgap>
                    <orientation>horizontal</orientation>
                    <onup>12</onup>
                    <ondown>10</ondown>
                    <control type="button" id="13">
                        <description>Add</description>
                        <include>DefaultButton</include>
                        <label>15019</label>
                        <width>296</width>
                        <align>center</align>
                    </control>
                    <control type="button" id="14">
                        <description>remove</description>
                        <include>DefaultButton</include>
                        <label>1210</label>
                        <width>296</width>
                        <align>center</align>
                    </control>
                    <control type="button" id="11">
                        <description>Browse</description>
                        <include>DefaultButton</include>
                        <label>1024</label>
                        <width>296</width>
                        <align>center</align>
                    </control>
                    <control type="button" id="19">
                        <description>Cancel</description>
                        <include>DefaultButton</include>
                        <label>222</label>
                        <width>296</width>
                        <align>center</align>
                    </control>
                    <control type="button" id="18">
                        <description>Ok</description>
                        <include>DefaultButton</include>
                        <label>186</label>
                        <width>296</width>
                        <align>center</align>
                    </control>
                </control>
            </control>
        </control>
    </controls>
</window>
