<?xml version="1.0" encoding="UTF-8"?>
<window id="2002">
    <defaultcontrol always="true">4000</defaultcontrol>
    <allowoverlay>yes</allowoverlay>
    <controls>
        <include>GlobalOverlay</include>
        <control type="button">
            <include>TouchOverlay</include>
            <onclick>Dialog.Close(okdialog)</onclick>
        </control>
        <control type="button" id="4000">
            <include>HiddenButton</include>
            <onup>10</onup>
            <ondown>10</ondown>
            <onleft>10</onleft>
            <onright>10</onright>
            <onclick>SendClick(2002,10)</onclick>
        </control>
        <control type="group">
            <posx>540</posx>
            <posy>324</posy>
            <control type="image">
                <posx>-9</posx>
                <posy>-21</posy>
                <width>858</width>
                <height>482</height>
                <texture border="4">dialogs/background_grey.png</texture>
                <bordertexture border="21">thumbs/thumb_shadow.png</bordertexture>
                <bordersize>21</bordersize>
            </control>
            <control type="label" id="1">
                <description>Heading</description>
                <posx>0</posx>
                <posy>0</posy>
                <height>72</height>
                <label>-</label>
                <width>840</width>
                <textcolor>Blue2</textcolor>
                <textoffsetx>30</textoffsetx>
            </control>
            <control type="image">
                <posx>12</posx>
                <posy>72</posy>
                <width>816</width>
                <height>2</height>
                <texture>common/blue2.png</texture>
            </control>
            <control type="label" id="2">
                <description>Line 1</description>
                <posx>30</posx>
                <posy>81</posy>
                <label>-</label>
                <width>780</width>
                <height>89</height>
                <wrapmultiline>true</wrapmultiline>
            </control>
            <control type="label" id="3">
                <description>Line 2</description>
                <posx>30</posx>
                <posy>170</posy>
                <label>-</label>
                <width>780</width>
                <height>89</height>
                <wrapmultiline>true</wrapmultiline>
            </control>
            <control type="label" id="4">
                <description>Line 3</description>
                <posx>30</posx>
                <posy>259</posy>
                <label>-</label>
                <width>780</width>
                <height>89</height>
                <wrapmultiline>true</wrapmultiline>
            </control>
            <control type="group">
                <description>Button Bar</description>
                <posx>12</posx>
                <posy>368</posy>
                <control type="image">
                    <description>Line</description>
                    <height>1</height>
                    <width>816</width>
                    <texture>common/grey.png</texture>
                </control>
                <control type="button" id="10">
                    <description>Ok</description>
                    <posy>1</posy>
                    <width>816</width>
                    <label>186</label>
                    <align>center</align>
                    <onleft>10</onleft>
                    <onright>10</onright>
                    <onup>10</onup>
                    <ondown>10</ondown>
                    <include>DefaultButton</include>
                </control>
            </control>
        </control>
    </controls>
</window>