<?xml version="1.0" encoding="UTF-8"?>
<window id="104">
    <defaultcontrol always="true">-</defaultcontrol>
    <allowoverlay>yes</allowoverlay>
    <zorder>6</zorder>
    <controls>
        <control type="group">
            <posx>600</posx>
            <posy>120</posy>
            <control type="image">
                <description>background image</description>
                <posx>0</posx>
                <posy>0</posy>
                <width>640</width>
                <height>84</height>
                <texture border="16">dialogs/background_volumebar.png</texture>
            </control>
            <control type="group">
                <visible>!player.passthrough</visible>
                <control type="image">
                    <description>Lite Volume Logo</description>
                    <posx>20</posx>
                    <posy>12</posy>
                    <width>48</width>
                    <height>48</height>
                    <aspectratio>keep</aspectratio>
                    <texture>icons/volume.png</texture>
                </control>
                <control type="progress" id="1">
                    <description>progress control</description>
                    <posx>75</posx>
                    <posy>25</posy>
                    <width>385</width>
                    <righttexture border="11">settings/righttexture.png</righttexture>
                    <info>Player.Volume</info>
                </control>
                <control type="label">
                    <posy>0</posy>
                    <posx>480</posx>
                    <height>67</height>
                    <width>150</width>
                    <font>Small</font>
                    <aligny>center</aligny>
                    <label>$INFO[Player.Volume]</label>
                </control>
            </control>
        </control>
    </controls>
</window>