<?xml version="1.0" encoding="UTF-8"?>
<window type="buttonMenu" id="111">
    <defaultcontrol always="true">3110</defaultcontrol>
    <zorder>6</zorder>
    <include>PopUpEffect</include>
    <controls>
        <include>GlobalOverlay</include>
        <control type="button">
            <include>TouchOverlay</include>
            <onclick>Dialog.Close(shutdownmenu)</onclick>
        </control>
        <control type="grouplist" id="3110">
            <posx>560</posx>
            <posy>0</posy>
            <width>800</width>
            <height>1080</height>
            <itemgap>0</itemgap>
            <onleft>3110</onleft>
            <onright>3110</onright>
            <onup>3110</onup>
            <ondown>3110</ondown>
            <align>center</align>
            <orientation>vertical</orientation>
            <control type="button" id="3111">
                <description>Header</description>
                <width>800</width>
                <height>86</height>
                <label>31017</label>
                <onclick>noop</onclick>
                <aligny>top</aligny>
                <textoffsety>24</textoffsety>
                <texturefocus border="14,14,14,3">dialogs/shutdown_top.png</texturefocus>
                <texturenofocus border="14,14,14,3">dialogs/shutdown_top.png</texturenofocus>
                <disabledcolor>$VAR[ThemeColorVar]</disabledcolor>
                <enable>no</enable>
            </control>
            <control type="button" id="3112">
                <description>Exit XBMC button</description>
                <include>ShutdownMenuButton</include>
                <width>800</width>
                <label>13012</label>
                <onclick>Quit()</onclick>
                <visible>System.ShowExitButton</visible>
            </control>
            <control type="button" id="3113">
                <description>Master mode button</description>
                <include>ShutdownMenuButton</include>
                <width>800</width>
                <label>20046</label>
                <onclick>xbmc.mastermode</onclick>
                <visible>System.HasLocks</visible>
            </control>
            <control type="button" id="3114">
                <description>LogOff Profile</description>
                <include>ShutdownMenuButton</include>
                <width>800</width>
                <label>$LOCALIZE[20126] $INFO[system.profilename]</label>
                <onclick>dialog.close(all,true)</onclick>
                <onclick>System.LogOff</onclick>
                <visible>System.Loggedon + System.HasLoginScreen</visible>
            </control>
            <control type="button" id="3115">
                <description>Custom Shutdown Timer button</description>
                <include>ShutdownMenuButton</include>
                <width>800</width>
                <label>$LOCALIZE[20151]</label>
                <label2>[B]$INFO[System.Alarmpos][/B]</label2>
                <onclick>XBMC.CancelAlarm(shutdowntimer)</onclick>
                <visible>System.HasAlarm(shutdowntimer)</visible>
                <visible>System.CanPowerDown | System.CanSuspend | System.CanHibernate</visible>
            </control>
            <control type="button" id="3116">
                <description>Custom Shutdown Timer button</description>
                <include>ShutdownMenuButton</include>
                <width>800</width>
                <label>20150</label>
                <onclick>XBMC.AlarmClock(shutdowntimer,XBMC.Shutdown())</onclick>
                <visible>!System.HasAlarm(shutdowntimer)</visible>
            </control>
            <control type="button" id="3118">
                <description>Shutdown</description>
                <include>ShutdownMenuButton</include>
                <width>800</width>
                <label>13005</label>
                <onclick>ShutDown()</onclick>
                <visible>System.CanPowerDown</visible>
            </control>
            <control type="button" id="3122">
                <description>Hibernate xbmc</description>
                <include>ShutdownMenuButton</include>
                <width>800</width>
                <label>13010</label>
                <onclick>XBMC.Hibernate()</onclick>
                <visible>System.CanHibernate</visible>
            </control>
            <control type="button" id="3119">
                <description>Suspend xbmc</description>
                <include>ShutdownMenuButton</include>
                <width>800</width>
                <label>13011</label>
                <onclick>XBMC.Suspend()</onclick>
                <visible>System.CanSuspend</visible>
            </control>
            <control type="button" id="3120">
                <description>Reboot button</description>
                <include>ShutdownMenuButton</include>
                <width>800</width>
                <label>13013</label>
                <onclick>XBMC.Reset()</onclick>
                <visible>System.CanReboot</visible>
            </control>
            <control type="button" id="3123">
                <description>Inhibit idle shutdown</description>
                <include>ShutdownMenuButton</include>
                <width>800</width>
                <onclick>XBMC.InhibitIdleShutdown(true)</onclick>
                <label>13017</label>
                <visible>System.HasShutdown +!System.IsInhibit</visible>
            </control>
            <control type="button" id="3124">
                <description>Allow idle shutdown</description>
                <include>ShutdownMenuButton</include>
                <width>800</width>
                <onclick>XBMC.InhibitIdleShutdown(false)</onclick>
                <label>13018</label>
                <visible>System.HasShutdown + System.IsInhibit</visible>
            </control>
            <control type="button" id="3125">
                <description>Reload Skin</description>
                <include>ShutdownMenuButton</include>
                <width>800</width>
                <label>$LOCALIZE[31049]</label>
                <onclick>Dialog.Close(all,true)</onclick>
                <onclick>ReloadSkin</onclick>
                <onclick>Dialog.Close(111)</onclick>
            </control>
            <control type="button" id="3121">
                <description>Bottombutton</description>
                <width>800</width>
                <height>14</height>
                <label>-</label>
                <onclick>noop</onclick>
                <enable>no</enable>
                <texturenofocus>dialogs/shutdown_bottom.png</texturenofocus>
            </control>
        </control>
    </controls>
</window>