<?xml version="1.0" encoding="UTF-8"?>
<window id="107">
    <zorder>2</zorder>
    <include>NotificationEffect</include>
    <controls>
        <control type="group">
            <posx>908</posx>
            <posy>0</posy>
            <control type="image">
                <posx>0</posx>
                <posy>-12</posy>
                <width>912</width>
                <height>98</height>
                <texture border="14">dialogs/shutdown_bottom.png</texture>
                <visible>[VideoPlayer.IsFullscreen | Window.IsActive(visualisation) | Window.IsActive(slideshow)]</visible>
            </control>
            <control type="image" id="400">
                <posx>12</posx>
                <posy>0</posy>
                <width>69</width>
                <height>69</height>
                <texture>icons/info.png</texture>
                <bordersize>2</bordersize>
            </control>
            <control type="label" id="401">
                <posx>74</posx>
                <posy>0</posy>
                <height>32</height>
                <width>640</width>
                <font>Smaller_Caps</font>
                <textcolor>$VAR[ThemeColorVar]</textcolor>
                <aligny>center</aligny>
                <label>-</label>
                <textoffsetx>15</textoffsetx>
            </control>
            <control type="label" id="402">
                <posx>74</posx>
                <posy>31</posy>
                <height>32</height>
                <width>640</width>
                <font>Smaller</font>
                <aligny>center</aligny>
                <label>-</label>
                <textoffsetx>15</textoffsetx>
            </control>
        </control>
    </controls>
</window>