<?xml version="1.0" encoding="UTF-8"?>
<window id="10140">
    <defaultcontrol always="true">20</defaultcontrol>
    <controls>
        <control type="group">
            <control type="image">
                <posy>72</posy>
                <width>480</width>
                <height>54</height>
                <include>toast_back</include>
            </control>
            <control type="grouplist" id="9000">
                <posx>0</posx>
                <posy>126</posy>
                <width>480</width>
                <height>864</height>
                <itemgap>0</itemgap>
                <orientation>vertical</orientation>
                <onleft>60</onleft>
                <onright>20</onright>
                <control type="button" id="10">
                    <description>OK button</description>
                    <width>480</width>
                    <label>186</label>
                </control>
                <control type="button" id="4000">
                    <description>filler</description>
                    <width>480</width>
                    <height>792</height>
                    <label>-</label>
                    <enable>no</enable>
                </control>
            </control>
            <control type="button" id="1">
                <description>Heading</description>
                <posx>480</posx>
                <posy>72</posy>
                <width>1368</width>
                <height>54</height>
                <font>Small</font>
                <disabledcolor>Blue2</disabledcolor>
                <textcolor>grey</textcolor>
                <label>35000</label>
                <textoffsetx>30</textoffsetx>
                <enable>no</enable>
            </control>
            <control type="image">
                <posy>126</posy>
                <posx>480</posx>
                <width>1368</width>
                <height>864</height>
                <include>toast_back</include>
            </control>
            <control type="list" id="20">
                <posx>480</posx>
                <posy>126</posy>
                <width>1368</width>
                <height>864</height>
                <onup>20</onup>
                <onleft>10</onleft>
                <onright>10</onright>
                <ondown>20</ondown>
                <pagecontrol>60</pagecontrol>
                <itemlayout height="72" width="1368">
                    <control type="image">
                        <width>1368</width>
                        <height>72</height>
                        <include>toast_back</include>
                    </control>
                    <control type="label">
                        <width>1368</width>
                        <height>72</height>
                        <font>Small</font>
                        <label>$INFO[ListItem.Label]</label>
                        <textoffsetx>30</textoffsetx>
                        <textcolor>White2</textcolor>
                    </control>
                    <control type="label">
                        <posx>1368</posx>
                        <width>1368</width>
                        <height>72</height>
                        <font>Small</font>
                        <align>right</align>
                        <label>$INFO[ListItem.Property(bus)]</label>
                        <textoffsetx>30</textoffsetx>
                        <textcolor>grey</textcolor>
                    </control>
                </itemlayout>
                <focusedlayout height="72" width="1368">
                    <control type="image">
                        <width>1368</width>
                        <height>72</height>
                        <include>toast_back</include>
                    </control>
                    <control type="group">
                        <visible>!Control.HasFocus(20)</visible>
                        <control type="label">
                            <width>1368</width>
                            <height>72</height>
                            <font>Small</font>
                            <label>$INFO[ListItem.Label]</label>
                            <textoffsetx>30</textoffsetx>
                            <textcolor>White2</textcolor>
                        </control>
                        <control type="label">
                            <posx>1368</posx>
                            <width>1368</width>
                            <height>72</height>
                            <font>Small</font>
                            <align>right</align>
                            <label>$INFO[ListItem.Property(bus)]</label>
                            <textoffsetx>30</textoffsetx>
                            <textcolor>grey</textcolor>
                        </control>
                    </control>
                    <control type="group">
                        <visible>Control.HasFocus(20)</visible>
                        <control type="image">
                            <width>1368</width>
                            <height>72</height>
                            <texture>dialogs/listitem_focus.png</texture>
                        </control>
                        <control type="label">
                            <width>1368</width>
                            <height>72</height>
                            <font>Small</font>
                            <label>$INFO[ListItem.Label]</label>
                            <textoffsetx>30</textoffsetx>
                        </control>
                        <control type="label">
                            <posx>1368</posx>
                            <width>1368</width>
                            <height>72</height>
                            <font>Small</font>
                            <align>right</align>
                            <label>$INFO[ListItem.Property(bus)]</label>
                            <textoffsetx>30</textoffsetx>
                        </control>
                    </control>
                </focusedlayout>
            </control>
            <control type="group">
                <control type="button">
                    <posx>72r</posx>
                    <posy>72</posy>
                    <width>72</width>
                    <height>72</height>
                    <onclick>pageup(60)</onclick>
                </control>
                <control type="button">
                    <posx>72r</posx>
                    <posy>918</posy>
                    <width>72</width>
                    <height>72</height>
                    <onclick>pagedown(60)</onclick>
                </control>
                <control type="image">
                    <posx>58r</posx>
                    <posy>88</posy>
                    <width>40</width>
                    <height>40</height>
                    <aspectratio>keep</aspectratio>
                    <texture flipy="true">arrowdown.png</texture>
                </control>
                <control type="image">
                    <posx>58r</posx>
                    <posy>934</posy>
                    <width>40</width>
                    <height>40</height>
                    <aspectratio>keep</aspectratio>
                    <texture>arrowdown.png</texture>
                </control>
                <control type="image">
                    <posx>72r</posx>
                    <posy>144</posy>
                    <width>72</width>
                    <height>774</height>
                    <include>toast_back</include>
                </control>
                <control type="scrollbar" id="60">
                    <posx>58r</posx>
                    <posy>144</posy>
                    <height>774</height>
                    <width>40</width>
                    <onleft>20</onleft>
                    <onright>9000</onright>
                    <texturesliderbackground border="3">dialogs/toast_back_blue.png</texturesliderbackground>
                    <animation effect="fade" start="100" end="50" time="400" condition="!Control.HasFocus(60)">Conditional</animation>
                </control>
            </control>
        </control>
    </controls>
</window>
