<?xml version="1.0" encoding="UTF-8"?>
<window id="128">
    <defaultcontrol always="true">10</defaultcontrol>
    <allowoverlay>yes</allowoverlay>
    <controls>
        <control type="group">
            <control type="image">
                <posy>72</posy>
                <width>480</width>
                <height>54</height>
                <include>toast_back</include>
            </control>
            <control type="image">
                <posy>72</posy>
                <posx>480</posx>
                <width>1368</width>
                <height>918</height>
                <include>toast_back</include>
            </control>
            <control type="button" id="2">
                <description>Header</description>
                <posx>480</posx>
                <posy>72</posy>
                <width>1440</width>
                <height>54</height>
                <font>Small</font>
                <disabledcolor>Blue2</disabledcolor>
                <textcolor>grey</textcolor>
                <label>1007</label>
                <textoffsetx>30</textoffsetx>
                <enable>no</enable>
            </control>
            <control type="grouplist" id="9000">
                <posx>0</posx>
                <posy>126</posy>
                <width>480</width>
                <height>918</height>
                <itemgap>0</itemgap>
                <orientation>vertical</orientation>
                <onleft>10</onleft>
                <onright>10</onright>
                <control type="button" id="18">
                    <description>Ok</description>
                    <width>480</width>
                    <label>186</label>
                </control>
                <control type="button" id="19">
                    <description>Cancel</description>
                    <width>480</width>
                    <label>222</label>
                </control>
                <control type="button" id="4000">
                    <description>Filler</description>
                    <width>480</width>
                    <label>-</label>
                    <height>720</height>
                    fdsfsdf
                    <font>-</font>
                    <enable>no</enable>
                </control>
            </control>
            <control type="grouplist" id="9001">
                <description>Control Area</description>
                <posx>480</posx>
                <posy>126</posy>
                <width>1440</width>
                <height>864</height>
                <itemgap>0</itemgap>
                <onleft>9000</onleft>
                <onright>9000</onright>
                <onup>9001</onup>
                <ondown>9001</ondown>
                <orientation>vertical</orientation>
                <control type="spincontrolex" id="10">
                    <description>Protocol</description>
                    <width>1440</width>
                    <label>1008</label>
                </control>
                <control type="edit" id="11">
                    <description>Server Address</description>
                    <width>1440</width>
                    <height>72</height>
                    <label>-</label>
                    <ondown>SetFocus(12)</ondown>
                </control>
                <control type="button" id="12">
                    <description>Server Browse</description>
                    <width>1440</width>
                    <label>1024</label>
                </control>
                <control type="edit" id="16">
                    <description>Remote</description>
                    <width>1440</width>
                    <label>-</label>
                </control>
                <control type="edit" id="13">
                    <description>Port</description>
                    <width>1440</width>
                    <label>1013</label>
                </control>
                <control type="edit" id="14">
                    <description>Username</description>
                    <width>1440</width>
                    <align>left</align>
                    <label>1014</label>
                </control>
                <control type="edit" id="15">
                    <description>password</description>
                    <width>1440</width>
                    <label>15052</label>
                </control>
                <control type="button" id="4001">
                    <description>Filler</description>
                    <width>1440</width>
                    <label>-</label>
                    <height>360</height>
                    <font>-</font>
                    <enable>no</enable>
                </control>
            </control>
        </control>
    </controls>
</window>