<?xml version="1.0" encoding="UTF-8"?>
<window id="115">
	<defaultcontrol always="true">901</defaultcontrol>
	<allowoverlay>yes</allowoverlay>
	<visible>[Window.IsVisible(fullscreenvideo) | Window.IsVisible(visualisation)] + !Window.IsVisible(script-XBMC-Subtitles-main.xml) + !Window.IsVisible(VideoOSD) + !Window.IsVisible(MusicOSD)</visible>
	<controls>
		<control type="group">
			<visible>[Player.ShowInfo | Player.Seeking | Player.DisplayAfterSeek | Player.Paused]</visible>
			<posx>88</posx>
			<posy>650</posy>
			<control type="image">
				<posx>-9</posx>
				<posy>-15</posy>
				<width>1762</width>
				<height>382</height>
				<texture border="4">dialogs/background_grey.png</texture>
				<colordiffuse>EEFFFFFF</colordiffuse>
				<bordertexture border="21">thumbs/thumb_shadow.png</bordertexture>
				<bordersize>21</bordersize>
			</control>
			<control type="image">
				<posx>12</posx>
				<posy>95</posy>
				<width>1720</width>
				<height>5</height>
				<texture>common/blue2.png</texture>
			</control>
			<control type="label">
				<description>Title</description>
				<posx>30</posx>
				<posy>0</posy>
				<height>72</height>
				<label>$INFO[Player.Title]</label>
				<width>1720</width>
				<font>Small</font>
				<textcolor>Blue2</textcolor>
				<visible>!Player.HasAudio + !VideoPlayer.Content(episodes) + !VideoPlayer.Content(livetv)</visible>
			</control>
			<control type="label">
				<description>Genre + Year</description>
				<posx>30</posx>
				<posy>35</posy>
				<height>72</height>
				<label>$INFO[VideoPlayer.Genre]$INFO[VideoPlayer.Year, (,)]</label>
				<width>1720</width>
				<textcolor>White</textcolor>
				<font>Medium_Small_Caps</font>
				<visible>!Player.HasAudio + !VideoPlayer.Content(episodes) + !VideoPlayer.Content(livetv)</visible>
			</control>
			<control type="label">
				<description>Episode Title</description>
				<posx>30</posx>
				<posy>0</posy>
				<height>72</height>
				<label>$INFO[VideoPlayer.TvShowTitle,, • ]$INFO[Player.Title]</label>
				<width>1720</width>
				<font>Small</font>
				<textcolor>Blue2</textcolor>
				<visible>VideoPlayer.Content(episodes)</visible>
			</control>
			<control type="grouplist">
				<description>Channel Number + Title + Genre</description>
				<visible>VideoPlayer.Content(LiveTV)</visible>
				<posx>30</posx>
				<posy>0</posy>
				<orientation>horizontal</orientation>
				<itemgap>0</itemgap>
				<width>1300</width>
				<height>100</height>
				<usecontrolcoords>true</usecontrolcoords>
				<control type="label">
					<description>Channel Number</description>
					<posx>0</posx>
					<posy>0</posy>
					<width min="0" max="400">auto</width>
					<height>100</height>
					<label>$INFO[VideoPlayer.ChannelNumber]</label>
					<font>Large_78</font>
					<textcolor>Blue2</textcolor>
					<align>left</align>
					<aligny>center</aligny>
				</control>
				<control type="group">
					<posx>20</posx>
					<posy>0</posy>
					<control type="label">
						<description>Title</description>
						<posx>0</posx>
						<posy>0</posy>
						<height>72</height>
						<width>1300</width>
						<label>$INFO[VideoPlayer.ChannelName,, • ]$INFO[VideoPlayer.Title]</label>
						<font>Small</font>
						<textcolor>Blue2</textcolor>
						<animation effect="slide" start="0,0" end="0,15" reversible="true" condition="!VideoPlayer.HasEpg">Conditional</animation>
					</control>
					<control type="label">
						<description>Genre</description>
						<posx>0</posx>
						<posy>35</posy>
						<height>72</height>
						<label>$INFO[VideoPlayer.Genre]</label>
						<width>1720</width>
						<textcolor>White</textcolor>
						<font>Medium_Small_Caps</font>
					</control>
				</control>
			</control>
			<control type="grouplist">
				<description>Track Number + Title</description>
				<visible>Player.HasAudio</visible>
				<posx>30</posx>
				<posy>0</posy>
				<orientation>horizontal</orientation>
				<itemgap>0</itemgap>
				<width>1300</width>
				<height>100</height>
				<usecontrolcoords>true</usecontrolcoords>
				<control type="label">
					<description>Track Number</description>
					<posx>0</posx>
					<posy>0</posy>
					<width min="0" max="400">auto</width>
					<height>100</height>
					<label>$INFO[MusicPlayer.TrackNumber]</label>
					<font>Large_78</font>
					<textcolor>Blue2</textcolor>
					<align>left</align>
					<aligny>center</aligny>
				</control>
				<control type="group">
					<posx>20</posx>
					<posy>0</posy>
					<control type="label">
						<description>Title</description>
						<posx>0</posx>
						<posy>0</posy>
						<height>72</height>
						<width>1300</width>
						<label>$INFO[MusicPlayer.Title]</label>
						<font>Small</font>
						<textcolor>Blue2</textcolor>
					</control>
					<control type="label">
						<description>Genre</description>
						<posx>0</posx>
						<posy>35</posy>
						<height>72</height>
						<label>$INFO[MusicPlayer.Artist]$INFO[MusicPlayer.Album, • ,]$INFO[MusicPlayer.Year, • ,]$INFO[MusicPlayer.Genre, • ,]</label>
						<width>1720</width>
						<textcolor>White</textcolor>
						<font>Medium_Small_Caps</font>
					</control>
				</control>
			</control>
			<control type="grouplist">
				<description>Clock</description>
				<posx>1420</posx>
				<posy>0</posy>
				<orientation>horizontal</orientation>
				<itemgap>0</itemgap>
				<width>300</width>
				<height>72</height>
				<align>right</align>
				<usecontrolcoords>true</usecontrolcoords>
				<control type="image">
					<description>Clock Icon</description>
					<posx>0</posx>
					<posy>21</posy>
					<width>34</width>
					<height>34</height>
					<texture>osd/clock.png</texture>
					<colordiffuse>Blue2</colordiffuse>
					<align>right</align>
				</control>
				<control type="label">
					<description>System Time</description>
					<posx>10</posx>
					<posy>0</posy>
					<width min="0" max="200">auto</width>
					<height>72</height>
					<label>$INFO[System.Time(hh:mm)]$INFO[System.Time(xx), ]</label>
					<font>Small</font>
					<textcolor>Blue2</textcolor>
				</control>
			</control>
			<control type="label">
				<description>Season + Episode</description>
				<posx>30</posx>
				<posy>35</posy>
				<height>72</height>
				<label>$VAR[VideoSeasonVar,$LOCALIZE[20373] , • ]$VAR[VideoEpisodeVar, $LOCALIZE[20359] ]</label>
				<width>1720</width>
				<textcolor>White</textcolor>
				<font>Medium_Small_Caps</font>
				<visible>VideoPlayer.Content(episodes)</visible>
			</control>
			<control type="label">
				<description>ChapterCount + Remaining Time</description>
				<posx>1720</posx>
				<posy>35</posy>
				<height>72</height>
				<label>$INFO[Player.Chapter,$LOCALIZE[21396]: , / ]$INFO[Player.ChapterCount,, • ]$INFO[Player.TimeRemaining]</label>
				<width>1720</width>
				<align>right</align>
				<textcolor>White</textcolor>
				<font>Medium_Small_Caps</font>
				<visible>IntegerGreaterThan(Player.ChapterCount,0)</visible>
			</control>
			<control type="label">
				<description>Remaining Time</description>
				<posx>1720</posx>
				<posy>35</posy>
				<height>72</height>
				<label>$INFO[Player.TimeRemaining]</label>
				<width>1720</width>
				<align>right</align>
				<textcolor>White</textcolor>
				<font>Medium_Small_Caps</font>
				<visible>![IntegerGreaterThan(Player.ChapterCount,0)]</visible>
			</control>
			<control type="textbox">
				<description>Plot</description>
				<posx>30</posx>
				<posy>115</posy>
				<width>1400</width>
				<height>160</height>
				<label>$INFO[VideoPlayer.Plot]</label>
				<textcolor>White2</textcolor>
				<font>Smaller</font>
				<align>justify</align>
				<autoscroll delay="11500" time="5000" repeat="7500" />
				<visible>Player.HasVideo</visible>
			</control>
			<control type="textbox">
				<description>Plot</description>
				<posx>30</posx>
				<posy>115</posy>
				<width>1400</width>
				<height>160</height>
				<label>$INFO[MusicPlayer.Comment]</label>
				<textcolor>White2</textcolor>
				<font>Smaller</font>
				<align>justify</align>
				<autoscroll delay="11500" time="5000" repeat="7500" />
				<visible>Player.HasAudio</visible>
			</control>
			<control type="label">
				<description>Empty Plot</description>
				<posx>30</posx>
				<posy>115</posy>
				<width>1160</width>
				<height>72</height>
				<font>Small_Caps</font>
				<label>$LOCALIZE[19055]</label>
				<textcolor>White</textcolor>
				<shadowcolor>22000000</shadowcolor>
				<scroll>false</scroll>
				<aligny>center</aligny>
				<visible>IsEmpty(VideoPlayer.Plot) + IsEmpty(MusicPlayer.Comment)</visible>
			</control>
			<control type="image">
				<posx>1480</posx>
				<posy>110</posy>
				<width>230</width>
				<height>230</height>
				<texture background="true" fallback="views/fallbacks/DefaultVideo.png/medium.png">$INFO[Player.Art(thumb)]</texture>
				<aspectratio align="right">keep</aspectratio>
			</control>
			<control type="grouplist">
				<visible>Player.HasVideo</visible>
				<posx>30</posx>
				<posy>265</posy>
				<itemgap>20</itemgap>
				<orientation>horizontal</orientation>
				<control type="image">
					<width>100</width>
					<height>100</height>
					<colordiffuse>White2</colordiffuse>
					<texture>$INFO[VideoPlayer.VideoCodec,flags/video/,.png]</texture>
					<aspectratio align="center">keep</aspectratio>
					<visible>!IsEmpty(VideoPlayer.VideoCodec)</visible>
				</control>
				<control type="image">
					<width>100</width>
					<height>100</height>
					<colordiffuse>White2</colordiffuse>
					<texture>$INFO[VideoPlayer.AudioCodec,flags/audio/,.png]</texture>
					<aspectratio align="center" aligny="center">keep</aspectratio>
					<visible>!IsEmpty(VideoPlayer.AudioCodec)</visible>
				</control>
				<control type="image">
					<width>100</width>
					<height>100</height>
					<colordiffuse>White2</colordiffuse>
					<texture>$INFO[VideoPlayer.VideoResolution,flags/resolution/,.png]</texture>
					<aspectratio align="center" aligny="center">keep</aspectratio>
					<visible>!IsEmpty(VideoPlayer.VideoResolution)</visible>
				</control>
				<control type="image">
					<width>100</width>
					<height>100</height>
					<colordiffuse>White2</colordiffuse>
					<texture>$INFO[VideoPlayer.VideoAspect,flags/aspectratio/,.png]</texture>
					<aspectratio align="center" aligny="center">keep</aspectratio>
					<visible>!IsEmpty(VideoPlayer.VideoAspect)</visible>
				</control>
				<control type="image">
					<width>100</width>
					<height>100</height>
					<colordiffuse>White2</colordiffuse>
					<texture>$INFO[VideoPlayer.Studio,flags/studios/,.png]</texture>
					<aspectratio align="center" aligny="center">keep</aspectratio>
					<visible>!IsEmpty(VideoPlayer.Studio)</visible>
				</control>
				<control type="image">
					<width>100</width>
					<height>100</height>
					<colordiffuse>White2</colordiffuse>
					<texture>$INFO[VideoPlayer.Rating,flags/stars/,.png]</texture>
					<aspectratio align="center" aligny="center">keep</aspectratio>
					<visible>!IsEmpty(VideoPlayer.Rating)</visible>
				</control>
			</control>
			<control type="grouplist">
				<visible>Player.HasAudio</visible>
				<posx>30</posx>
				<posy>265</posy>
				<itemgap>20</itemgap>
				<orientation>horizontal</orientation>
				<control type="image">
					<width>100</width>
					<height>100</height>
					<colordiffuse>White2</colordiffuse>
					<texture>$INFO[MusicPlayer.Codec,flags/audio/,.png]</texture>
					<aspectratio align="center" aligny="center">keep</aspectratio>
					<visible>!IsEmpty(MusicPlayer.Codec)</visible>
				</control>
				<control type="label">
					<width>auto</width>
					<height>100</height>
					<label>$INFO[MusicPlayer.BitRate,, kbps]</label>
					<font>Medium_Small</font>
					<textcolor>White2</textcolor>
					<visible>!IsEmpty(MusicPlayer.BitRate)</visible>
				</control>
				<control type="label">
					<width>auto</width>
					<height>100</height>
					<label>$INFO[MusicPlayer.BitsPerSample,, $LOCALIZE[612]]</label>
					<font>Medium_Small</font>
					<textcolor>White2</textcolor>
					<visible>!IsEmpty(MusicPlayer.BitsPerSample)</visible>
				</control>
				<control type="label">
					<width>auto</width>
					<height>100</height>
					<label>$INFO[MusicPlayer.SampleRate,, $LOCALIZE[613]]</label>
					<font>Medium_Small</font>
					<textcolor>White2</textcolor>
					<visible>!IsEmpty(MusicPlayer.SampleRate)</visible>
				</control>
				<control type="label">
					<width>auto</width>
					<height>100</height>
					<label>$INFO[MusicPlayer.Channels,, $LOCALIZE[19019]]</label>
					<font>Medium_Small</font>
					<textcolor>White2</textcolor>
					<visible>!IsEmpty(MusicPlayer.Channels)</visible>
				</control>
				<control type="image">
					<width>100</width>
					<height>100</height>
					<colordiffuse>White2</colordiffuse>
					<texture>$INFO[MusicPlayer.Rating,flags/stars/,.png]</texture>
					<aspectratio align="center" aligny="center">keep</aspectratio>
					<visible>!IsEmpty(MusicPlayer.Rating)</visible>
				</control>
			</control>
		</control>
		<control type="grouplist">
			<posx>30</posx>
			<posy>50</posy>
			<width>748</width>
			<height>150</height>
			<itemgap>10</itemgap>
			<orientation>horizontal</orientation>
			<visible>[Player.Forwarding | Player.Rewinding]</visible>
			<animation effect="slide" start="0,0" end="0,-60" time="500" tween="cubic" easing="out" condition="Player.ShowInfo">Conditional</animation>
			<animation type="WindowOpen" reversible="false">
				<effect type="fade" start="0" end="100" time="200" />
			</animation>
			<animation type="WindowClose" reversible="false">
				<effect type="fade" start="100" end="0" time="200" />
			</animation>
			<animation type="VisibleChange" reversible="false">
				<effect type="fade" start="0" end="100" time="200" />
			</animation>
			<usecontrolcoords>true</usecontrolcoords>
			<control type="image">
				<posy>3</posy>
				<width>90</width>
				<height>87</height>
				<aspectratio>keep</aspectratio>
				<texture flipx="true">osd/ff.png</texture>
				<colordiffuse>FFe5e5e5</colordiffuse>
				<animation effect="fade" start="100" end="60" time="800" pulse="true" condition="true">Conditional</animation>
				<visible>Player.Rewinding</visible>
			</control>
			<control type="label">
				<label>$VAR[VideoPlayerForwardRewindVar]</label>
				<width min="10" max="300">auto</width>
				<height>90</height>
				<textoffsetx>0</textoffsetx>
				<aligny>center</aligny>
				<font>Home</font>
				<shadowcolor>44000000</shadowcolor>
				<textcolor>DDe5e5e5</textcolor>
			</control>
			<control type="image">
				<posy>3</posy>
				<width>90</width>
				<height>87</height>
				<aspectratio>keep</aspectratio>
				<texture>osd/ff.png</texture>
				<colordiffuse>FFe5e5e5</colordiffuse>
				<animation effect="fade" start="100" end="60" time="800" pulse="true" condition="true">Conditional</animation>
				<visible>Player.Forwarding</visible>
			</control>
		</control>
		<control type="group">
			<visible>[Player.Seeking | Player.DisplayAfterSeek]</visible>
			<include>SliderControl</include>
		</control>
		<control type="label">
			<description>Cache Label</description>
			<posx>0</posx>
			<posy>0</posy>
			<width>1920</width>
			<height>1080</height>
			<align>center</align>
			<aligny>center</aligny>
			<font>OSD</font>
			<textcolor>44FFFFFF</textcolor>
			<label>$LOCALIZE[15107] $INFO[Player.CacheLevel]%</label>
			<visible>[Player.Paused + Player.Caching] + !Player.Seeking</visible>
		</control>
	</controls>
</window>
