<?xml version="1.0" encoding="UTF-8"?>
<window id="609">
    <defaultcontrol always="true">11</defaultcontrol>
    <zorder>3</zorder>
    <include>DialogEffect</include>
    <controls>
        <control type="button">
            <include>TouchOverlay</include>
            <onclick>Dialog.Close(pvrosdchannels)</onclick>
        </control>
        <control type="group">
            <posx>30</posx>
            <posy>58</posy>
            <control type="image">
                <width>860</width>
                <height>955</height>
                <texture>dialogs/background_grey.png</texture>
                <colordiffuse>FAFFFFFF</colordiffuse>
            </control>
            <control type="group">
                <control type="group">
                    <control type="label">
                        <description>Header</description>
                        <posx>0</posx>
                        <posy>20</posy>
                        <width>680</width>
                        <height>38</height>
                        <align>left</align>
                        <textoffsetx>30</textoffsetx>
                        <label>$VAR[PVRChannelsOSDTitleLabel]</label>
                        <font>Small</font>
                        <textcolor>$VAR[ThemeColorVar]</textcolor>
                    </control>
                    <control type="button" id="5000">
                        <posx>720</posx>
                        <posy>10</posy>
                        <width>64</width>
                        <height>64</height>
                        <texturefocus>icons/back.png</texturefocus>
                        <texturenofocus colordiffuse="AAFFFFFF">icons/back.png</texturenofocus>
                        <onclick>PreviousChannelGroup</onclick>
                        <onleft>11</onleft>
                        <onright>5001</onright>
                    </control>
                    <control type="button" id="5001">
                        <posx>790</posx>
                        <posy>10</posy>
                        <width>64</width>
                        <height>64</height>
                        <texturefocus>icons/forward.png</texturefocus>
                        <texturenofocus colordiffuse="AAFFFFFF">icons/forward.png</texturenofocus>
                        <onclick>NextChannelGroup</onclick>
                        <onleft>5000</onleft>
                        <onright>12</onright>
                    </control>
                    <control type="image">
                        <description>Header Line</description>
                        <posx>0</posx>
                        <posy>76</posy>
                        <width>860</width>
                        <height>2</height>
                        <texture>common/blue2.png</texture>
                    </control>
                </control>
                <control type="group">
                    <control type="list" id="11">
                        <posx>0</posx>
                        <posy>80</posy>
                        <width>860</width>
                        <height>864</height>
                        <pagecontrol>60</pagecontrol>
                        <onleft>PreviousChannelGroup</onleft>
                        <onright>NextChannelGroup</onright>
                        <onup>11</onup>
                        <ondown>11</ondown>
                        <viewtype label="535">list</viewtype>
                        <preloaditems>2</preloaditems>
                        <scrolltime tween="cubic" easing="out">500</scrolltime>
                        <itemlayout height="96">
                            <control type="image">
                                <posx>0</posx>
                                <posy>0</posy>
                                <width>860</width>
                                <height>96</height>
                                <texture border="3">dialogs/listitem_nofocus.png</texture>
                                <colordiffuse>BBFFFFFF</colordiffuse>
                            </control>
                            <control type="image">
                                <posx>20</posx>
                                <posy>8</posy>
                                <width>80</width>
                                <height>80</height>
                                <texture background="true" fallback="icons/channel.png">$VAR[ListItem.Icon]</texture>
                                <aspectratio>keep</aspectratio>
                            </control>
                            <control type="label">
                                <description>ChannelNumber</description>
                                <posx>0</posx>
                                <posy>0</posy>
                                <width>840</width>
                                <height>96</height>
                                <font>Clock</font>
                                <align>right</align>
                                <label>$VAR[ListItem.ChannelNumber]</label>
                                <textcolor>44FFFFFF</textcolor>
                                <scroll>false</scroll>
                            </control>
                            <control type="label">
                                <description>Label</description>
                                <posx>120</posx>
                                <posy>0</posy>
                                <width>665</width>
                                <height>96</height>
                                <font>Medium_Bold_Floor_Caps</font>
                                <align>left</align>
                                <label>$VAR[ListItem.Label]</label>
                                <textcolor>White2</textcolor>
                                <scroll>false</scroll>
                                <visible>!ListItem.HasEpg</visible>
                            </control>
                            <control type="group">
                                <visible>ListItem.HasEpg</visible>
                                <control type="progress">
                                    <posx>8</posx>
                                    <posy>80</posy>
                                    <width>80</width>
                                    <height>20</height>
                                    <reveal>true</reveal>
                                    <texturebg>settings/texturebg_cache.png</texturebg>
                                    <info>ListItem.Progress</info>
                                    <colordiffuse>White2</colordiffuse>
                                    <visible>!ListItem.IsPlaying</visible>
                                </control>
                                <control type="progress">
                                    <posx>8</posx>
                                    <posy>80</posy>
                                    <width>80</width>
                                    <height>20</height>
                                    <reveal>true</reveal>
                                    <texturebg>settings/texturebg_cache.png</texturebg>
                                    <info>ListItem.Progress</info>
                                    <colordiffuse>Selected</colordiffuse>
                                    <visible>ListItem.IsPlaying</visible>
                                </control>
                                <control type="label">
                                    <description>Label</description>
                                    <posx>120</posx>
                                    <posy>0</posy>
                                    <width>765</width>
                                    <height>58</height>
                                    <font>Medium</font>
                                    <align>left</align>
                                    <label>$VAR[ListItem.Label]</label>
                                    <textcolor>White2</textcolor>
                                    <scroll>false</scroll>
                                </control>
                                <control type="label">
                                    <description>Title</description>
                                    <posx>120</posx>
                                    <posy>42</posy>
                                    <width>765</width>
                                    <height>50</height>
                                    <font>Medium_Small</font>
                                    <align>left</align>
                                    <label>$VAR[ListItem.Title]</label>
                                    <textcolor>White</textcolor>
                                    <scroll>false</scroll>
                                </control>
                            </control>
                            <control type="group">
                                <visible>ListItem.IsRecording</visible>
                                <control type="image">
                                    <posx>850</posx>
                                    <posy>8</posy>
                                    <width>66</width>
                                    <height>80</height>
                                    <texture>windows/pvr/epg-recording.png</texture>
                                </control>
                                <control type="image">
                                    <posx>850</posx>
                                    <posy>8</posy>
                                    <width>66</width>
                                    <height>80</height>
                                    <texture>windows/pvr/epg-recording-pulse.png</texture>
                                    <animation effect="fade" start="65" end="100" time="750" tween="sine" easing="in" pulse="true" condition="true">Conditional</animation>
                                </control>
                            </control>
                            <control type="image">
                                <posx>850</posx>
                                <posy>8</posy>
                                <width>66</width>
                                <height>80</height>
                                <texture>windows/pvr/epg-timer.png</texture>
                                <visible>ListItem.HasTimer + !ListItem.IsRecording</visible>
                            </control>
                        </itemlayout>
                        <focusedlayout height="96">
                            <control type="image">
                                <posx>0</posx>
                                <posy>0</posy>
                                <width>1022</width>
                                <height>96</height>
                                <texture border="3">dialogs/listitem_nofocus.png</texture>
                            </control>
                            <control type="image">
                                <posx>0</posx>
                                <posy>0</posy>
                                <width>1022</width>
                                <height>96</height>
                                <texture>dialogs/listitem_focus.png</texture>
                            </control>
                            <control type="image">
                                <posx>20</posx>
                                <posy>8</posy>
                                <width>80</width>
                                <height>80</height>
                                <texture background="true" fallback="icons/channel.png">$VAR[ListItem.Icon]</texture>
                                <aspectratio>keep</aspectratio>
                            </control>
                            <control type="group">
                                <control type="label">
                                    <description>ChannelNumber</description>
                                    <posx>0</posx>
                                    <posy>0</posy>
                                    <width>840</width>
                                    <height>96</height>
                                    <font>Clock</font>
                                    <align>right</align>
                                    <label>$VAR[ListItem.ChannelNumber]</label>
                                    <textcolor>White2</textcolor>
                                    <scroll>false</scroll>
                                </control>
                                <control type="label">
                                    <description>Label</description>
                                    <posx>120</posx>
                                    <posy>0</posy>
                                    <width>665</width>
                                    <height>96</height>
                                    <font>Medium</font>
                                    <align>left</align>
                                    <label>$VAR[ListItem.Label]</label>
                                    <textcolor>White2</textcolor>
                                    <scroll>false</scroll>
                                    <visible>!ListItem.HasEpg</visible>
                                </control>
                                <control type="group">
                                    <visible>ListItem.HasEpg</visible>
                                    <control type="progress">
                                        <posx>8</posx>
                                        <posy>80</posy>
                                        <width>80</width>
                                        <height>20</height>
                                        <reveal>true</reveal>
                                        <texturebg>settings/texturebg_cache.png</texturebg>
                                        <info>ListItem.Progress</info>
                                        <colordiffuse>White2</colordiffuse>
                                        <visible>!ListItem.IsPlaying</visible>
                                    </control>
                                    <control type="progress">
                                        <posx>8</posx>
                                        <posy>80</posy>
                                        <width>80</width>
                                        <height>20</height>
                                        <reveal>true</reveal>
                                        <texturebg>settings/texturebg_cache.png</texturebg>
                                        <info>ListItem.Progress</info>
                                        <colordiffuse>Selected</colordiffuse>
                                        <visible>ListItem.IsPlaying</visible>
                                    </control>
                                    <control type="label">
                                        <description>Label</description>
                                        <posx>120</posx>
                                        <posy>0</posy>
                                        <width>765</width>
                                        <height>58</height>
                                        <font>Medium</font>
                                        <align>left</align>
                                        <label>$VAR[ListItem.Label]</label>
                                        <textcolor>White2</textcolor>
                                        <scroll>false</scroll>
                                    </control>
                                    <control type="label">
                                        <description>Title</description>
                                        <posx>120</posx>
                                        <posy>42</posy>
                                        <width>765</width>
                                        <height>50</height>
                                        <font>Medium_Small</font>
                                        <align>left</align>
                                        <label>$VAR[ListItem.Title]</label>
                                        <textcolor>White2</textcolor>
                                        <scroll>false</scroll>
                                    </control>
                                </control>
                            </control>
                            <control type="group">
                                <visible>ListItem.IsRecording</visible>
                                <control type="image">
                                    <posx>850</posx>
                                    <posy>8</posy>
                                    <width>66</width>
                                    <height>80</height>
                                    <texture>windows/pvr/epg-recording.png</texture>
                                </control>
                                <control type="image">
                                    <posx>850</posx>
                                    <posy>8</posy>
                                    <width>66</width>
                                    <height>80</height>
                                    <texture>windows/pvr/epg-recording-pulse.png</texture>
                                    <animation effect="fade" start="65" end="100" time="750" tween="sine" easing="in" pulse="true" condition="true">Conditional</animation>
                                </control>
                            </control>
                            <control type="image">
                                <posx>850</posx>
                                <posy>8</posy>
                                <width>66</width>
                                <height>80</height>
                                <texture>windows/pvr/epg-timer.png</texture>
                                <visible>ListItem.HasTimer + !ListItem.IsRecording</visible>
                            </control>
                        </focusedlayout>
                    </control>
                </control>
            </control>
        </control>
    </controls>
</window>
