<?xml version="1.0" encoding="UTF-8"?>
<window id="2000">
    <defaultcontrol always="true">3</defaultcontrol>
    <allowoverlay>yes</allowoverlay>
    <zorder>2</zorder>
    <controls>
        <include condition="!Window.IsVisible(fullscreenvideo) + !Window.IsVisible(visualisation) + !Window.IsVisible(slideshow)">GlobalOverlay</include>
        <control type="button">
            <include>TouchOverlay</include>
            <onclick>Dialog.Close(selectdialog)</onclick>
        </control>
        <control type="group">
            <posx>521</posx>
            <posy>130</posy>
            <animation effect="slide" end="0,72" time="0" condition="!Control(5).IsVisible">Conditional</animation>
            <control type="group">
                <visible>Control(5).IsVisible</visible>
                <control type="button">
                    <description>Inhibit Overlay Close Action</description>
                    <posx>-21</posx>
                    <posy>-21</posy>
                    <width>920</width>
                    <height>862</height>
                    <include>NoTextureButton</include>
                </control>
                <control type="image">
                    <posx>-21</posx>
                    <posy>-21</posy>
                    <width>920</width>
                    <height>862</height>
                    <include>DialogBack</include>
                </control>
            </control>
            <control type="group">
                <visible>!Control(5).IsVisible</visible>
                <control type="button">
                    <description>Inhibit Overlay Close Action</description>
                    <posx>-21</posx>
                    <posy>-21</posy>
                    <width>920</width>
                    <height>770</height>
                    <include>NoTextureButton</include>
                </control>
                <control type="image">
                    <posx>-21</posx>
                    <posy>-21</posy>
                    <width>920</width>
                    <height>770</height>
                    <include>DialogBack</include>
                </control>
            </control>
            <control type="button" id="1">
                <description>Header Label</description>
                <posx>20</posx>
                <posy>0</posy>
                <width>900</width>
                <height>72</height>
                <font>Medium</font>
                <disabledcolor>$VAR[ThemeColorVar]</disabledcolor>
                <textcolor>grey</textcolor>
                <label>13406</label>
                <label2>$INFO[Control.GetLabel(2)]</label2>
                <textoffsetx>8</textoffsetx>
                <enable>no</enable>
                <include>NoTextureButton</include>
            </control>
            <control type="image">
                <description>Header Line</description>
                <posx>0</posx>
                <posy>72</posy>
                <width>878</width>
                <height>2</height>
                <texture>common/blue2.png</texture>
            </control>
            <control type="group">
                <control type="list" id="3">
                    <posx>0</posx>
                    <posy>74</posy>
                    <width>878</width>
                    <height>648</height>
                    <onleft>5</onleft>
                    <onright>60</onright>
                    <onup>3</onup>
                    <ondown>3</ondown>
                    <pagecontrol>60</pagecontrol>
                    <itemlayout height="72" width="878">
                        <control type="image">
                            <width>878</width>
                            <height>72</height>
                            <texture>dialogs/listitem_nofocus.png</texture>
                        </control>
                        <control type="label">
                            <width>878</width>
                            <height>72</height>
                            <font>Small</font>
                            <label>$INFO[ListItem.Label]</label>
                            <textoffsetx>30</textoffsetx>
                            <textcolor>White2</textcolor>
                        </control>
                        <control type="label">
                            <posx>878</posx>
                            <width>878</width>
                            <height>72</height>
                            <font>Small</font>
                            <align>right</align>
                            <label>$INFO[ListItem.Label2]</label>
                            <textoffsetx>30</textoffsetx>
                        </control>
                    </itemlayout>
                    <focusedlayout height="72" width="878">
                        <control type="image">
                            <width>878</width>
                            <height>72</height>
                            <texture>dialogs/listitem_nofocus.png</texture>
                        </control>
                        <control type="image">
                            <width>878</width>
                            <height>72</height>
                            <texture>dialogs/listitem_focus.png</texture>
                            <visible>Control.HasFocus(3)</visible>
                        </control>
                        <control type="label">
                            <width>878</width>
                            <height>72</height>
                            <font>Small</font>
                            <label>$INFO[ListItem.Label]</label>
                            <textoffsetx>30</textoffsetx>
                        </control>
                        <control type="label">
                            <posx>878</posx>
                            <width>878</width>
                            <height>72</height>
                            <font>Small</font>
                            <align>right</align>
                            <label>$INFO[ListItem.Label2]</label>
                            <textoffsetx>30</textoffsetx>
                        </control>
                    </focusedlayout>
                </control>
                <control type="scrollbar" id="60">
                    <posx>872</posx>
                    <posy>84</posy>
                    <height>648</height>
                    <width>6</width>
                    <onleft>3</onleft>
                    <onright>5</onright>
                    <showonepage>false</showonepage>
                    <animation effect="fade" start="65" end="0" time="300" tween="sine" easing="inout" condition="!Control.IsVisible(9772) + !Control.HasFocus(60)">Conditional</animation>
                    <visible>Control.IsVisible(3)</visible>
                </control>
            </control>

            <control type="group">
                <control type="list" id="6">
                    <posx>0</posx>
                    <posy>74</posy>
                    <width>878</width>
                    <height>648</height>
                    <onleft>5</onleft>
                    <onright>61</onright>
                    <onup>6</onup>
                    <ondown>6</ondown>
                    <pagecontrol>61</pagecontrol>
                    <itemlayout height="72" width="878">
                        <control type="image">
                            <width>878</width>
                            <height>72</height>
                            <texture>dialogs/listitem_nofocus.png</texture>
                        </control>
                        <control type="label">
                            <width>878</width>
                            <height>72</height>
                            <font>Small</font>
                            <label>$INFO[ListItem.Label]</label>
                            <textoffsetx>30</textoffsetx>
                            <textcolor>White2</textcolor>
                        </control>
                        <control type="label">
                            <posx>878</posx>
                            <width>878</width>
                            <height>72</height>
                            <font>Small</font>
                            <align>right</align>
                            <label>$INFO[ListItem.Label2]</label>
                            <textoffsetx>30</textoffsetx>
                        </control>
                    </itemlayout>
                    <focusedlayout height="72" width="878">
                        <control type="image">
                            <width>878</width>
                            <height>72</height>
                            <texture>dialogs/listitem_nofocus.png</texture>
                        </control>
                        <control type="image">
                            <width>878</width>
                            <height>72</height>
                            <texture>dialogs/listitem_focus.png</texture>
                            <visible>Control.HasFocus(6)</visible>
                        </control>
                        <control type="label">
                            <width>878</width>
                            <height>72</height>
                            <font>Small</font>
                            <label>$INFO[ListItem.Label]</label>
                            <textoffsetx>30</textoffsetx>
                        </control>
                        <control type="label">
                            <posx>878</posx>
                            <width>878</width>
                            <height>72</height>
                            <font>Small</font>
                            <align>right</align>
                            <label>$INFO[ListItem.Label2]</label>
                            <textoffsetx>30</textoffsetx>
                        </control>
                    </focusedlayout>
                </control>
                <control type="scrollbar" id="61">
                    <posx>872</posx>
                    <posy>84</posy>
                    <height>648</height>
                    <width>6</width>
                    <onleft>6</onleft>
                    <onright>5</onright>
                    <showonepage>false</showonepage>
                    <animation effect="fade" start="65" end="0" time="300" tween="sine" easing="inout" condition="!Control.IsVisible(9772) + !Control.HasFocus(61)">Conditional</animation>
                    <visible>Control.IsVisible(6)</visible>
                </control>
            </control>
            <control type="group">
                <description>Button Bar</description>
                <visible>Control(5).IsVisible</visible>
                <posy>747</posy>
                <control type="image">
                    <description>Line</description>
                    <height>1</height>
                    <width>878</width>
                    <texture>common/grey.png</texture>
                </control>
                <control type="grouplist">
                    <description>Buttons</description>
                    <posx>0</posx>
                    <posy>1</posy>
                    <height>70</height>
                    <width>878</width>
                    <onleft>3</onleft>
                    <onright>60</onright>
                    <onup>3</onup>
                    <ondown>3</ondown>
                    <align>center</align>
                    <itemgap>0</itemgap>
                    <orientation>horizontal</orientation>
                    <control type="button" id="5">
                        <description>Manual button</description>
                        <include>DefaultButton</include>
                        <width>878</width>
                        <label>186</label>
                        <align>center</align>
                    </control>
                </control>
            </control>
        </control>
        <!-- Scrollbar visibility controls -->
        <control type="image" id="9773">
            <animation effect="fade" start="100" end="0" time="0" delay="1500">WindowOpen</animation>
        </control>
        <control type="image" id="9772">
            <animation effect="fade" start="0" end="100" time="0">Visible</animation>
            <animation effect="fade" start="100" end="0" time="0">Hidden</animation>
            <visible>Control.HasFocus(60) | !Control.IsVisible(9773)</visible>
        </control>
        <control type="image" id="9772">
            <animation effect="fade" start="0" end="100" time="0">Visible</animation>
            <animation effect="fade" start="100" end="0" time="0" delay="1500">Hidden</animation>
            <visible>!Control.HasFocus(60) + [Container(3).Scrolling | Container(3).OnScrollNext | Container(3).OnScrollPrevious | Container(6).Scrolling | Container(6).OnScrollNext | Container(6).OnScrollPrevious]</visible>
        </control>
    </controls>
</window>