<?xml version="1.0" encoding="UTF-8"?>
<window id="106">
    <defaultcontrol>1000</defaultcontrol>
    <coordinates>
        <posx>0</posx>
        <posy>0</posy>
        <origin x="660" y="300">true</origin>
    </coordinates>
    <controls>
        <control type="button">
            <posy>-300</posy>
            <posx>-660</posx>
            <include>TouchOverlay</include>
            <onclick>Dialog.Close(contextmenu)</onclick>
        </control>
        <control type="button">
            <description>Header</description>
            <posx>0</posx>
            <posy>0</posy>
            <width>600</width>
            <height>72</height>
            <label>31018</label>
            <onclick>noop</onclick>
            <aligny>top</aligny>
            <textoffsety>16</textoffsety>
            <texturefocus border="14,14,14,3">dialogs/contextmenu_top.png</texturefocus>
            <texturenofocus border="14,14,14,3">dialogs/contextmenu_top.png</texturenofocus>
            <disabledcolor>$VAR[ThemeColorVar]</disabledcolor>
            <enable>no</enable>
        </control>
        <control type="grouplist" id="996">
            <description>grouplist for context buttons</description>
            <posx>0</posx>
            <posy>72</posy>
            <width>600</width>
            <height>520</height>
            <itemgap>0</itemgap>
            <control type="button" id="1000">
                <description>Buttons</description>
                <font>Smaller</font>
                <width>600</width>
                <height>62</height>
                <texturefocus border="14,0,14,0">dialogs/contextmenu_focus.png</texturefocus>
                <texturenofocus border="14,0,14,2">dialogs/contextmenu_nofocus.png</texturenofocus>
            </control>
        </control>
    </controls>
</window>