<?xml version="1.0" encoding="UTF-8"?>
<window type="dialog" id="134">
    <defaultcontrol always="true">450</defaultcontrol>
    <allowoverlay>yes</allowoverlay>
    <include>PopUpEffect</include>
    <controls>
        <include>GlobalOverlay</include>
        <control type="button">
            <include>TouchOverlay</include>
            <onclick>Dialog.Close(favourites)</onclick>
        </control>
        <control type="group">
            <posx>320</posx>
            <posy>180</posy>
            <control type="button">
                <description>Inhibit Overlay Close Action</description>
                <posx>-21</posx>
                <posy>-21</posy>
                <width>1322</width>
                <height>762</height>
                <include>NoTextureButton</include>
            </control>
            <control type="image">
                <posx>-21</posx>
                <posy>-21</posy>
                <width>1322</width>
                <height>762</height>
                <include>DialogBack</include>
            </control>
            <control type="button">
                <description>Header</description>
                <posx>0</posx>
                <posy>0</posy>
                <width>1280</width>
                <height>72</height>
                <label>1036</label>
                <onclick>noop</onclick>
                <texturefocus border="14,14,14,3">-</texturefocus>
                <texturenofocus border="14,14,14,3">-</texturenofocus>
                <disabledcolor>$VAR[ThemeColorVar]</disabledcolor>
                <enable>no</enable>
            </control>
            <control type="image">
                <description>Header Line</description>
                <posx>0</posx>
                <posy>72</posy>
                <width>1280</width>
                <height>2</height>
                <texture>common/blue2.png</texture>
            </control>
            <control type="list" id="450">
                <posx>0</posx>
                <posy>74</posy>
                <width>1280</width>
                <height>576</height>
                <onleft>450</onleft>
                <onright>60</onright>
                <onup>450</onup>
                <ondown>450</ondown>
                <pagecontrol>60</pagecontrol>
                <viewtype label="535">list</viewtype>
                <orientation>vertical</orientation>
                <scrolltime tween="quadratic" easing="out">200</scrolltime>
                <itemlayout width="1280" height="72">
                    <control type="image">
                        <posx>0</posx>
                        <posy>0</posy>
                        <width>1280</width>
                        <height>72</height>
                        <texture>dialogs/listitem_nofocus.png</texture>
                    </control>
                    <control type="label">
                        <posy>0</posy>
                        <posx>0</posx>
                        <width>1280</width>
                        <height>72</height>
                        <info>ListItem.Label</info>
                        <textcolor>White2</textcolor>
                        <textoffsetx>30</textoffsetx>
                    </control>
                </itemlayout>
                <focusedlayout width="1280" height="72">
                    <control type="image">
                        <posx>0</posx>
                        <posy>0</posy>
                        <width>1280</width>
                        <height>72</height>
                        <texture>dialogs/listitem_focus.png</texture>
                    </control>
                    <control type="label">
                        <posy>0</posy>
                        <posx>0</posx>
                        <width>1280</width>
                        <height>72</height>
                        <info>ListItem.Label</info>
                        <textoffsetx>30</textoffsetx>
                    </control>
                </focusedlayout>
            </control>
            <control type="scrollbar" id="60">
                <posx>1272</posx>
                <posy>72</posy>
                <height>576</height>
                <width>6</width>
                <onleft>450</onleft>
                <onright>450</onright>
                <showonepage>true</showonepage>
                <animation effect="fade" start="100" end="0" time="500" delay="500" condition="!Control.HasFocus(60) + !Container(450).Scrolling">Conditional</animation>
            </control>
            <control type="button">
                <description>Footer</description>
                <posx>0</posx>
                <posy>648</posy>
                <width>1280</width>
                <height>72</height>
                <label>$INFO[Container(450).NumItems,, $LOCALIZE[31027]]</label>
                <label2>$INFO[Container(450).CurrentPage]$INFO[Container(450).NumPages,/]</label2>
                <include>NoTextureButton</include>
                <onclick>noop</onclick>
                <disabledcolor>Blue2</disabledcolor>
                <enable>no</enable>
            </control>
        </control>
    </controls>
</window>