<?xml version="1.0" encoding="UTF-8"?>
<window id="2003">
    <defaultcontrol>10</defaultcontrol>
    <allowoverlay>yes</allowoverlay>
    <include>MediaMenuReset</include>
    <controls>
        <control type="image">
            <posx>0</posx>
            <posy>72</posy>
            <width>1920</width>
            <height>1008</height>
            <aspectratio>scale</aspectratio>
            <texture>$INFO[ListItem.Art(thumb)]</texture>
            <visible>Container.Content(episodes)</visible>
        </control>
        <control type="image">
            <posx>0</posx>
            <posy>72</posy>
            <width>1920</width>
            <height>1008</height>
            <aspectratio>scale</aspectratio>
            <texture>$INFO[ListItem.Art(fanart)]</texture>
            <visible>!Container.Content(episodes)</visible>
        </control>
        <control type="button">
            <include>TouchOverlay</include>
            <onclick>Dialog.Close(movieinformation)</onclick>
        </control>
        <include>NotificationCenter</include>
        <control type="group">
            <posx>170</posx>
            <posy>140</posy>
            <control type="button">
                <description>Inhibit Overlay Close Action</description>
                <posx>-21</posx>
                <posy>-21</posy>
                <width>1622</width>
                <height>900</height>
                <include>NoTextureButton</include>
            </control>
            <control type="image">
                <posx>-21</posx>
                <posy>-21</posy>
                <width>1622</width>
                <height>900</height>
                <include>DialogBack</include>
            </control>
            <control type="label">
                <description>Movie Title</description>
                <posx>20</posx>
                <width>1560</width>
                <height>72</height>
                <font>Medium</font>
                <aligny>center</aligny>
                <label>$INFO[ListItem.Title]$INFO[ListItem.Top250, # , ]</label>
                <textcolor>$VAR[ThemeColorVar]</textcolor>
                <textoffsetx>8</textoffsetx>
                <visible>!Container.Content(episodes)</visible>
            </control>
            <control type="label">
                <description>Year, Duration and Ratings</description>
                <posx>1560</posx>
                <width>1560</width>
                <height>72</height>
                <font>Smaller</font>
                <align>right</align>
                <aligny>center</aligny>
                <label>$INFO[ListItem.Year,, • ]$INFO[ListItem.Duration,, $LOCALIZE[12391]]$INFO[ListItem.RatingAndVotes, • ,]</label>
                <textcolor>$VAR[ThemeColorVar]</textcolor>
                <textoffsetx>8</textoffsetx>
                <visible>!Container.Content(tvshows)</visible>
            </control>
            <control type="label">
                <description>Epiosode Title</description>
                <posx>20</posx>
                <width>1560</width>
                <height>72</height>
                <font>Medium</font>
                <aligny>center</aligny>
                <label>$VAR[ListItemSeasonVar,S]$VAR[ListItemEpisodeVar,E, - ]$INFO[ListItem.Title]</label>
                <textcolor>$VAR[ThemeColorVar]</textcolor>
                <textoffsetx>8</textoffsetx>
                <visible>Container.Content(episodes)</visible>
            </control>
            <control type="label">
                <description>Year, Duration and Ratings</description>
                <posx>1560</posx>
                <width>1560</width>
                <height>72</height>
                <font>Smaller</font>
                <align>right</align>
                <aligny>center</aligny>
                <label>$INFO[ListItem.Premiered,$LOCALIZE[31051] ,]</label>
                <textcolor>$VAR[ThemeColorVar]</textcolor>
                <textoffsetx>8</textoffsetx>
                <visible>Container.Content(tvshows) + !IsEmpty(ListItem.Premiered)</visible>
            </control>
            <control type="image">
                <description>Header Line</description>
                <posx>0</posx>
                <posy>72</posy>
                <width>1580</width>
                <height>2</height>
                <texture>common/blue2.png</texture>
            </control>
            <control type="group">
                <posx>20</posx>
                <posy>82</posy>
                <control type="image">
                    <description>Poster Thumb</description>
                    <posx>25</posx>
                    <posy>0</posy>
                    <width>300</width>
                    <height>300</height>
                    <aspectratio aligny="top">keep</aspectratio>
                    <texture background="true">$VAR[InfoPosterThumbVar]</texture>
                    <bordersize>2</bordersize>
                </control>
                <!-- 
                <control type="image">
                    <description>Watched Indicator</description>
                    <posx>234</posx>
                    <posy>-2</posy>
                    <width>52</width>
                    <height>48</height>
                    <texture>$VAR[InfoIconOverlayVar]</texture>
                </control>
                 -->
                <control type="grouplist" id="9000">
                    <description>Actions</description>
                    <posx>0</posx>
                    <posy>310</posy>
                    <width>350</width>
                    <height>372</height>
                    <itemgap>0</itemgap>
                    <onup>9000</onup>
                    <ondown>9000</ondown>
                    <onright>61</onright>
                    <onleft>61</onleft>
                    <orientation>vertical</orientation>
                    <control type="togglebutton" id="8">
                        <description>Play/browse to Show</description>
                        <width>600</width>
                        <label>208</label>
                        <alttexturefocus border="2">button-focus.png</alttexturefocus>
                        <alttexturenofocus border="2">button-nofocus.png</alttexturenofocus>
                        <altlabel>1024</altlabel>
                        <usealttexture>Container.Content(TVShows)</usealttexture>
                    </control>
                    <control type="button" id="6">
                        <description>Refresh</description>
                        <width>600</width>
                        <label>184</label>
                    </control>
                    <control type="button" id="10">
                        <description>Get Thumb</description>
                        <width>600</width>
                        <label>13511</label>
                    </control>
                    <control type="button" id="11">
                        <description>Play Trailer</description>
                        <width>600</width>
                        <label>20410</label>
                        <visible>!IsEmpty(ListItem.Trailer) + !Skin.HasSetting(WindowedTrailer)</visible>
                    </control>
                    <control type="button" id="15">
                        <description>Play Trailer Windowed</description>
                        <width>600</width>
                        <label>20410</label>
                        <onclick>PlayMedia($INFO[ListItem.Trailer],1)</onclick>
                        <visible>!IsEmpty(ListItem.Trailer) + Skin.HasSetting(WindowedTrailer)</visible>
                    </control>
                    <control type="button" id="100">
                        <description>Fetch TvTunes stuff</description>
                        <width>600</width>
                        <label>31127</label>
                        <onclick>RunScript(script.tvtunes,mode=solo)</onclick>
                        <visible>Skin.HasSetting(ActivateTvTunes) + System.HasAddon(script.tvtunes) + [Container.Content(TVShows) | Container.Content(movies) | Container.Content(musicvideos)] + IsEmpty(Window(movieinformation).Property("TvTunes_HideVideoInfoButton"))</visible>
                    </control>
                </control>
                <control type="group">
                    <posx>380</posx>
                    <posy>0</posy>
                    <control type="group">
                        <posy>0</posy>
                        <control type="group">
                            <posy>0</posy>
                            <control type="group">
                                <description>TV Show Title</description>
                                <visible>Container.Content(episodes)</visible>
                                <control type="label">
                                    <posx>0</posx>
                                    <width>256</width>
                                    <height>62</height>
                                    <font>Smaller</font>
                                    <textcolor>$VAR[ThemeColorVar]</textcolor>
                                    <label>$LOCALIZE[20364]:</label>
                                    <textoffsetx>8</textoffsetx>
                                </control>
                                <control type="label">
                                    <posx>256</posx>
                                    <width>680</width>
                                    <height>62</height>
                                    <font>Smaller</font>
                                    <label>$INFO[ListItem.TvShowTitle]</label>
                                    <textcolor>White2</textcolor>
                                    <textoffsetx>8</textoffsetx>
                                </control>
                            </control>
                            <control type="group">
                                <description>Genre</description>
                                <visible>!Container.Content(episodes)</visible>
                                <control type="label">
                                    <posx>0</posx>
                                    <width>256</width>
                                    <height>62</height>
                                    <font>Smaller</font>
                                    <textcolor>$VAR[ThemeColorVar]</textcolor>
                                    <label>$LOCALIZE[515]:</label>
                                    <textoffsetx>8</textoffsetx>
                                </control>
                                <control type="label">
                                    <posx>256</posx>
                                    <width>680</width>
                                    <height>62</height>
                                    <font>Smaller</font>
                                    <label>$INFO[ListItem.Genre]</label>
                                    <textcolor>White2</textcolor>
                                    <textoffsetx>8</textoffsetx>
                                </control>
                            </control>
                        </control>
                        <control type="group">
                            <posy>62</posy>
                            <control type="group">
                                <description>NextAired Status</description>
                                <visible>Container.Content(tvshows)</visible>
                                <control type="label">
                                    <posx>0</posx>
                                    <width>256</width>
                                    <height>62</height>
                                    <font>Smaller</font>
                                    <textcolor>$VAR[ThemeColorVar]</textcolor>
                                    <label>$LOCALIZE[126]:</label>
                                    <textoffsetx>8</textoffsetx>
                                </control>
                                <control type="label">
                                    <posx>256</posx>
                                    <width>680</width>
                                    <height>62</height>
                                    <font>Smaller</font>
                                    <label>$INFO[Window(Home).Property(NextAired.Status)]</label>
                                    <textcolor>White2</textcolor>
                                    <textoffsetx>8</textoffsetx>
                                </control>
                            </control>
                            <control type="group">
                                <description>Director</description>
                                <visible>!Container.Content(tvshows)</visible>
                                <control type="label">
                                    <posx>0</posx>
                                    <width>256</width>
                                    <height>62</height>
                                    <font>Smaller</font>
                                    <textcolor>$VAR[ThemeColorVar]</textcolor>
                                    <label>$LOCALIZE[20339]:</label>
                                    <textoffsetx>8</textoffsetx>
                                </control>
                                <control type="label">
                                    <posx>256</posx>
                                    <width>680</width>
                                    <height>62</height>
                                    <font>Smaller</font>
                                    <label fallback="N/A">$INFO[ListItem.Director]</label>
                                    <textcolor>White2</textcolor>
                                    <textoffsetx>8</textoffsetx>
                                </control>
                            </control>
                        </control>
                        <control type="group">
                            <posy>124</posy>
                            <control type="group">
                                <description>Premiered</description>
                                <visible>Container.Content(tvshows)</visible>
                                <control type="label">
                                    <posx>0</posx>
                                    <width>256</width>
                                    <height>62</height>
                                    <font>Smaller</font>
                                    <textcolor>$VAR[ThemeColorVar]</textcolor>
                                    <label>$LOCALIZE[20416]:</label>
                                    <textoffsetx>8</textoffsetx>
                                </control>
                                <control type="label">
                                    <posx>256</posx>
                                    <width>680</width>
                                    <height>62</height>
                                    <font>Smaller</font>
                                    <label>$INFO[ListItem.Premiered]</label>
                                    <textcolor>White2</textcolor>
                                    <textoffsetx>8</textoffsetx>
                                </control>
                            </control>
                            <control type="group">
                                <description>Writer</description>
                                <visible>!Container.Content(tvshows)</visible>
                                <control type="label">
                                    <posx>0</posx>
                                    <width>256</width>
                                    <height>62</height>
                                    <font>Smaller</font>
                                    <textcolor>$VAR[ThemeColorVar]</textcolor>
                                    <label>$LOCALIZE[20417]:</label>
                                    <textoffsetx>8</textoffsetx>
                                </control>
                                <control type="label">
                                    <posx>256</posx>
                                    <width>680</width>
                                    <height>62</height>
                                    <font>Smaller</font>
                                    <label fallback="N/A">$INFO[ListItem.Writer]</label>
                                    <textcolor>White2</textcolor>
                                    <textoffsetx>8</textoffsetx>
                                </control>
                            </control>
                        </control>
                    </control>
                    <control type="image">
                        <description>Line</description>
                        <posx>10</posx>
                        <posy>186</posy>
                        <height>1</height>
                        <width>1136</width>
                        <texture>common/grey.png</texture>
                        <colordiffuse>55FFFFFF</colordiffuse>
                    </control>
                    <control type="group">
                        <posy>206</posy>
                        <control type="label">
                            <posx>0</posx>
                            <width>256</width>
                            <height>62</height>
                            <font>Smaller</font>
                            <aligny>top</aligny>
                            <textcolor>$VAR[ThemeColorVar]</textcolor>
                            <label>$LOCALIZE[207]:</label>
                            <textoffsetx>8</textoffsetx>
                        </control>
                        <control type="textbox" id="51">
                            <description>Plot outline</description>
                            <posx>256</posx>
                            <posy>0</posy>
                            <width>880</width>
                            <height>250</height>
                            <align>left</align>
                            <font>Smaller</font>
                            <label>$VAR[VideoInfoPlotVar]</label>
                            <pagecontrol>61</pagecontrol>
                            <autoscroll>false</autoscroll>
                        </control>
                        <control type="scrollbar" id="61">
                            <posx>1172</posx>
                            <posy>0</posy>
                            <width>6</width>
                            <height>250</height>
                            <texturesliderbackground>-</texturesliderbackground>
                            <texturesliderbar>dialogs/scrollbar.png</texturesliderbar>
                            <texturesliderbarfocus>dialogs/scrollbar.png</texturesliderbarfocus>
                            <textureslidernib>-</textureslidernib>
                            <textureslidernibfocus>-</textureslidernibfocus>
                            <onleft>50</onleft>
                            <onright>50</onright>
                            <showonepage>false</showonepage>
                            <orientation>vertical</orientation>
                            <animation effect="fade" start="75" end="0" time="300" tween="sine" easing="inout" condition="!Control.HasFocus(61) + !Control.HasFocus(51)">Conditional</animation>
                        </control>
                    </control>
                    <control type="image">
                        <description>Line</description>
                        <posx>10</posx>
                        <posy>460</posy>
                        <height>1</height>
                        <width>1136</width>
                        <texture>common/grey.png</texture>
                        <colordiffuse>55FFFFFF</colordiffuse>
                    </control>
                    <control type="group">
                        <posy>470</posy>
                        <control type="label">
                            <posx>0</posx>
                            <width>256</width>
                            <height>62</height>
                            <font>Smaller</font>
                            <textcolor>$VAR[ThemeColorVar]</textcolor>
                            <label>$LOCALIZE[206]:</label>
                            <textoffsetx>8</textoffsetx>
                        </control>
                        <control type="list" id="50">
                            <description>Cast</description>
                            <posx>256</posx>
                            <posy>0</posy>
                            <width>744</width>
                            <height>216</height>
                            <onup>51</onup>
                            <ondown>51</ondown>
                            <onleft>10</onleft>
                            <onright>62</onright>
                            <orientation>vertical</orientation>
                            <scrolltime tween="quadratic">200</scrolltime>
                            <pagecontrol>62</pagecontrol>
                            <itemlayout width="644" height="62">
                                <control type="label">
                                    <width>644</width>
                                    <height>62</height>
                                    <font>Smaller</font>
                                    <label>$INFO[ListItem.Label]</label>
                                    <textcolor>c5e5e5e5</textcolor>
                                    <textoffsetx>8</textoffsetx>
                                </control>
                            </itemlayout>
                            <focusedlayout width="644" height="62">
                                <control type="image">
                                    <width>644</width>
                                    <height>62</height>
                                    <texture>dialogs/listitem_focus.png</texture>
                                    <visible>Control.HasFocus(50)</visible>
                                </control>
                                <control type="label">
                                    <width>644</width>
                                    <height>62</height>
                                    <font>Smaller</font>
                                    <label>$INFO[ListItem.Label]</label>
                                    <textoffsetx>8</textoffsetx>
                                </control>
                            </focusedlayout>
                        </control>
                        <control type="scrollbar" id="62">
                            <posx>900</posx>
                            <posy>0</posy>
                            <width>6</width>
                            <height>216</height>
                            <texturesliderbackground>-</texturesliderbackground>
                            <texturesliderbar>dialogs/scrollbar.png</texturesliderbar>
                            <texturesliderbarfocus>dialogs/scrollbar.png</texturesliderbarfocus>
                            <textureslidernib>-</textureslidernib>
                            <textureslidernibfocus>-</textureslidernibfocus>
                            <onleft>50</onleft>
                            <onright>10</onright>
                            <showonepage>false</showonepage>
                            <orientation>vertical</orientation>
                            <animation effect="fade" start="75" end="0" time="300" tween="sine" easing="inout" condition="!Control.HasFocus(61) + !Control.HasFocus(50)">Conditional</animation>
                        </control>
                        <control type="image">
                            <posy>10</posy>
                            <posx>920</posx>
                            <width>220</width>
                            <height>216</height>
                            <aspectratio>keep</aspectratio>
                            <bordersize>2</bordersize>
                            <texture background="true">$INFO[Container(50).ListItem.Icon]</texture>
                            <animation effect="fade" start="100" end="40" time="300" tween="sine" easing="inout" condition="!Control.HasFocus(61) + !Control.HasFocus(50)">Conditional</animation>
                        </control>
                    </control>
                    <control type="grouplist">
                        <posx>256</posx>
                        <posy>690</posy>
                        <itemgap>20</itemgap>
                        <orientation>horizontal</orientation>
                        <control type="image">
                            <width>100</width>
                            <height>100</height>
                            <colordiffuse>White2</colordiffuse>
                            <texture>$INFO[ListItem.VideoCodec,flags/video/,.png]</texture>
                            <aspectratio align="center">keep</aspectratio>
                            <visible>!IsEmpty(ListItem.VideoCodec)</visible>
                        </control>
                        <control type="image">
                            <width>100</width>
                            <height>100</height>
                            <colordiffuse>White2</colordiffuse>
                            <texture>$INFO[ListItem.AudioCodec,flags/audio/,.png]</texture>
                            <aspectratio align="center" aligny="center">keep</aspectratio>
                            <visible>!IsEmpty(ListItem.AudioCodec)</visible>
                        </control>
                        <control type="image">
                            <width>100</width>
                            <height>100</height>
                            <colordiffuse>White2</colordiffuse>
                            <texture>$INFO[ListItem.VideoResolution,flags/resolution/,.png]</texture>
                            <aspectratio align="center" aligny="center">keep</aspectratio>
                            <visible>!IsEmpty(ListItem.VideoResolution)</visible>
                        </control>
                        <control type="image">
                            <width>100</width>
                            <height>100</height>
                            <colordiffuse>White2</colordiffuse>
                            <texture>$INFO[ListItem.VideoAspect,flags/aspectratio/,.png]</texture>
                            <aspectratio align="center" aligny="center">keep</aspectratio>
                            <visible>!IsEmpty(ListItem.VideoAspect)</visible>
                        </control>
                        <control type="image">
                            <width>100</width>
                            <height>100</height>
                            <colordiffuse>White2</colordiffuse>
                            <texture>$INFO[ListItem.Studio,flags/studios/,.png]</texture>
                            <aspectratio align="center" aligny="center">keep</aspectratio>
                            <visible>!IsEmpty(ListItem.Studio)</visible>
                        </control>
                        <control type="image">
                            <width>100</width>
                            <height>100</height>
                            <colordiffuse>White2</colordiffuse>
                            <texture>$INFO[ListItem.Rating,flags/stars/,.png]</texture>
                            <aspectratio align="center" aligny="center">keep</aspectratio>
                            <visible>!IsEmpty(ListItem.Rating)</visible>
                        </control>
                    </control>
                </control>
            </control>
        </control>
        <control type="group" id="9999">
            <desription>Menu</desription>
            <include>MediaMenuOverlay</include>
            <control type="grouplist">
                <include>MediaMenuGrouplist</include>
                <control type="button" id="9004">
                    <description>Cinema Experience</description>
                    <label>31038</label>
                    <include>MediaMenuButton</include>
                    <onclick>Playlist.Clear</onclick>
                    <onclick>Dialog.Close(MovieInformation)</onclick>
                    <onclick>RunScript(script.cinema.experience)</onclick>
                    <onclick>SetFocus(5000)</onclick>
                    <visible>Container.Content(Movies) + system.hasaddon(script.cinema.experience) + !SubString(Container.FolderPath,plugin)</visible>
                </control>
                <control type="button" id="9001">
                    <description>Edit library</description>
                    <label>21435</label>
                    <include>MediaMenuButton</include>
                    <onclick>ActivateWindow(1111)</onclick>
                    <onclick>SetFocus(5000)</onclick>
                    <visible>System.HasAddon(script.libraryeditor) + [Container.Content(movies) | Container.Content(tvshows) | Container.Content(episodes)]</visible>
                </control>
                <control type="button" id="9002">
                    <description>Manual artwork</description>
                    <label>31025</label>
                    <include>MediaMenuButton</include>
                    <onclick condition="Container.Content(tvshows)">RunScript(script.artwork.downloader,mode=gui, mediatype=tvshow, dbid=$INFO[ListItem.DBID])</onclick>
                    <onclick condition="Container.Content(movies)">RunScript(script.artwork.downloader,mode=gui,mediatype=movie,dbid=$INFO[ListItem.DBID])</onclick>
                    <onclick>SetFocus(5000)</onclick>
                    <visible>System.HasAddon(script.artwork.downloader) + [Container.Content(movies) | Container.Content(tvshows)]</visible>
                </control>
                <control type="button" id="9003">
                    <description>Automatic artwork</description>
                    <label>31026</label>
                    <include>MediaMenuButton</include>
                    <onclick condition="Container.Content(tvshows)">RunScript(script.artwork.downloader, mediatype=tvshow, dbid=$INFO[ListItem.DBID])</onclick>
                    <onclick condition="Container.Content(movies)">RunScript(script.artwork.downloader, mediatype=movie, dbid=$INFO[ListItem.DBID])</onclick>
                    <onclick>SetFocus(5000)</onclick>
                    <visible>System.HasAddon(script.artwork.downloader) + [Container.Content(movies) | Container.Content(tvshows)]</visible>
                </control>
                <include>MediaMenuBottomButton</include>
            </control>
        </control>
    </controls>
</window>