<?xml version="1.0" encoding="utf-8"?>
<window>
    <defaultcontrol always="true">1</defaultcontrol>
    <controls>
        <control type="image">
            <posx>0</posx>
            <posy>72</posy>
            <width>480</width>
            <height>54</height>
            <include>toast_back</include>
        </control>
        <control type="grouplist" id="9001">
            <posx>0</posx>
            <posy>126</posy>
            <width>480</width>
            <height>864</height>
            <itemgap>0</itemgap>
            <onright>5</onright>
            <onleft>5</onleft>
            <onup>9001</onup>
            <ondown>9001</ondown>
            <control type="button" id="28">
                <description>Ok Button</description>
                <width>480</width>
                <label>186</label>
                <onclick>Select</onclick>
            </control>
            <control type="button" id="29">
                <description>Cancel Button</description>
                <width>480</width>
                <label>222</label>
                <onclick>PreviousMenu</onclick>
            </control>
            <control type="button" id="4000">
                <description>Filler</description>
                <width>480</width>
                <height>720</height>
                <font>-</font>
                <enable>no</enable>
            </control>
        </control>
        <control type="image">
            <posx>480</posx>
            <posy>72</posy>
            <width>1440</width>
            <height>918</height>
            <include>toast_back</include>
        </control>
        <control type="button" id="1">
            <description>header label</description>
            <posx>480</posx>
            <posy>72</posy>
            <width>1440</width>
            <height>54</height>
            <font>Small</font>
            <textcolor>grey</textcolor>
            <disabledcolor>Blue2</disabledcolor>
            <label>13406</label>
            <textoffsetx>30</textoffsetx>
            <enable>no</enable>
        </control>
        <control type="button" id="2">
            <posx>480</posx>
            <posy>126</posy>
            <width>1440</width>
            <height>72</height>
            <label>-</label>
            <disabledcolor>White2</disabledcolor>
            <textoffsetx>30</textoffsetx>
            <enable>no</enable>
        </control>
        <control type="button" id="3">
            <posx>480</posx>
            <posy>198</posy>
            <width>1140</width>
            <height>72</height>
            <label>-</label>
            <disabledcolor>White2</disabledcolor>
            <textoffsetx>30</textoffsetx>
            <enable>no</enable>
        </control>
        <control type="button" id="4">
            <posx>480</posx>
            <posy>270</posy>
            <width>1440</width>
            <height>72</height>
            <label>-</label>
            <disabledcolor>White2</disabledcolor>
            <textoffsetx>30</textoffsetx>
            <enable>no</enable>
        </control>
    </controls>
</window>