<?xml version="1.0" encoding="UTF-8"?>
<window id="103">
    <defaultcontrol always="true">300</defaultcontrol>
    <allowoverlay>yes</allowoverlay>
    <zorder>3</zorder>
    <controls>
        <include>GlobalOverlay</include>
        <control type="button">
            <include>TouchOverlay</include>
            <onclick>Dialog.Close(virtualkeyboard)</onclick>
        </control>
        <control type="group">
            <visible>!Window.IsVisible(numericinput)</visible>
            <left>0</left>
            <top>540</top>
            <animation effect="slide" start="0,507" end="0,0" time="500" tween="cubic" easing="out">WindowOpen</animation>
            <animation effect="slide" end="0,507" start="0,0" time="500" tween="cubic" easing="out">WindowClose</animation>
            <control type="image">
                <left>0</left>
                <top>33</top>
                <width>1920</width>
                <height>615</height>
                <texture border="2">dialogs/background_grey.png</texture>
            </control>
            <control type="label" id="311">
                <description>Header label (currently not needed)</description>
                <visible>0</visible>
            </control>
            <control type="edit" id="312">
                <description>Edit Text</description>
                <left>0</left>
                <top>25</top>
                <width>1920</width>
                <height>75</height>
                <align>center</align>
                <font>Medium</font>
                <textcolor>white</textcolor>
                <textoffsetx>25</textoffsetx>
            </control>
            <control type="group">
                <left>30</left>
                <top>110</top>
                <!-- 1st row -->
                <control type="grouplist" id="5001">
                    <itemgap>0</itemgap>
                    <orientation>horizontal</orientation>
                    <control type="button" id="309">
                        <description>Layout button</description>
                        <width>250</width>
                        <label>20177</label>
                        <onup>300</onup>
                        <ondown>302</ondown>
                        <include>KeyboardKeyDark</include>
                    </control>
                    <control type="button" id="100">
                        <description>(0,0) key button</description>
                        <onup>32</onup>
                        <ondown>120</ondown>
                        <include>KeyboardKey</include>
                    </control>
                    <control type="button" id="101">
                        <description>(0,1) key button</description>
                        <onup>32</onup>
                        <ondown>121</ondown>
                        <include>KeyboardKey</include>
                    </control>
                    <control type="button" id="102">
                        <description>(0,2) key button</description>
                        <onup>32</onup>
                        <ondown>122</ondown>
                        <include>KeyboardKey</include>
                    </control>
                    <control type="button" id="103">
                        <description>(0,3) key button</description>
                        <onup>32</onup>
                        <ondown>123</ondown>
                        <include>KeyboardKey</include>
                    </control>
                    <control type="button" id="104">
                        <description>(0,4) key button</description>
                        <onup>8</onup>
                        <ondown>124</ondown>
                        <include>KeyboardKey</include>
                    </control>
                    <control type="button" id="105">
                        <description>(0,5) key button</description>
                        <onup>8</onup>
                        <ondown>125</ondown>
                        <include>KeyboardKey</include>
                    </control>
                    <control type="button" id="106">
                        <description>(0,6) key button</description>
                        <onup>8</onup>
                        <ondown>126</ondown>
                        <include>KeyboardKey</include>
                    </control>
                    <control type="button" id="107">
                        <description>(0,7) key button</description>
                        <onup>8</onup>
                        <ondown>127</ondown>
                        <include>KeyboardKey</include>
                    </control>
                    <control type="button" id="108">
                        <description>(0,8) key button</description>
                        <onup>305</onup>
                        <ondown>128</ondown>
                        <include>KeyboardKey</include>
                    </control>
                    <control type="button" id="109">
                        <description>(0,9) key button</description>
                        <onup>305</onup>
                        <ondown>129</ondown>
                        <include>KeyboardKey</include>
                    </control>
                    <control type="button" id="110">
                        <description>(0,10) key button</description>
                        <onup>306</onup>
                        <ondown>130</ondown>
                        <include>KeyboardKey</include>
                    </control>
                    <control type="button" id="111">
                        <description>(0,11) key button</description>
                        <onup>306</onup>
                        <ondown>131</ondown>
                        <texturenofocus flipx="true" border="5,25,25,5">KeyboardCornerTopNF.png</texturenofocus>
                        <texturefocus flipx="true" border="5,25,25,5">KeyboardCornerTop.png</texturefocus>
                        <include>KeyboardKey</include>
                    </control>
                </control>
                <!-- 2nd row -->
                <control type="grouplist" id="5002">
                    <orientation>horizontal</orientation>
                    <top>85</top>
                    <itemgap>0</itemgap>
                    <control type="radiobutton" id="302">
                        <description>SHIFT button</description>
                        <width>250</width>
                        <label>20178</label>
                        <onup>309</onup>
                        <ondown>303</ondown>
                        <align>center</align>
                        <aligny>center</aligny>
                        <include>KeyboardRadio</include>
                    </control>
                    <control type="button" id="120">
                        <description>(1,0) key button</description>
                        <onup>100</onup>
                        <ondown>140</ondown>
                        <include>KeyboardKey</include>
                    </control>
                    <control type="button" id="121">
                        <description>(1,1) key button</description>
                        <onup>101</onup>
                        <ondown>141</ondown>
                        <include>KeyboardKey</include>
                    </control>
                    <control type="button" id="122">
                        <description>(1,2) key button</description>
                        <onup>102</onup>
                        <ondown>142</ondown>
                        <include>KeyboardKey</include>
                    </control>
                    <control type="button" id="123">
                        <description>(1,3) key button</description>
                        <onup>103</onup>
                        <ondown>143</ondown>
                        <include>KeyboardKey</include>
                    </control>
                    <control type="button" id="124">
                        <description>(1,4) key button</description>
                        <onup>104</onup>
                        <ondown>144</ondown>
                        <include>KeyboardKey</include>
                    </control>
                    <control type="button" id="125">
                        <description>(1,5) key button</description>
                        <onup>105</onup>
                        <ondown>145</ondown>
                        <include>KeyboardKey</include>
                    </control>
                    <control type="button" id="126">
                        <description>(1,6) key button</description>
                        <onup>106</onup>
                        <ondown>146</ondown>
                        <include>KeyboardKey</include>
                    </control>
                    <control type="button" id="127">
                        <description>(1,7) key button</description>
                        <onup>107</onup>
                        <ondown>147</ondown>
                        <include>KeyboardKey</include>
                    </control>
                    <control type="button" id="128">
                        <description>(1,8) key button</description>
                        <onup>108</onup>
                        <ondown>148</ondown>
                        <include>KeyboardKey</include>
                    </control>
                    <control type="button" id="129">
                        <description>(1,9) key button</description>
                        <onup>109</onup>
                        <ondown>149</ondown>
                        <include>KeyboardKey</include>
                    </control>
                    <control type="button" id="130">
                        <description>(1,10) key button</description>
                        <onup>110</onup>
                        <ondown>150</ondown>
                        <include>KeyboardKey</include>
                    </control>
                    <control type="button" id="131">
                        <description>(1,11) key button</description>
                        <onup>111</onup>
                        <ondown>151</ondown>
                        <include>KeyboardKey</include>
                    </control>
                </control>
                <!-- 3rd row -->
                <control type="grouplist" id="5003">
                    <top>170</top>
                    <orientation>horizontal</orientation>
                    <itemgap>0</itemgap>
                    <control type="radiobutton" id="303">
                        <description>CAPS LOCK button</description>
                        <width>250</width>
                        <label>20179</label>
                        <onup>302</onup>
                        <ondown>307</ondown>
                        <align>center</align>
                        <aligny>center</aligny>
                        <include>KeyboardRadio</include>
                    </control>
                    <control type="button" id="140">
                        <description>(2,0) key button</description>
                        <onup>120</onup>
                        <ondown>160</ondown>
                        <include>KeyboardKey</include>
                    </control>
                    <control type="button" id="141">
                        <description>(2,1) key button</description>
                        <onup>121</onup>
                        <ondown>161</ondown>
                        <include>KeyboardKey</include>
                    </control>
                    <control type="button" id="142">
                        <description>(2,2) key button</description>
                        <onup>122</onup>
                        <ondown>162</ondown>
                        <include>KeyboardKey</include>
                    </control>
                    <control type="button" id="143">
                        <description>(2,3) key button</description>
                        <onup>123</onup>
                        <ondown>163</ondown>
                        <include>KeyboardKey</include>
                    </control>
                    <control type="button" id="144">
                        <description>(2,4) key button</description>
                        <onup>124</onup>
                        <ondown>164</ondown>
                        <include>KeyboardKey</include>
                    </control>
                    <control type="button" id="145">
                        <description>(2,5) key button</description>
                        <onup>125</onup>
                        <ondown>165</ondown>
                        <include>KeyboardKey</include>
                    </control>
                    <control type="button" id="146">
                        <description>(2,6) key button</description>
                        <onup>126</onup>
                        <ondown>166</ondown>
                        <include>KeyboardKey</include>
                    </control>
                    <control type="button" id="147">
                        <description>(2,7) key button</description>
                        <onup>127</onup>
                        <ondown>167</ondown>
                        <include>KeyboardKey</include>
                    </control>
                    <control type="button" id="148">
                        <description>(2,8) key button</description>
                        <onup>128</onup>
                        <ondown>168</ondown>
                        <include>KeyboardKey</include>
                    </control>
                    <control type="button" id="149">
                        <description>(2,9) key button</description>
                        <onup>129</onup>
                        <ondown>169</ondown>
                        <include>KeyboardKey</include>
                    </control>
                    <control type="button" id="150">
                        <description>(2,10) key button</description>
                        <onup>130</onup>
                        <ondown>170</ondown>
                        <include>KeyboardKey</include>
                    </control>
                    <control type="button" id="151">
                        <description>(2,11) key button</description>
                        <onup>131</onup>
                        <ondown>171</ondown>
                        <include>KeyboardKey</include>
                    </control>
                </control>
                <!-- 4th row -->
                <control type="grouplist" id="5004">
                    <top>255</top>
                    <itemgap>0</itemgap>
                    <orientation>horizontal</orientation>
                    <control type="button" id="307">
                        <description>IP Input button</description>
                        <width>125</width>
                        <onup>303</onup>
                        <ondown>300</ondown>
                        <label>IP</label>
                        <align>center</align>
                        <aligny>center</aligny>
                        <include>KeyboardKeyDark</include>
                    </control>
                    <control type="radiobutton" id="304">
                        <description>Symbols button</description>
                        <width>125</width>
                        <label>@#</label>
                        <onup>303</onup>
                        <ondown>300</ondown>
                        <include>KeyboardRadio</include>
                    </control>
                    <control type="button" id="160">
                        <description>(3,0) key button</description>
                        <onup>140</onup>
                        <ondown>32</ondown>
                        <include>KeyboardKey</include>
                    </control>
                    <control type="button" id="161">
                        <description>(3,1) key button</description>
                        <onup>141</onup>
                        <ondown>32</ondown>
                        <include>KeyboardKey</include>
                    </control>
                    <control type="button" id="162">
                        <description>(3,2) key button</description>
                        <onup>142</onup>
                        <ondown>32</ondown>
                        <include>KeyboardKey</include>
                    </control>
                    <control type="button" id="163">
                        <description>(3,3) key button</description>
                        <onup>143</onup>
                        <ondown>32</ondown>
                        <include>KeyboardKey</include>
                    </control>
                    <control type="button" id="164">
                        <description>(3,4) key button</description>
                        <onup>144</onup>
                        <ondown>8</ondown>
                        <include>KeyboardKey</include>
                    </control>
                    <control type="button" id="165">
                        <description>(3,5) key button</description>
                        <onup>145</onup>
                        <ondown>8</ondown>
                        <include>KeyboardKey</include>
                    </control>
                    <control type="button" id="166">
                        <description>(3,6) key button</description>
                        <onup>146</onup>
                        <ondown>8</ondown>
                        <include>KeyboardKey</include>
                    </control>
                    <control type="button" id="167">
                        <description>(3,7) key button</description>
                        <onup>147</onup>
                        <ondown>8</ondown>
                        <include>KeyboardKey</include>
                    </control>
                    <control type="button" id="168">
                        <description>(3,8) key button</description>
                        <onup>148</onup>
                        <ondown>305</ondown>
                        <include>KeyboardKey</include>
                    </control>
                    <control type="button" id="169">
                        <description>(3,9) key button</description>
                        <onup>149</onup>
                        <ondown>305</ondown>
                        <include>KeyboardKey</include>
                    </control>
                    <control type="button" id="170">
                        <description>(3,10) key button</description>
                        <onup>150</onup>
                        <ondown>306</ondown>
                        <include>KeyboardKey</include>
                    </control>
                    <control type="button" id="171">
                        <description>(3,11) key button</description>
                        <onup>151</onup>
                        <ondown>306</ondown>
                        <include>KeyboardKey</include>
                    </control>
                </control>
                <!-- 5th row -->
                <control type="grouplist" id="5005">
                    <top>340</top>
                    <itemgap>0</itemgap>
                    <orientation>horizontal</orientation>
                    <control type="button" id="300">
                        <description>DONE button</description>
                        <width>250</width>
                        <label>20177</label>
                        <font>font13</font>
                        <align>center</align>
                        <aligny>center</aligny>
                        <onup>304</onup>
                        <ondown>309</ondown>
                        <include>KeyboardKeyDark</include>
                    </control>
                    <control type="group" id="400">
                        <width>120</width>
                        <control type="button" id="305">
                            <description>Previous button</description>
                            <include>KeyboardKeyDark</include>
                            <onup>5004</onup>
                            <ondown>5001</ondown>
                            <onleft>300</onleft>
                            <onright>401</onright>
                        </control>
                        <control type="image">
                            <description>Previous button icon</description>
                            <left>25</left>
                            <top>10</top>
                            <width>64</width>
                            <height>64</height>
                            <texture>keyboard/key_icon_arrow_left.png</texture>
                        </control>
                    </control>
                    <control type="group" id="401">
                        <width>120</width>
                        <control type="button" id="306">
                            <description>Next button</description>
                            <include>KeyboardKeyDark</include>
                            <onup>5004</onup>
                            <ondown>5001</ondown>
                            <onleft>400</onleft>
                            <onright>32</onright>
                        </control>
                        <control type="image">
                            <description>Next button icon</description>
                            <left>25</left>
                            <top>10</top>
                            <width>64</width>
                            <height>64</height>
                            <texture>keyboard/key_icon_arrow_right.png</texture>
                        </control>
                    </control>
                    <control type="button" id="32">
                        <description>SPACE button</description>
                        <width>1170</width>
                        <include>KeyboardKeyDark</include>
                        <onup>161</onup>
                        <ondown>101</ondown>
                    </control>
                    <control type="group" id="402">
                        <width>200</width>
                        <control type="button" id="8">
                            <description>BACKSPACE button</description>
                            <width>200</width>
                            <onup>165</onup>
                            <ondown>105</ondown>
                            <onleft>32</onleft>
                            <onright>300</onright>
                            <include>KeyboardKeyDark</include>
                        </control>
                        <control type="image">
                            <description>BACKSPACE button icon</description>
                            <left>30</left>
                            <top>13</top>
                            <width>64</width>
                            <height>64</height>
                            <texture>keyboard/key_icon_input_delete.png</texture>
                        </control>
                    </control>
                </control>
            </control>
            
            <!--
            <control type="grouplist">
                <left>0</left>
                <top>108</top>
                <width>1920</width>
                <height>120</height>
                <orientation>horizontal</orientation>
                <itemgap>10</itemgap>
                <align>center</align>
                <onup>316</onup>
                <ondown>313</ondown>
                <visible>!IsEmpty(Window(Home).Property(KeyboardToggle))</visible>
                <scrolltime tween="quadratic" easing="out">200</scrolltime>
                <control type="button" id="307">
                    <description>IP Input button</description>
                    <label>IP</label>
                    <include>KeyboardKeyDark</include>
                </control>
                <control type="button" id="49">
                    <description>'1' button</description>
                    <include>KeyboardKey</include>
                </control>
                <control type="button" id="50">
                    <description>'2' button</description>
                    <include>KeyboardKey</include>
                </control>
                <control type="button" id="51">
                    <description>'3' button</description>
                    <include>KeyboardKey</include>
                </control>
                <control type="button" id="52">
                    <description>'4' button</description>
                    <include>KeyboardKey</include>
                </control>
                <control type="button" id="53">
                    <description>'5' button</description>
                    <include>KeyboardKey</include>
                </control>
                <control type="button" id="54">
                    <description>'6' button</description>
                    <include>KeyboardKey</include>
                </control>
                <control type="button" id="55">
                    <description>'7' button</description>
                    <include>KeyboardKey</include>
                </control>
                <control type="button" id="56">
                    <description>'8' button</description>
                    <include>KeyboardKey</include>
                </control>
                <control type="button" id="57">
                    <description>'9' button</description>
                    <include>KeyboardKey</include>
                </control>
                <control type="button" id="48">
                    <description>'0' button</description>
                    <include>KeyboardKey</include>
                </control>
                <control type="group">
                    <width>160</width>
                    <control type="button" id="8">
                        <description>BACKSPACE button</description>
                        <width>160</width>
                        <include>KeyboardKeyDark</include>
                    </control>
                    <control type="image">
                        <description>BACKSPACE button icon</description>
                        <left>45</left>
                        <top>25</top>
                        <width>64</width>
                        <heigh>64</heigh>
                        <texture>keyboard/key_icon_input_delete.png</texture>
                    </control>
                </control>
            </control>
            <control type="grouplist" id="313">
                <left>0</left>
                <top>108</top>
                <width>1920</width>
                <height>120</height>
                <orientation>horizontal</orientation>
                <itemgap>10</itemgap>
                <align>center</align>
                <aligny>center</aligny>
                <onup>500</onup>
                <ondown>314</ondown>
                <visible>IsEmpty(Window(Home).Property(KeyboardToggle))</visible>
                <scrolltime tween="quadratic" easing="out">200</scrolltime>
                <control type="button" id="307">
                    <description>IP Input button</description>
                    <label>IP</label>
                    <include>KeyboardKeyDark</include>
                </control>
                <control type="button" id="81">
                    <description>'Q' button</description>
                    <include>KeyboardKey</include>
                </control>
                <control type="button" id="87">
                    <description>'W' button</description>
                    <include>KeyboardKey</include>
                </control>
                <control type="button" id="69">
                    <description>'E' button</description>
                    <include>KeyboardKey</include>
                </control>
                <control type="button" id="82">
                    <description>'R' button</description>
                    <include>KeyboardKey</include>
                </control>
                <control type="button" id="84">
                    <description>'T' button</description>
                    <include>KeyboardKey</include>
                </control>
                <control type="button" id="89">
                    <description>'Y' button</description>
                    <include>KeyboardKey</include>
                </control>
                <control type="button" id="85">
                    <description>'U' button</description>
                    <include>KeyboardKey</include>
                </control>
                <control type="button" id="73">
                    <description>'I' button</description>
                    <include>KeyboardKey</include>
                </control>
                <control type="button" id="79">
                    <description>'O' button</description>
                    <include>KeyboardKey</include>
                </control>
                <control type="button" id="80">
                    <description>'P' button</description>
                    <include>KeyboardKey</include>
                </control>
                <control type="group">
                    <width>160</width>
                    <control type="button" id="8">
                        <description>BACKSPACE button</description>
                        <width>160</width>
                        <include>KeyboardKeyDark</include>
                    </control>
                    <control type="image">
                        <description>BACKSPACE button icon</description>
                        <left>45</left>
                        <top>25</top>
                        <width>64</width>
                        <heigh>64</heigh>
                        <texture>keyboard/key_icon_input_delete.png</texture>
                    </control>
                </control>
            </control>
            <control type="grouplist" id="314">
                <left>0</left>
                <top>216</top>
                <width>1920</width>
                <height>120</height>
                <orientation>horizontal</orientation>
                <itemgap>10</itemgap>
                <align>center</align>
                <onup>313</onup>
                <ondown>315</ondown>
                <scrolltime tween="quadratic" easing="out">200</scrolltime>
                <control type="radiobutton" id="5000">
                    <description>Symbols button</description>
                    <label>?123</label>
                    <selected>!IsEmpty(Window(Home).Property(KeyboardToggle))</selected>
                    <onclick condition="IsEmpty(Window(Home).property(KeyboardToggle))">SetProperty(KeyboardToggle,True,Home)</onclick>
                    <onclick condition="IsEmpty(Window(Home).property(KeyboardToggle))">SetFocus(312)</onclick>
                    <onclick condition="!IsEmpty(Window(Home).property(KeyboardToggle))">ClearProperty(KeyboardToggle,Home)</onclick>
                    <width>210</width>
                    <include>KeyboardRadio</include>
                </control>
                <control type="button" id="65">
                    <description>'A' button</description>
                    <include>KeyboardKey</include>
                </control>
                <control type="button" id="83">
                    <description>'S' button</description>
                    <include>KeyboardKey</include>
                </control>
                <control type="button" id="68">
                    <description>'D' button</description>
                    <include>KeyboardKey</include>
                </control>
                <control type="button" id="70">
                    <description>'F' button</description>
                    <include>KeyboardKey</include>
                </control>
                <control type="button" id="71">
                    <description>'G' button</description>
                    <include>KeyboardKey</include>
                </control>
                <control type="button" id="72">
                    <description>'H' button</description>
                    <include>KeyboardKey</include>
                </control>
                <control type="button" id="74">
                    <description>'J' button</description>
                    <include>KeyboardKey</include>
                </control>
                <control type="button" id="75">
                    <description>'K' button</description>
                    <include>KeyboardKey</include>
                </control>
                <control type="button" id="76">
                    <description>'L' button</description>
                    <include>KeyboardKey</include>
                </control>
                <control type="button" id="300">
                    <description>DONE button</description>
                    <label>20177</label>
                    <width>256</width>
                    <include>KeyboardKeyDark</include>
                </control>
            </control>
            <control type="grouplist" id="315">
                <left>0</left>
                <top>324</top>
                <width>1920</width>
                <height>120</height>
                <orientation>horizontal</orientation>
                <itemgap>10</itemgap>
                <align>center</align>
                <onup>314</onup>
                <ondown>316</ondown>
                <scrolltime tween="quadratic" easing="out">200</scrolltime>
                <control type="radiobutton" id="302">
                    <description>SHIFT button</description>
                    <width>390</width>
                    <label>20178</label>
                    <include>KeyboardRadio</include>
                </control>
                <control type="button" id="90">
                    <description>'Z' button</description>
                    <include>KeyboardKey</include>
                </control>
                <control type="button" id="88">
                    <description>'X' button</description>
                    <include>KeyboardKey</include>
                </control>
                <control type="button" id="67">
                    <description>'C' button</description>
                    <include>KeyboardKey</include>
                </control>
                <control type="button" id="86">
                    <description>'V' button</description>
                    <include>KeyboardKey</include>
                </control>
                <control type="button" id="66">
                    <description>'B' button</description>
                    <include>KeyboardKey</include>
                </control>
                <control type="button" id="78">
                    <description>'N' button</description>
                    <include>KeyboardKey</include>
                </control>
                <control type="button" id="77">
                    <description>'M' button</description>
                    <include>KeyboardKey</include>
                </control>
                <control type="radiobutton" id="303">
                    <description>CAPS LOCK button</description>
                    <label>20179</label>
                    <width>390</width>
                    <include>KeyboardRadio</include>
                </control>
            </control>
            <control type="grouplist" id="316">
                <left>0</left>
                <top>432</top>
                <width>1920</width>
                <height>120</height>
                <orientation>horizontal</orientation>
                <itemgap>10</itemgap>
                <align>center</align>
                <aligny>center</aligny>
                <onup>315</onup>
                <ondown>500</ondown>
                <scrolltime tween="quadratic" easing="out">200</scrolltime>
                <control type="radiobutton" id="304">
                    <description>Symbols button</description>
                    <label>20180</label>
                    <width>290</width>
                    <include>KeyboardRadio</include>
                </control>
                <control type="button" id="32">
                    <description>SPACE button</description>
                    <width>1000</width>
                    <include>KeyboardKey</include>
                </control>
                <control type="group">
                    <width>147</width>
                    <control type="button" id="305">
                        <description>Previous button</description>
                        <include>KeyboardKeyDark</include>
                    </control>
                    <control type="image">
                        <description>Previous button icon</description>
                        <left>40</left>
                        <top>25</top>
                        <width>64</width>
                        <heigh>64</heigh>
                        <texture>keyboard/key_icon_arrow_left.png</texture>
                    </control>
                </control>
                <control type="group">
                    <width>147</width>
                    <control type="button" id="306">
                        <description>Next button</description>
                        <include>KeyboardKeyDark</include>
                    </control>
                    <control type="image">
                        <description>Next button icon</description>
                        <left>40</left>
                        <top>25</top>
                        <width>64</width>
                        <heigh>64</heigh>
                        <texture>keyboard/key_icon_arrow_right.png</texture>
                    </control>
                </control>
            </control>
          -->
        </control>
    </controls>
</window>