<?xml version="1.0" encoding="UTF-8"?>
<window type="dialog" id="143">
    <controls>
        <include>GlobalOverlay</include>
        <control type="group">
            <posx>150</posx>
            <posy>0</posy>
            <control type="label" id="401">
                <description>Song Number Label</description>
                <posy>3</posy>
                <width>510</width>
                <height>38</height>
            </control>
            <control type="label" id="402">
                <description>Song Name Label</description>
                <posy>52</posy>
                <width>510</width>
                <height>30</height>
                <font>Medium</font>
                <textcolor>Blue2</textcolor>
            </control>
        </control>
    </controls>
</window>