<?xml version="1.0" encoding="utf-8"?>
<window>
    <defaultcontrol always="true">5</defaultcontrol>
    <onunload>ClearProperty(SlideFilterDialogup,Home)</onunload>
    <controls>
        <control type="group">
            <visible>IsEmpty(Window(Home).Property(SlideFilterDialogup))</visible>
            <include>GlobalOverlay</include>
        </control>
        <control type="group">
            <posx>524</posx>
            <posy>288</posy>
            <animation effect="slide" start="0,0" end="0,-216" time="500" tween="cubic" easing="out" condition="!IsEmpty(Window(Home).Property(SlideFilterDialogup))">Conditional</animation>
            <animation type="WindowOpen" reversible="false">
                <effect type="zoom" start="50" end="100" center="940,400" easing="out" tween="cubic" time="200" />
                <effect type="fade" start="0" end="100" time="200" />
            </animation>
            <animation type="WindowClose" reversible="false">
                <effect type="zoom" start="100" end="50" center="940,400" easing="in" tween="cubic" time="200" />
                <effect type="fade" start="100" end="0" time="200" />
            </animation>
            <control type="image">
                <posx>-21</posx>
                <posy>-21</posy>
                <width>914</width>
                <height>546</height>
                <include>toast_back</include>
                <bordertexture border="21">thumbs/thumb_shadow.png</bordertexture>
                <bordersize>21</bordersize>
            </control>
            <control type="grouplist" id="5">
                <posx>0</posx>
                <posy>72</posy>
                <width>800</width>
                <height>360</height>
                <pagecontrol>6</pagecontrol>
                <onup>9001</onup>
                <ondown>9001</ondown>
                <onleft>9001</onleft>
                <onright>6</onright>
                <itemgap>0</itemgap>
            </control>
            <control type="label" id="2">
                <description>Heading</description>
                <posx>0</posx>
                <posy>12</posy>
                <height>60</height>
                <label>587</label>
                <width>800</width>
                <textcolor>Blue2</textcolor>
                <textoffsetx>30</textoffsetx>
            </control>
            <control type="image">
                <posx>0</posx>
                <posy>72</posy>
                <width>800</width>
                <height>2</height>
                <texture>common/blue2.png</texture>
            </control>
            <control type="button" id="7">
                <description>Default Button</description>
                <width>800</width>
            </control>
            <control type="radiobutton" id="8">
                <description>Default Radio Button</description>
                <radioposx>600</radioposx>
                <width>800</width>
            </control>
            <control type="spincontrolex" id="9">
                <description>Default Spin Control</description>
                <width>800</width>
            </control>
            <control type="sliderex" id="13">
                <description>Default Slider Control</description>
                <width>800</width>
            </control>
            <control type="edit" id="12">
                <description>Default Edit Control</description>
                <width>800</width>
            </control>
            <control type="button" id="28">
                <description>Ok Button</description>
                <posx>0</posx>
                <posy>432</posy>
                <width>400</width>
                <align>center</align>
                <label>186</label>
                <onup>5</onup>
                <onleft>27</onleft>
                <onright>27</onright>
                <ondown>5</ondown>
            </control>
            <control type="button" id="27">
                <description>Clear Button</description>
                <posx>400</posx>
                <posy>432</posy>
                <width>400</width>
                <align>center</align>
                <label>192</label>
                <onup>5</onup>
                <onleft>28</onleft>
                <onright>28</onright>
                <ondown>5</ondown>
            </control>
            <control type="group">
                <control type="button">
                    <posx>800</posx>
                    <posy>0</posy>
                    <width>72</width>
                    <height>72</height>
                    <texturenofocus border="3">dialogs/toast_back_blue.png</texturenofocus>
                    <texturefocus border="8">dialogs/button_focus.png</texturefocus>
                    <include>HiddenButton</include>
                    <onclick>pageup(6)</onclick>
                </control>
                <control type="button">
                    <posx>800</posx>
                    <posy>432</posy>
                    <width>72</width>
                    <height>72</height>
                    <texturenofocus border="3">dialogs/toast_back_blue.png</texturenofocus>
                    <texturefocus border="8">dialogs/button_focus.png</texturefocus>
                    <include>HiddenButton</include>
                    <onclick>pagedown(6)</onclick>
                </control>
                <control type="image">
                    <posx>816</posx>
                    <posy>16</posy>
                    <width>40</width>
                    <height>40</height>
                    <aspectratio>keep</aspectratio>
                    <texture flipy="true">arrowdown.png</texture>
                </control>
                <control type="image">
                    <posx>816</posx>
                    <posy>448</posy>
                    <width>40</width>
                    <height>40</height>
                    <aspectratio>keep</aspectratio>
                    <texture>arrowdown.png</texture>
                </control>
                <control type="scrollbar" id="6">
                    <posx>816</posx>
                    <posy>72</posy>
                    <height>360</height>
                    <width>40</width>
                    <onleft>5</onleft>
                    <onright>5</onright>
                    <texturesliderbackground border="3">dialogs/toast_back_blue.png</texturesliderbackground>
                    <animation effect="fade" start="100" end="50" time="400" condition="!Control.HasFocus(6)">Conditional</animation>
                </control>
            </control>
        </control>
    </controls>
</window>