<?xml version="1.0" encoding="UTF-8"?>
<window id="133">
    <defaultcontrol always="true">401</defaultcontrol>
    <allowoverlay>yes</allowoverlay>
    <include>NotificationEffect</include>
    <controls>
        <control type="group">
            <animation effect="slide" end="0,-900" time="320" easing="inout" tween="circle" condition="Window.IsVisible(fullscreenvideo) | Window.IsVisible(visualisation) | Window.IsVisible(slideshow)">Conditional</animation>
            <animation effect="slide" end="0,-80" start="0,0" time="500" tween="cubic" easing="out" condition="Window.IsActive(infodialog)">Conditional</animation>
            <control type="image">
                <posx>790</posx>
                <posy>11</posy>
                <width>48</width>
                <height>48</height>
                <texture>icons/sync.png</texture>
                <animation effect="rotate" start="0" end="-360" center="auto" time="2000" loop="true" condition="true">conditional</animation>
            </control>
            <control type="label" id="30">
                <posy>4</posy>
                <posx>840</posx>
                <height>32</height>
                <width>990</width>
                <font>Smaller_Caps</font>
                <textcolor>Blue</textcolor>
                <aligny>center</aligny>
                <label>-</label>
                <textoffsetx>15</textoffsetx>
            </control>
            <control type="label" id="31">
                <posy>35</posy>
                <posx>840</posx>
                <height>32</height>
                <width>990</width>
                <font>Smaller</font>
                <aligny>center</aligny>
                <label>-</label>
                <textoffsetx>15</textoffsetx>
            </control>
        </control>
    </controls>
</window>