<?xml version="1.0" encoding="UTF-8"?>
<window id="146">
    <defaultcontrol always="true">9000</defaultcontrol>
    <allowoverlay>yes</allowoverlay>
    <include>DialogEffect</include>
    <controls>
        <include>GlobalOverlay</include>
        <control type="button">
            <include>TouchOverlay</include>
            <onclick>Dialog.Close(addoninformation)</onclick>
        </control>
        <control type="group">
            <posx>170</posx>
            <posy>130</posy>
            <control type="button">
                <description>Inhibit Overlay Close Action</description>
                <posx>-21</posx>
                <posy>-21</posy>
                <width>1622</width>
                <height>862</height>
                <include>NoTextureButton</include>
            </control>
            <control type="image">
                <posx>-21</posx>
                <posy>-21</posy>
                <width>1622</width>
                <height>862</height>
                <include>DialogBack</include>
            </control>
            <control type="label">
                <posx>20</posx>
                <width>1560</width>
                <height>72</height>
                <font>Smaller</font>
                <aligny>center</aligny>
                <label>$INFO[ListItem.Property(Addon.Name)]</label>
                <textcolor>$VAR[ThemeColorVar]</textcolor>
                <textoffsetx>8</textoffsetx>
            </control>
            <control type="image">
                <description>Header Line</description>
                <posx>0</posx>
                <posy>72</posy>
                <width>1580</width>
                <height>2</height>
                <texture>common/blue2.png</texture>
            </control>
            <control type="group">
                <posx>20</posx>
                <posy>100</posy>
                <control type="image" id="3">
                    <posx>25</posx>
                    <posy>0</posy>
                    <width>300</width>
                    <height>300</height>
                    <aspectratio aligny="top">keep</aspectratio>
                    <texture background="true">$INFO[ListItem.Icon]</texture>
                    <bordersize>2</bordersize>
                </control>
                <control type="grouplist" id="9000">
                    <description>Addon Actions</description>
                    <posx>0</posx>
                    <posy>310</posy>
                    <width>350</width>
                    <height>372</height>
                    <itemgap>0</itemgap>
                    <onup>9000</onup>
                    <ondown>9000</ondown>
                    <onright>61</onright>
                    <onleft>61</onleft>
                    <orientation>vertical</orientation>
                    <control type="button" id="12">
                        <description>Launch Addon</description>
                        <width>480</width>
                        <label>518</label>
                    </control>
                    <control type="button" id="6">
                        <description>Install/Uninstall Addon button</description>
                        <width>480</width>
                        <label>24022</label>
                    </control>
                    <control type="button" id="7">
                        <description>Enable/Disable Addon button</description>
                        <width>480</width>
                        <label>24021</label>
                    </control>
                    <control type="button" id="9">
                        <description>Addon Settings</description>
                        <width>480</width>
                        <label>24020</label>
                    </control>
                    <control type="button" id="8">
                        <description>Update Addon button</description>
                        <width>480</width>
                        <label>24069</label>
                    </control>
                    <control type="button" id="10">
                        <description>Changelog button</description>
                        <width>480</width>
                        <label>24036</label>
                    </control>
                    <control type="button" id="11">
                        <description>Rollback button</description>
                        <width>480</width>
                        <label>24048</label>
                    </control>
                </control>
                <control type="group">
                    <description>Addon Information</description>
                    <posx>370</posx>
                    <posy>0</posy>
                    <control type="group">
                        <posy>0</posy>
                        <control type="label">
                            <posx>0</posx>
                            <width>256</width>
                            <height>62</height>
                            <font>Smaller</font>
                            <aligny>top</aligny>
                            <textcolor>$VAR[ThemeColorVar]</textcolor>
                            <label>$LOCALIZE[21863]:</label>
                            <textoffsetx>8</textoffsetx>
                        </control>
                        <control type="label">
                            <posx>256</posx>
                            <width>686</width>
                            <height>62</height>
                            <font>Smaller</font>
                            <aligny>top</aligny>
                            <label>$INFO[ListItem.Property(Addon.Creator)]</label>
                            <textcolor>White2</textcolor>
                            <textoffsetx>8</textoffsetx>
                        </control>
                    </control>
                    <control type="group">
                        <posy>60</posy>
                        <control type="label">
                            <posx>0</posx>
                            <width>256</width>
                            <height>62</height>
                            <font>Smaller</font>
                            <aligny>top</aligny>
                            <textcolor>$VAR[ThemeColorVar]</textcolor>
                            <label>$LOCALIZE[24051]</label>
                            <textoffsetx>8</textoffsetx>
                        </control>
                        <control type="label">
                            <posx>256</posx>
                            <width>680</width>
                            <height>62</height>
                            <font>Smaller</font>
                            <aligny>top</aligny>
                            <label>$INFO[ListItem.Property(Addon.Version)]</label>
                            <textcolor>White2</textcolor>
                            <textoffsetx>8</textoffsetx>
                        </control>
                    </control>
                    <control type="group">
                        <posy>120</posy>
                        <control type="label">
                            <posx>0</posx>
                            <width>256</width>
                            <height>62</height>
                            <font>Smaller</font>
                            <aligny>top</aligny>
                            <textcolor>$VAR[ThemeColorVar]</textcolor>
                            <label>$LOCALIZE[146]</label>
                            <textoffsetx>8</textoffsetx>
                        </control>
                        <control type="label">
                            <posx>256</posx>
                            <width>680</width>
                            <height>62</height>
                            <font>Smaller</font>
                            <aligny>top</aligny>
                            <label>$INFO[ListItem.Property(Addon.Type)]</label>
                            <textoffsetx>8</textoffsetx>
                            <textcolor>White2</textcolor>
                        </control>
                    </control>
                    <control type="group">
                        <posy>180</posy>
                        <control type="label">
                            <posx>0</posx>
                            <width>256</width>
                            <height>62</height>
                            <aligny>top</aligny>
                            <font>Smaller</font>
                            <textcolor>$VAR[ThemeColorVar]</textcolor>
                            <label>$LOCALIZE[21821]:</label>
                            <textoffsetx>8</textoffsetx>
                        </control>
                        <control type="textbox">
                            <description>Description</description>
                            <posx>264</posx>
                            <posy>0</posy>
                            <width>880</width>
                            <height>300</height>
                            <align>left</align>
                            <aligny>top</aligny>
                            <font>Smaller</font>
                            <label>$INFO[ListItem.Property(Addon.Description)]</label>
                            <pagecontrol>61</pagecontrol>
                            <autoscroll>False</autoscroll>
                            <animation effect="fade" start="100" end="80" time="200" tween="sine" easing="inout" condition="!Control.HasFocus(61)">Conditional</animation>
                        </control>
                        <control type="scrollbar" id="61">
                            <posx>1150</posx>
                            <posy>0</posy>
                            <height>312</height>
                            <width>6</width>
                            <onleft>9000</onleft>
                            <onright>9000</onright>
                            <texturesliderbackground>-</texturesliderbackground>
                            <texturesliderbar>-</texturesliderbar>
                            <texturesliderbarfocus>dialogs/scrollbar.png</texturesliderbarfocus>
                        </control>
                    </control>
                    <control type="group">
                        <description>Disclaimer</description>
                        <posy>530</posy>
                        <control type="label">
                            <posx>0</posx>
                            <posy>0</posy>
                            <width>256</width>
                            <height>62</height>
                            <font>Smaller</font>
                            <aligny>top</aligny>
                            <textcolor>Orange</textcolor>
                            <label>$LOCALIZE[24052]:</label>
                            <textoffsetx>8</textoffsetx>
                        </control>
                        <control type="textbox">
                            <description>disclaimer</description>
                            <posx>264</posx>
                            <posy>0</posy>
                            <width>880</width>
                            <height>130</height>
                            <align>left</align>
                            <font>Smaller</font>
                            <pagecontrol>-</pagecontrol>
                            <textcolor>White2</textcolor>
                            <label fallback="416">$INFO[ListItem.Property(Addon.Disclaimer)]</label>
                            <autoscroll delay="1000" time="AutoScrollTime" repeat="8001">True</autoscroll>
                        </control>
                    </control>
                </control>
            </control>
        </control>
    </controls>
</window>
