<?xml version="1.0" encoding="UTF-8"?>
<window id="100">
    <defaultcontrol always="true">10</defaultcontrol>
    <allowoverlay>yes</allowoverlay>
    <controls>
        <include>GlobalOverlay</include>
        <control type="group">
            <posx>540</posx>
            <posy>324</posy>
            <control type="image">
                <posx>-9</posx>
                <posy>-21</posy>
                <width>858</width>
                <height>482</height>
                <texture>dialogs/background_grey.png</texture>
                <bordertexture border="21">thumbs/thumb_shadow.png</bordertexture>
                <bordersize>21</bordersize>
            </control>
            <control type="label" id="1">
                <description>Header</description>
                <posx>0</posx>
                <posy>0</posy>
                <height>72</height>
                <aligny>center</aligny>
                <label>-</label>
                <width>840</width>
                <textcolor>$VAR[ThemeColorVar]</textcolor>
                <textoffsetx>30</textoffsetx>
            </control>
            <control type="image">
                <description>Header Line</description>
                <posx>12</posx>
                <posy>72</posy>
                <width>816</width>
                <height>2</height>
                <texture>common/blue2.png</texture>
            </control>
            <control type="label" id="2">
                <description>Line 1</description>
                <posx>30</posx>
                <posy>81</posy>
                <label>-</label>
                <width>780</width>
                <height>89</height>
                <wrapmultiline>true</wrapmultiline>
            </control>
            <control type="label" id="3">
                <description>Line 2</description>
                <posx>30</posx>
                <posy>170</posy>
                <label>-</label>
                <width>780</width>
                <height>89</height>
                <wrapmultiline>true</wrapmultiline>
            </control>
            <control type="label" id="4">
                <description>Line 3</description>
                <posx>30</posx>
                <posy>259</posy>
                <label>-</label>
                <width>780</width>
                <height>89</height>
                <wrapmultiline>true</wrapmultiline>
            </control>
            <control type="group">
                <description>Button Bar</description>
                <posx>12</posx>
                <posy>367</posy>
                <control type="image">
                    <description>Line</description>
                    <height>1</height>
                    <width>816</width>
                    <texture>common/grey.png</texture>
                </control>
                <control type="grouplist">
                    <description>Buttons</description>
                    <posx>0</posx>
                    <posy>1</posy>
                    <height>70</height>
                    <width>816</width>
                    <align>center</align>
                    <itemgap>0</itemgap>
                    <orientation>horizontal</orientation>
                    <control type="button" id="10">
                        <description>No</description>
                        <include>DefaultButton</include>
                        <posy>1</posy>
                        <width>408</width>
                        <align>center</align>
                        <label>106</label>
                    </control>
                    <control type="button" id="11">
                        <description>Yes</description>
                        <include>DefaultButton</include>
                        <posy>1</posy>
                        <width>408</width>
                        <align>center</align>
                        <label>107</label>
                    </control>
                </control>
            </control>
        </control>
    </controls>
</window>