<window id="606">
    <defaultcontrol always="true">9</defaultcontrol>
    <include>DialogEffect</include>
    <controls>
        <include>GlobalOverlay</include>
        <control type="button">
            <include>TouchOverlay</include>
            <onclick>Dialog.Close(pvrguidesearch)</onclick>
        </control>
        <control type="group">
            <posx>312</posx>
            <posy>130</posy>
            <control type="button">
                <description>Inhibit Overlay Close Action</description>
                <posx>-21</posx>
                <posy>-21</posy>
                <width>1295</width>
                <height>862</height>
                <include>NoTextureButton</include>
            </control>
            <control type="image">
                <posx>-21</posx>
                <posy>-21</posy>
                <width>1295</width>
                <height>862</height>
                <include>DialogBack</include>
            </control>
            <control type="label">
                <description>Heading</description>
                <posx>20</posx>
                <width>1200</width>
                <height>72</height>
                <font>Medium</font>
                <aligny>center</aligny>
                <label>$LOCALIZE[19142]</label>
                <textcolor>$VAR[ThemeColorVar]</textcolor>
                <textoffsetx>8</textoffsetx>
            </control>
            <control type="image">
                <description>Header Line</description>
                <posx>0</posx>
                <posy>72</posy>
                <width>1253</width>
                <height>2</height>
                <texture>common/blue2.png</texture>
            </control>
            <control type="group">
                <posx>20</posx>
                <posy>94</posy>
                <control type="edit" id="9">
                    <description>Search</description>
                    <posx>0</posx>
                    <posy>0</posy>
                    <width>1214</width>
                    <height>60</height>
                    <align>left</align>
                    <aligny>center</aligny>
                    <textoffsetx>20</textoffsetx>
                    <textcolor>White2</textcolor>
                    <focusedcolor>White</focusedcolor>
                    <disabledcolor>Disabled</disabledcolor>
                    <font>Medium</font>
                    <hinttext>19133</hinttext>
                    <pulseonselect>false</pulseonselect>
                    <onup>8000</onup>
                    <onleft>9</onleft>
                    <onright>9</onright>
                    <ondown>8001</ondown>
                </control>
                <control type="textbox">
                    <description>Search help</description>
                    <posx>20</posx>
                    <posy>70</posy>
                    <width>1200</width>
                    <height>74</height>
                    <align>justify</align>
                    <label>$LOCALIZE[19001] $LOCALIZE[19002]</label>
                    <textcolor>Grey2</textcolor>
                    <font>Medium_Small</font>
                </control>
                <control type="group" id="8001">
                    <control type="group">
                        <posx>0</posx>
                        <posy>159</posy>
                        <control type="radiobutton" id="10">
                            <description>Include Description</description>
                            <posx>0</posx>
                            <posy>0</posy>
                            <width>600</width>
                            <height>60</height>
                            <font>Smaller</font>
                            <textoffsetx>20</textoffsetx>
                            <label>19134</label>
                            <onleft>12</onleft>
                            <onright>12</onright>
                            <onup>9</onup>
                            <ondown>11</ondown>
                        </control>
                        <control type="radiobutton" id="11">
                            <description>Case Sensitive</description>
                            <posx>0</posx>
                            <posy>59</posy>
                            <width>600</width>
                            <height>60</height>
                            <font>Smaller</font>
                            <textoffsetx>20</textoffsetx>
                            <label>19135</label>
                            <onleft>13</onleft>
                            <onright>13</onright>
                            <onup>10</onup>
                            <ondown>14</ondown>
                        </control>
                        <control type="edit" id="14">
                            <description>Start Date</description>
                            <posx>0</posx>
                            <posy>118</posy>
                            <width>600</width>
                            <height>60</height>
                            <align>left</align>
                            <font>Smaller</font>
                            <textoffsetx>20</textoffsetx>
                            <label>19128</label>
                            <onright>16</onright>
                            <onleft>16</onleft>
                            <onup>11</onup>
                            <ondown>15</ondown>
                        </control>
                        <control type="edit" id="15">
                            <description>Stop Date</description>
                            <posx>0</posx>
                            <posy>177</posy>
                            <width>600</width>
                            <height>60</height>
                            <font>Smaller</font>
                            <textoffsetx>20</textoffsetx>
                            <label>19129</label>
                            <onright>17</onright>
                            <onleft>17</onleft>
                            <onup>14</onup>
                            <ondown>18</ondown>
                        </control>
                        <control type="spincontrolex" id="18">
                            <description>Genre</description>
                            <posx>0</posx>
                            <posy>236</posy>
                            <width>600</width>
                            <height>60</height>
                            <font>Smaller</font>
                            <textoffsetx>20</textoffsetx>
                            <spinposx>16</spinposx>
                            <label>515</label>
                            <onright>19</onright>
                            <onleft>19</onleft>
                            <onup>15</onup>
                            <ondown>20</ondown>
                        </control>
                        <control type="radiobutton" id="20">
                            <description>Include unknown Genres</description>
                            <posx>0</posx>
                            <posy>295</posy>
                            <width>600</width>
                            <height>60</height>
                            <font>Smaller</font>
                            <textoffsetx>20</textoffsetx>
                            <label>19132</label>
                            <onleft>21</onleft>
                            <onright>21</onright>
                            <onup>18</onup>
                            <ondown>22</ondown>
                        </control>
                        <control type="radiobutton" id="22">
                            <description>Free to air only</description>
                            <posx>0</posx>
                            <posy>354</posy>
                            <width>600</width>
                            <height>60</height>
                            <font>Smaller</font>
                            <textoffsetx>20</textoffsetx>
                            <label>19123</label>
                            <onleft>23</onleft>
                            <onright>23</onright>
                            <onup>20</onup>
                            <ondown>24</ondown>
                        </control>
                        <control type="radiobutton" id="24">
                            <description>Ignore present timers</description>
                            <posx>0</posx>
                            <posy>413</posy>
                            <width>600</width>
                            <height>60</height>
                            <font>Smaller</font>
                            <textoffsetx>20</textoffsetx>
                            <label>19124</label>
                            <onleft>27</onleft>
                            <onright>27</onright>
                            <onup>22</onup>
                            <ondown>26</ondown>
                            <include>DefaultButton</include>
                        </control>
                    </control>
                    <control type="group">
                        <posx>614</posx>
                        <posy>159</posy>
                        <control type="spincontrolex" id="12">
                            <description>Min Duration</description>
                            <posx>0</posx>
                            <posy>0</posy>
                            <width>600</width>
                            <height>60</height>
                            <font>Smaller</font>
                            <textoffsetx>20</textoffsetx>
                            <label>19130</label>
                            <onright>10</onright>
                            <onleft>10</onleft>
                            <onup>9</onup>
                            <ondown>13</ondown>
                        </control>
                        <control type="spincontrolex" id="13">
                            <description>Max Duration</description>
                            <posx>0</posx>
                            <posy>59</posy>
                            <width>600</width>
                            <height>60</height>
                            <font>Smaller</font>
                            <textoffsetx>20</textoffsetx>
                            <label>19131</label>
                            <onright>11</onright>
                            <onleft>11</onleft>
                            <onup>12</onup>
                            <ondown>16</ondown>
                        </control>
                        <control type="edit" id="16">
                            <description>Start time</description>
                            <posx>0</posx>
                            <posy>118</posy>
                            <width>600</width>
                            <height>60</height>
                            <font>Smaller</font>
                            <textoffsetx>20</textoffsetx>
                            <label>19126</label>
                            <onright>14</onright>
                            <onleft>14</onleft>
                            <onup>13</onup>
                            <ondown>17</ondown>
                        </control>
                        <control type="edit" id="17">
                            <description>Stop time</description>
                            <posx>0</posx>
                            <posy>177</posy>
                            <width>600</width>
                            <height>60</height>
                            <font>Smaller</font>
                            <textoffsetx>20</textoffsetx>
                            <label>19127</label>
                            <onright>15</onright>
                            <onleft>15</onleft>
                            <onup>16</onup>
                            <ondown>19</ondown>
                        </control>
                        <control type="radiobutton" id="19">
                            <description>avoid repeats</description>
                            <posx>0</posx>
                            <posy>236</posy>
                            <width>600</width>
                            <height>60</height>
                            <font>Smaller</font>
                            <textoffsetx>20</textoffsetx>
                            <label>19121</label>
                            <onright>18</onright>
                            <onleft>18</onleft>
                            <onup>17</onup>
                            <ondown>21</ondown>
                        </control>
                        <control type="spincontrolex" id="21">
                            <description>Groups</description>
                            <posx>0</posx>
                            <posy>295</posy>
                            <width>600</width>
                            <height>60</height>
                            <font>Smaller</font>
                            <textoffsetx>20</textoffsetx>
                            <label>19141</label>
                            <onright>20</onright>
                            <onleft>20</onleft>
                            <onup>19</onup>
                            <ondown>23</ondown>
                        </control>
                        <control type="spincontrolex" id="23">
                            <description>Channels</description>
                            <posx>0</posx>
                            <posy>354</posy>
                            <width>600</width>
                            <height>60</height>
                            <font>Smaller</font>
                            <textoffsetx>20</textoffsetx>
                            <label>19148</label>
                            <onleft>22</onleft>
                            <onright>22</onright>
                            <onup>21</onup>
                            <ondown>27</ondown>
                        </control>
                        <control type="radiobutton" id="27">
                            <description>Ignore Recordings</description>
                            <posx>0</posx>
                            <posy>413</posy>
                            <width>600</width>
                            <height>60</height>
                            <align>left</align>
                            <font>Smaller</font>
                            <textoffsetx>20</textoffsetx>
                            <label>19125</label>
                            <onleft>24</onleft>
                            <onright>24</onright>
                            <onup>23</onup>
                            <ondown>26</ondown>
                            <include>DefaultButton</include>
                        </control>
                    </control>
                </control>
            </control>
            <control type="group">
                <posy>747</posy>
                <description>Button Bar</description>
                <control type="image">
                    <description>Line</description>
                    <height>1</height>
                    <width>1253</width>
                    <texture>common/grey.png</texture>
                </control>
                <control type="grouplist" id="8000">
                    <posx>0</posx>
                    <posy>1</posy>
                    <width>1253</width>
                    <height>72</height>
                    <itemgap>0</itemgap>
                    <orientation>horizontal</orientation>
                    <onup>12</onup>
                    <ondown>10</ondown>
                    <control type="button" id="25">
                        <description>Close</description>
                        <include>DefaultButton</include>
                        <label>$LOCALIZE[31050]</label>
                        <align>center</align>
                        <width>417</width>
                        <onleft>26</onleft>
                        <onright>28</onright>
                        <onup>8001</onup>
                        <ondown>9</ondown>
                    </control>
                    <control type="button" id="28">
                        <description>Defaults</description>
                        <include>DefaultButton</include>
                        <label>$LOCALIZE[409]</label>
                        <align>center</align>
                        <width>417</width>
                        <onleft>25</onleft>
                        <onright>26</onright>
                        <onup>8001</onup>
                        <ondown>9</ondown>
                    </control>
                    <control type="button" id="26">
                        <description>Select</description>
                        <include>DefaultButton</include>
                        <label>$LOCALIZE[137]</label>
                        <align>center</align>
                        <width>417</width>
                        <onleft>28</onleft>
                        <onright>25</onright>
                        <onup>8001</onup>
                        <ondown>9</ondown>
                    </control>
                </control>
            </control>
        </control>
    </controls>
</window>