<?xml version="1.0" encoding="UTF-8"?>
<window id="123">
    <defaultcontrol>5</defaultcontrol>
    <controls>
        <control type="group">
            <control type="image">
                <posy>72</posy>
                <width>480</width>
                <height>54</height>
                <include>toast_back</include>
            </control>
            <control type="grouplist" id="9000">
                <posx>0</posx>
                <posy>126</posy>
                <width>480</width>
                <height>864</height>
                <itemgap>0</itemgap>
                <orientation>vertical</orientation>
                <onleft>60</onleft>
                <onright>5</onright>
                <control type="button" id="28">
                    <description>OK Button</description>
                    <width>480</width>
                    <label>186</label>
                </control>
                <control type="button" id="29">
                    <description>Cancel Button</description>
                    <width>480</width>
                    <label>222</label>
                </control>
                <control type="button" id="50">
                    <description>Defaults Button</description>
                    <width>480</width>
                    <label>409</label>
                </control>
                <control type="button" id="4000">
                    <description>filler</description>
                    <width>480</width>
                    <height>648</height>
                    <label>-</label>
                    <enable>no</enable>
                </control>
            </control>
        </control>

        <control type="group">
            <control type="button">
                <description>Heading</description>
                <posx>480</posx>
                <posy>72</posy>
                <width>1368</width>
                <height>54</height>
                <font>Small</font>
                <disabledcolor>Blue2</disabledcolor>
                <textcolor>grey</textcolor>
                <label>5</label>
                <textoffsetx>30</textoffsetx>
                <enable>no</enable>
            </control>
        </control>

        <control type="grouplist" id="5">
            <description>control area</description>
            <posx>480</posx>
            <posy>198</posy>
            <width>1368</width>
            <height>720</height>
            <itemgap>0</itemgap>
            <onleft>9000</onleft>
            <onright>60</onright>
            <orientation>vertical</orientation>
            <pagecontrol>60</pagecontrol>
        </control>

        <control type="button" id="7">
            <description>Default Button</description>
            <width>1368</width>
        </control>

        <control type="radiobutton" id="8">
            <description>Default RadioButton</description>
            <width>1368</width>
        </control>

        <control type="spincontrolex" id="9">
            <description>Default SpinControlex</description>
            <width>1368</width>
        </control>

        <control type="sliderex" id="13">
            <description>Default Slider</description>
            <width>1368</width>
        </control>

        <control type="image" id="11">
            <description>separator image</description>
            <height>0</height>
            <texture>-</texture>
        </control>
        <control type="group">
            <control type="button">
                <posx>72r</posx>
                <posy>72</posy>
                <width>72</width>
                <height>72</height>
                <onclick>pageup(60)</onclick>
            </control>
            <control type="button">
                <posx>72r</posx>
                <posy>918</posy>
                <width>72</width>
                <height>72</height>
                <onclick>pagedown(60)</onclick>
            </control>
            <control type="image">
                <posx>58r</posx>
                <posy>88</posy>
                <width>40</width>
                <height>40</height>
                <aspectratio>keep</aspectratio>
                <texture flipy="true">arrowdown.png</texture>
            </control>
            <control type="image">
                <posx>58r</posx>
                <posy>934</posy>
                <width>40</width>
                <height>40</height>
                <aspectratio>keep</aspectratio>
                <texture>arrowdown.png</texture>
            </control>
            <control type="image">
                <posx>72r</posx>
                <posy>144</posy>
                <width>72</width>
                <height>774</height>
                <include>toast_back</include>
            </control>
            <control type="scrollbar" id="60">
                <posx>58r</posx>
                <posy>144</posy>
                <height>774</height>
                <width>40</width>
                <onleft>5</onleft>
                <onright>9000</onright>
                <texturesliderbackground border="3">dialogs/toast_back_blue.png</texturesliderbackground>
                <animation effect="fade" start="100" end="50" time="400" condition="!Control.HasFocus(60)">Conditional</animation>
            </control>
        </control>
    </controls>
</window>
