<?xml version="1.0" encoding="UTF-8"?>
<window id="132">
    <defaultcontrol always="true">20</defaultcontrol>
    <include>DialogEffect</include>
    <controls>
        <include>GlobalOverlay</include>
        <control type="button">
            <include>TouchOverlay</include>
            <onclick>Dialog.Close(contentsettings)</onclick>
        </control>
        <control type="group">
            <posx>220</posx>
            <posy>130</posy>
            <control type="button">
                <description>Inhibit Overlay Close Action</description>
                <posx>-21</posx>
                <posy>-21</posy>
                <width>1522</width>
                <height>862</height>
                <include>NoTextureButton</include>
            </control>
            <control type="image">
                <posx>-21</posx>
                <posy>-21</posy>
                <width>1522</width>
                <height>862</height>
                <include>DialogBack</include>
            </control>
            <control type="label">
                <posx>20</posx>
                <width>1460</width>
                <height>72</height>
                <font>Medium</font>
                <aligny>center</aligny>
                <label>$INFO[System.CurrentWindow]</label>
                <textcolor>$VAR[ThemeColorVar]</textcolor>
                <textoffsetx>8</textoffsetx>
            </control>
            <control type="image">
                <description>Header Line</description>
                <posx>0</posx>
                <posy>72</posy>
                <width>1480</width>
                <height>2</height>
                <texture>common/blue2.png</texture>
            </control>
            <control type="group">
                <posx>20</posx>
                <posy>84</posy>
                <control type="spincontrolex" id="20">
                    <description>Directory Content</description>
                    <width>1440</width>
                    <font>Small</font>
                    <onup>5</onup>
                    <ondown>21</ondown>
                    <onleft>9000</onleft>
                    <onright>9000</onright>
                </control>
                <control type="label">
                    <description>Directory Contains</description>
                    <width>1440</width>
                    <height>72</height>
                    <textoffsetx>30</textoffsetx>
                    <label>20344</label>
                </control>
                <control type="list" id="21">
                    <posy>80</posy>
                    <width>1440</width>
                    <height>246</height>
                    <onup>20</onup>
                    <onleft>9000</onleft>
                    <onright>60</onright>
                    <ondown>5</ondown>
                    <pagecontrol>60</pagecontrol>
                    <itemlayout height="72" width="1440">
                        <control type="image">
                            <width>1440</width>
                            <height>72</height>
                            <texture>dialogs/listitem_nofocus.png</texture>
                        </control>
                        <control type="label">
                            <width>1440</width>
                            <height>72</height>
                            <font>Small</font>
                            <label>$INFO[ListItem.Label]</label>
                            <textoffsetx>30</textoffsetx>
                            <textcolor>White2</textcolor>
                        </control>
                        <control type="label">
                            <posx>1440</posx>
                            <width>1440</width>
                            <height>72</height>
                            <font>Small</font>
                            <align>right</align>
                            <label>$INFO[ListItem.Label2]</label>
                            <textoffsetx>30</textoffsetx>
                            <textcolor>grey</textcolor>
                        </control>
                    </itemlayout>
                    <focusedlayout height="72" width="1440">
                        <control type="image">
                            <width>1440</width>
                            <height>72</height>
                            <texture>dialogs/listitem_nofocus.png</texture>
                        </control>
                        <control type="image">
                            <width>1440</width>
                            <height>72</height>
                            <texture>dialogs/listitem_focus.png</texture>
                            <visible>Control.HasFocus(4)</visible>
                        </control>
                        <control type="label">
                            <width>1440</width>
                            <height>72</height>
                            <font>Small</font>
                            <label>$INFO[ListItem.Label]</label>
                            <textoffsetx>30</textoffsetx>
                            <textcolor>$VAR[ThemeColorVar]</textcolor>
                        </control>
                        <control type="label">
                            <posx>1440</posx>
                            <width>1440</width>
                            <height>72</height>
                            <font>Small</font>
                            <align>right</align>
                            <label>$INFO[ListItem.Label2]</label>
                            <textoffsetx>30</textoffsetx>
                        </control>
                    </focusedlayout>
                </control>
                <control type="scrollbar" id="60">
                    <posx>1440</posx>
                    <posy>80</posy>
                    <height>216</height>
                    <width>6</width>
                    <onleft>21</onleft>
                    <onright>9000</onright>
                    <showonepage>true</showonepage>
                    <animation effect="fade" start="100" end="0" time="500" delay="500" condition="!Control.HasFocus(60) + !Container(4).OnScrollNext + !Container(4).OnScrollPrevious">Conditional</animation>
                </control>
                <control type="grouplist" id="5">
                    <description>Control Area</description>
                    <posy>356</posy>
                    <width>1440</width>
                    <height>432</height>
                    <itemgap>0</itemgap>
                    <onup>21</onup>
                    <ondown>29</ondown>
                    <onleft>21</onleft>
                    <onright>29</onright>
                    <orientation>vertical</orientation>
                </control>
                <control type="button" id="7">
                    <description>default</description>
                </control>
                <control type="radiobutton" id="8">
                    <description>radioButton</description>
                </control>
            </control>

            <control type="group">
                <posy>747</posy>
                <description>Button Bar</description>
                <control type="image">
                    <description>Line</description>
                    <height>1</height>
                    <width>1480</width>
                    <texture>common/grey.png</texture>
                </control>
                <control type="grouplist" id="9000">
                    <posx>0</posx>
                    <posy>1</posy>
                    <width>1480</width>
                    <height>918</height>
                    <itemgap>0</itemgap>
                    <orientation>horizontal</orientation>
                    <onup>12</onup>
                    <ondown>10</ondown>
                    <control type="button" id="29">
                        <description>Cancel</description>
                        <include>DefaultButton</include>
                        <width>494</width>
                        <label>222</label>
                        <align>center</align>
                    </control>
                    <control type="button" id="22">
                        <description>Settings</description>
                        <include>DefaultButton</include>
                        <width>493</width>
                        <label>5</label>
                        <align>center</align>
                    </control>
                    <control type="button" id="28">
                        <description>Ok</description>
                        <include>DefaultButton</include>
                        <width>493</width>
                        <label>186</label>
                        <align>center</align>
                    </control>
                </control>
            </control>
        </control>
    </controls>
</window>