<?xml version="1.0" encoding="UTF-8"?>
<window id="139">
    <defaultcontrol always="true">5</defaultcontrol>
    <allowoverlay>yes</allowoverlay>
    <controls>
      <control type="image">
          <posx>0</posx>
          <posy>72</posy>
          <width>1920</width>
          <height>1008</height>
          <aspectratio>scale</aspectratio>
          <texture>$INFO[ListItem.PicturePath]</texture>
      </control>
        <control type="button">
            <include>TouchOverlay</include>
            <onclick>Dialog.Close(pictureinfo)</onclick>
        </control>
        <include>NotificationCenter</include>
        <control type="group">
            <posx>170</posx>
            <posy>140</posy>
            <control type="button">
                <description>Inhibit Overlay Close Action</description>
                <posx>-21</posx>
                <posy>-21</posy>
                <width>1622</width>
                <height>900</height>
                <include>NoTextureButton</include>
            </control>
            <control type="image">
                <posx>-21</posx>
                <posy>-21</posy>
                <width>1622</width>
                <height>900</height>
                <include>DialogBack</include>
            </control>
            <control type="label">
                <description>Header</description>
                <posx>20</posx>
                <width>1560</width>
                <height>72</height>
                <font>Medium</font>
                <aligny>center</aligny>
                <label>$INFO[ListItem.Label]</label>
                <textcolor>$VAR[ThemeColorVar]</textcolor>
                <textoffsetx>8</textoffsetx>
            </control>
            <control type="image">
                <description>Header Line</description>
                <posx>0</posx>
                <posy>72</posy>
                <width>1580</width>
                <height>2</height>
                <texture>common/blue2.png</texture>
            </control>
            <control type="group">
                <posx>20</posx>
                <posy>82</posy>
                <control type="image">
                    <description>Picture</description>
                    <posx>0</posx>
                    <posy>15</posy>
                    <width>300</width>
                    <height>500</height>
                    <aspectratio aligny="top">keep</aspectratio>
                    <texture background="true">$INFO[ListItem.Icon]</texture>
                    <bordersize>2</bordersize>
                </control>
                <control type="group">
                    <posx>330</posx>
                    <posy>0</posy>
                    <control type="list" id="5">
                        <description>Picture Info</description>
                        <width>1210</width>
                        <height>730</height>
                        <onup>5</onup>
                        <ondown>5</ondown>
                        <onleft>62</onleft>
                        <onright>62</onright>
                        <orientation>vertical</orientation>
                        <scrolltime tween="quadratic">200</scrolltime>
                        <pagecontrol>62</pagecontrol>
                        <itemlayout width="900" height="62">
                            <control type="label">
                                <width>350</width>
                                <height>62</height>
                                <font>Smaller</font>
                                <label>$INFO[ListItem.Label]</label>
                                <textcolor>$VAR[ThemeColorVar]</textcolor>
                                <textoffsetx>8</textoffsetx>
                            </control>
                            <control type="label">
                                <left>350</left>
                                <width>800</width>
                                <height>62</height>
                                <font>Smaller</font>
                                <label>$INFO[ListItem.Label2]</label>
                                <textcolor>c5e5e5e5</textcolor>
                                <textoffsetx>8</textoffsetx>
                            </control>
                        </itemlayout>
                        <focusedlayout width="900" height="62">
                            <control type="label">
                                <width>350</width>
                                <height>62</height>
                                <font>Smaller</font>
                                <label>$INFO[ListItem.Label]</label>
                                <textcolor>$VAR[ThemeColorVar]</textcolor>
                                <textoffsetx>8</textoffsetx>
                            </control>
                            <control type="label">
                                <left>350</left>
                                <width>800</width>
                                <height>62</height>
                                <font>Smaller</font>
                                <label>$INFO[ListItem.Label2]</label>
                                <textoffsetx>8</textoffsetx>
                            </control>
                        </focusedlayout>
                    </control>
                    <control type="scrollbar" id="62">
                        <posx>1225</posx>
                        <posy>0</posy>
                        <width>6</width>
                        <height>730</height>
                        <texturesliderbackground>-</texturesliderbackground>
                        <texturesliderbar>dialogs/scrollbar.png</texturesliderbar>
                        <texturesliderbarfocus>dialogs/scrollbar.png</texturesliderbarfocus>
                        <textureslidernib>-</textureslidernib>
                        <textureslidernibfocus>-</textureslidernibfocus>
                        <onleft>5</onleft>
                        <onright>5</onright>
                        <showonepage>true</showonepage>
                        <orientation>vertical</orientation>
                        <animation effect="fade" start="75" end="0" time="300" tween="sine" easing="inout" condition="!Control.HasFocus(62)">Conditional</animation>
                    </control>
                </control>
            </control>
        </control>
    </controls>
</window>