<?xml version="1.0" encoding="UTF-8"?>
<window id="2008">
    <defaultcontrol always="true">450</defaultcontrol>
    <allowoverlay>yes</allowoverlay>
    <animation type="WindowClose" reversible="false">
        <effect type="fade" start="100" end="0" time="100" />
    </animation>
    <controls>
        <control type="image">
            <posx>0</posx>
            <posy>72</posy>
            <width>600</width>
            <height>400</height>
            <include>toast_back</include>
        </control>
        <control type="list" id="450">
            <posx>0</posx>
            <posy>72</posy>
            <width>600</width>
            <height>400</height>
            <onleft>450</onleft>
            <onright>60</onright>
            <onup>450</onup>
            <ondown>450</ondown>
            <pagecontrol>60</pagecontrol>
            <viewtype label="535">list</viewtype>
            <orientation>vertical</orientation>
            <scrolltime tween="sine" easing="inout">200</scrolltime>
            <itemlayout width="600" height="72">
                <control type="image">
                    <posx>0</posx>
                    <posy>0</posy>
                    <width>600</width>
                    <height>72</height>
                    <texture>dialogs/listitem_nofocus.png</texture>
                </control>
                <control type="label">
                    <posy>0</posy>
                    <posx>0</posx>
                    <width>600</width>
                    <height>72</height>
                    <info>ListItem.Label</info>
                    <textoffsetx>15</textoffsetx>
                </control>
            </itemlayout>
            <focusedlayout width="600" height="72">
                <control type="image">
                    <posx>0</posx>
                    <posy>0</posy>
                    <width>600</width>
                    <height>72</height>
                    <texture>dialogs/listitem_nofocus.png</texture>
                </control>
                <control type="image">
                    <posx>0</posx>
                    <posy>0</posy>
                    <width>600</width>
                    <height>72</height>
                    <texture>dialogs/listitem_focus.png</texture>
                </control>
                <control type="label">
                    <posy>0</posy>
                    <posx>0</posx>
                    <width>600</width>
                    <height>72</height>
                    <info>ListItem.Label</info>
                    <textoffsetx>15</textoffsetx>
                </control>
            </focusedlayout>
        </control>
        <control type="image">
            <posx>0</posx>
            <posy>400</posy>
            <width>600</width>
            <height>72</height>
            <texture border="3">dialogs/toast_back_blue_mask.png</texture>
        </control>
        <control type="button" id="3111">
            <description>Footer</description>
            <posx>-14</posx>
            <posy>472</posy>
            <width>628</width>
            <label>-</label>
            <onclick>noop</onclick>
            <aligny>top</aligny>
            <textoffsety>6</textoffsety>
            <texturefocus border="14,14,14,3">dialogs/contextmenu_bottom.png</texturefocus>
            <texturenofocus border="14,14,14,3">dialogs/contextmenu_bottom.png</texturenofocus>
            <disabledcolor>$VAR[ThemeColorVar]</disabledcolor>
            <enable>no</enable>
        </control>
        <control type="image">
            <posx>-21</posx>
            <posy>51</posy>
            <width>642</width>
            <height>442</height>
            <texture border="21">thumbs/thumb_shadow.png</texture>
        </control>
    </controls>
</window>