<?xml version="1.0" encoding="UTF-8"?>
<window id="145">
    <defaultcontrol always="true">11</defaultcontrol>
    <allowoverlay>yes</allowoverlay>
    <controls>
        <control type="group">
            <posx>638</posx>
            <posy>0</posy>
            <control type="image">
                <posx>-30</posx>
                <posy>-30</posy>
                <width>690</width>
                <height>162</height>
                <texture border="14">dialogs/shutdown_bottom.png</texture>
            </control>
            <control type="label" id="10">
                <description>Heading</description>
                <posx>15</posx>
                <width>375</width>
                <label>-</label>
                <textcolor>Blue2</textcolor>
            </control>
            <control type="label" id="12">
                <description>Label</description>
                <posx>615</posx>
                <width>375</width>
                <label>-</label>
                <align>right</align>
            </control>
            <control type="slider" id="11">
                <description>Slider</description>
                <posx>15</posx>
                <posy>66</posy>
                <width>600</width>
                <height>30</height>
                <onup>noop</onup>
                <ondown>noop</ondown>
                <onleft>11</onleft>
                <onright>11</onright>
            </control>
        </control>
    </controls>
</window>
