<?xml version="1.0" encoding="UTF-8"?>
<window>
    <defaultcontrol always="true">10</defaultcontrol>
    <allowoverlay>yes</allowoverlay>
    <include>MediaMenuReset</include>
    <controls>
        <control type="image">
            <posx>0</posx>
            <posy>72</posy>
            <width>1920</width>
            <height>1008</height>
            <aspectratio>scale</aspectratio>
            <texture>$INFO[ListItem.Art(fanart)]</texture>
        </control>
        <control type="button">
            <include>TouchOverlay</include>
            <onclick>Dialog.Close(songinformation)</onclick>
        </control>
        <include>NotificationCenter</include>
        <control type="group">
            <posx>170</posx>
            <posy>140</posy>
            <control type="button">
                <description>Inhibit Overlay Close Action</description>
                <posx>-21</posx>
                <posy>-21</posy>
                <width>1622</width>
                <height>900</height>
                <include>NoTextureButton</include>
            </control>
            <control type="image">
                <posx>-21</posx>
                <posy>-21</posy>
                <width>1622</width>
                <height>900</height>
                <include>DialogBack</include>
            </control>
            <control type="label">
                <description>Title</description>
                <posx>20</posx>
                <width>1560</width>
                <height>72</height>
                <font>Medium</font>
                <aligny>center</aligny>
                <label>$INFO[ListItem.Title]$INFO[ListItem.Top250, # , ]</label>
                <textcolor>$VAR[ThemeColorVar]</textcolor>
                <textoffsetx>8</textoffsetx>
            </control>
            <control type="label">
                <description>TrackNumber, Duration and Ratings</description>
                <posx>1560</posx>
                <width>1560</width>
                <height>72</height>
                <font>Smaller</font>
                <align>right</align>
                <aligny>center</aligny>
                <label>$INFO[ListItem.TrackNumber,$LOCALIZE[554] , • ]$INFO[ListItem.Duration,, $LOCALIZE[12391]]$INFO[ListItem.RatingAndVotes, • ,]</label>
                <textcolor>$VAR[ThemeColorVar]</textcolor>
                <textoffsetx>8</textoffsetx>
            </control>
            <control type="image">
                <description>Header Line</description>
                <posx>0</posx>
                <posy>72</posy>
                <width>1580</width>
                <height>2</height>
                <texture>common/blue2.png</texture>
            </control>
            <control type="group">
                <posx>20</posx>
                <posy>82</posy>
                <control type="image">
                    <description>Poster Thumb</description>
                    <posx>25</posx>
                    <posy>0</posy>
                    <width>300</width>
                    <height>300</height>
                    <aspectratio aligny="top">keep</aspectratio>
                    <texture background="true">$VAR[InfoPosterThumbVar]</texture>
                    <bordersize>2</bordersize>
                </control>
                <control type="grouplist" id="9000">
                    <description>Actions</description>
                    <posx>0</posx>
                    <posy>310</posy>
                    <width>350</width>
                    <height>372</height>
                    <itemgap>0</itemgap>
                    <onup>9000</onup>
                    <ondown>9000</ondown>
                    <onright>61</onright>
                    <onleft>61</onleft>
                    <orientation>vertical</orientation>
                    <control type="button" id="10">
                        <description>Ok button</description>
                        <width>600</width>
                        <label>186</label>
                    </control>
                    <control type="button" id="11">
                        <description>Cancel button</description>
                        <width>600</width>
                        <label>222</label>
                    </control>
                    <control type="button" id="12">
                        <description>Album Info button</description>
                        <width>600</width>
                        <label>10523</label>
                    </control>
                    <control type="button" id="13">
                        <description>Get Thumb button</description>
                        <width>600</width>
                        <label>13405</label>
                    </control>
                </control>
                <control type="group">
                    <posx>380</posx>
                    <posy>0</posy>
                    <control type="group">
                        <posy>0</posy>
                        <control type="group">
                            <posy>0</posy>
                            <control type="group">
                                <description>Artist</description>
                                <control type="label">
                                    <posx>0</posx>
                                    <width>256</width>
                                    <height>62</height>
                                    <font>Smaller</font>
                                    <aligny>top</aligny>
                                    <textcolor>$VAR[ThemeColorVar]</textcolor>
                                    <label>$LOCALIZE[557]:</label>
                                    <textoffsetx>8</textoffsetx>
                                </control>
                                <control type="label">
                                    <posx>256</posx>
                                    <width>680</width>
                                    <height>62</height>
                                    <font>Smaller</font>
                                    <aligny>top</aligny>
                                    <label>$INFO[ListItem.Artist]</label>
                                    <textcolor>White2</textcolor>
                                    <textoffsetx>8</textoffsetx>
                                </control>
                            </control>
                        </control>
                        <control type="group">
                            <posy>62</posy>
                            <control type="group">
                                <description>Album</description>
                                <control type="label">
                                    <posx>0</posx>
                                    <width>256</width>
                                    <height>62</height>
                                    <font>Smaller</font>
                                    <aligny>top</aligny>
                                    <textcolor>$VAR[ThemeColorVar]</textcolor>
                                    <label>$LOCALIZE[558]:</label>
                                    <textoffsetx>8</textoffsetx>
                                </control>
                                <control type="label">
                                    <posx>256</posx>
                                    <width>680</width>
                                    <height>62</height>
                                    <font>Smaller</font>
                                    <aligny>top</aligny>
                                    <label fallback="416">$INFO[ListItem.Album]</label>
                                    <textcolor>White2</textcolor>
                                    <textoffsetx>8</textoffsetx>
                                </control>
                            </control>
                        </control>
                        <control type="group">
                            <posy>124</posy>
                            <control type="group">
                                <description>Year</description>
                                <control type="label">
                                    <posx>0</posx>
                                    <width>256</width>
                                    <height>62</height>
                                    <font>Smaller</font>
                                    <aligny>top</aligny>
                                    <textcolor>$VAR[ThemeColorVar]</textcolor>
                                    <label>$LOCALIZE[562]:</label>
                                    <textoffsetx>8</textoffsetx>
                                </control>
                                <control type="label">
                                    <posx>256</posx>
                                    <width>680</width>
                                    <height>62</height>
                                    <font>Smaller</font>
                                    <aligny>top</aligny>
                                    <label fallback="416">$INFO[ListItem.Year]</label>
                                    <textcolor>White2</textcolor>
                                    <textoffsetx>8</textoffsetx>
                                </control>
                            </control>
                        </control>
                        <control type="group">
                            <posy>186</posy>
                            <control type="group">
                                <description>Genre</description>
                                <control type="label">
                                    <posx>0</posx>
                                    <width>256</width>
                                    <height>62</height>
                                    <font>Smaller</font>
                                    <aligny>top</aligny>
                                    <textcolor>$VAR[ThemeColorVar]</textcolor>
                                    <label>$LOCALIZE[515]:</label>
                                    <textoffsetx>8</textoffsetx>
                                </control>
                                <control type="label">
                                    <posx>256</posx>
                                    <width>680</width>
                                    <height>62</height>
                                    <font>Smaller</font>
                                    <aligny>top</aligny>
                                    <label fallback="416">$INFO[ListItem.Genre]</label>
                                    <textcolor>White2</textcolor>
                                    <textoffsetx>8</textoffsetx>
                                </control>
                            </control>
                        </control>
                        <control type="group">
                            <posy>248</posy>
                            <control type="group">
                                <description>Last played</description>
                                <control type="label">
                                    <posx>0</posx>
                                    <width>256</width>
                                    <height>62</height>
                                    <font>Smaller</font>
                                    <aligny>top</aligny>
                                    <textcolor>$VAR[ThemeColorVar]</textcolor>
                                    <label>$LOCALIZE[568]:</label>
                                    <textoffsetx>8</textoffsetx>
                                </control>
                                <control type="label">
                                    <posx>256</posx>
                                    <width>680</width>
                                    <height>62</height>
                                    <font>Smaller</font>
                                    <aligny>top</aligny>
                                    <label fallback="416">$INFO[ListItem.LastPlayed]</label>
                                    <textcolor>White2</textcolor>
                                    <textoffsetx>8</textoffsetx>
                                </control>
                            </control>
                        </control>
                        <control type="group">
                            <posy>310</posy>
                            <control type="group">
                                <description>Last played</description>
                                <control type="label">
                                    <posx>0</posx>
                                    <width>256</width>
                                    <height>62</height>
                                    <font>Smaller</font>
                                    <aligny>top</aligny>
                                    <textcolor>$VAR[ThemeColorVar]</textcolor>
                                    <label>$LOCALIZE[567]:</label>
                                    <textoffsetx>8</textoffsetx>
                                </control>
                                <control type="label">
                                    <posx>256</posx>
                                    <width>680</width>
                                    <height>62</height>
                                    <font>Smaller</font>
                                    <aligny>top</aligny>
                                    <label fallback="416">$INFO[ListItem.PlayCount]</label>
                                    <textcolor>White2</textcolor>
                                    <textoffsetx>8</textoffsetx>
                                </control>
                            </control>
                        </control>
                    </control>
                    <control type="image">
                        <description>Line</description>
                        <posx>10</posx>
                        <posy>382</posy>
                        <height>1</height>
                        <width>1136</width>
                        <texture>common/grey.png</texture>
                        <colordiffuse>55FFFFFF</colordiffuse>
                    </control>
                    <control type="group">
                        <posy>392</posy>
                        <control type="label">
                            <posx>0</posx>
                            <width>256</width>
                            <height>62</height>
                            <font>Smaller</font>
                            <aligny>top</aligny>
                            <textcolor>$VAR[ThemeColorVar]</textcolor>
                            <label>$LOCALIZE[569]:</label>
                            <textoffsetx>8</textoffsetx>
                        </control>
                        <control type="textbox" id="51">
                            <description>Plot outline</description>
                            <posx>256</posx>
                            <posy>0</posy>
                            <width>880</width>
                            <height>250</height>
                            <align>left</align>
                            <font>Smaller</font>
                            <label fallback="416">$VAR[ListItem.Comment]</label>
                            <pagecontrol>61</pagecontrol>
                            <autoscroll>false</autoscroll>
                        </control>
                        <control type="scrollbar" id="61">
                            <posx>900</posx>
                            <posy>0</posy>
                            <width>6</width>
                            <height>250</height>
                            <texturesliderbackground>-</texturesliderbackground>
                            <texturesliderbar>dialogs/scrollbar.png</texturesliderbar>
                            <texturesliderbarfocus>dialogs/scrollbar.png</texturesliderbarfocus>
                            <textureslidernib>-</textureslidernib>
                            <textureslidernibfocus>-</textureslidernibfocus>
                            <onleft>50</onleft>
                            <onright>50</onright>
                            <showonepage>false</showonepage>
                            <orientation>vertical</orientation>
                            <animation effect="fade" start="75" end="0" time="300" tween="sine" easing="inout" condition="!Control.HasFocus(61) + !Control.HasFocus(51)">Conditional</animation>
                        </control>
                    </control>
                    <control type="grouplist">
                        <posx>256</posx>
                        <posy>690</posy>
                        <itemgap>20</itemgap>
                        <orientation>horizontal</orientation>
                        <control type="image">
                            <width>100</width>
                            <height>100</height>
                            <colordiffuse>White2</colordiffuse>
                            <texture>$INFO[ListItem.VideoCodec,flags/video/,.png]</texture>
                            <aspectratio align="center">keep</aspectratio>
                            <visible>!IsEmpty(ListItem.VideoCodec)</visible>
                        </control>
                        <control type="image">
                            <width>100</width>
                            <height>100</height>
                            <colordiffuse>White2</colordiffuse>
                            <texture>$INFO[ListItem.AudioCodec,flags/audio/,.png]</texture>
                            <aspectratio align="center" aligny="center">keep</aspectratio>
                            <visible>!IsEmpty(ListItem.AudioCodec)</visible>
                        </control>
                        <control type="image">
                            <width>100</width>
                            <height>100</height>
                            <colordiffuse>White2</colordiffuse>
                            <texture>$INFO[ListItem.VideoResolution,flags/resolution/,.png]</texture>
                            <aspectratio align="center" aligny="center">keep</aspectratio>
                            <visible>!IsEmpty(ListItem.VideoResolution)</visible>
                        </control>
                        <control type="image">
                            <width>100</width>
                            <height>100</height>
                            <colordiffuse>White2</colordiffuse>
                            <texture>$INFO[ListItem.VideoAspect,flags/aspectratio/,.png]</texture>
                            <aspectratio align="center" aligny="center">keep</aspectratio>
                            <visible>!IsEmpty(ListItem.VideoAspect)</visible>
                        </control>
                        <control type="image">
                            <width>100</width>
                            <height>100</height>
                            <colordiffuse>White2</colordiffuse>
                            <texture>$INFO[ListItem.Studio,flags/studios/,.png]</texture>
                            <aspectratio align="center" aligny="center">keep</aspectratio>
                            <visible>!IsEmpty(ListItem.Studio)</visible>
                        </control>
                        <control type="image">
                            <width>100</width>
                            <height>100</height>
                            <colordiffuse>White2</colordiffuse>
                            <texture>$INFO[ListItem.Rating,flags/stars/,.png]</texture>
                            <aspectratio align="center" aligny="center">keep</aspectratio>
                            <visible>!IsEmpty(ListItem.Rating)</visible>
                        </control>
                    </control>
                </control>
            </control>
        </control>
    </controls>
</window>