<?xml version="1.0" encoding="UTF-8"?>
<window id="601">
    <defaultcontrol always="true">8000</defaultcontrol>
    <onload condition="Window.IsActive(fullscreenvideo)">Dialog.Close(pvrguideinfo)</onload>
    <include>DialogEffect</include>
    <controls>
        <control type="group">
            <visible>!Window.IsActive(fullscreenvideo)</visible>
            <include>GlobalOverlay</include>
            <control type="button">
                <include>TouchOverlay</include>
                <onclick>Dialog.Close(pvrguideinfo)</onclick>
                <onclick>Dialog.Close(pvrrecordinginfo)</onclick>
            </control>
            <control type="group">
                <posx>449</posx>
                <posy>130</posy>
                <control type="button">
                    <description>Inhibit Overlay Close Action</description>
                    <posx>-21</posx>
                    <posy>-21</posy>
                    <width>1022</width>
                    <height>862</height>
                    <include>NoTextureButton</include>
                </control>
                <control type="image">
                    <posx>-21</posx>
                    <posy>-21</posy>
                    <width>1022</width>
                    <height>862</height>
                    <include>DialogBack</include>
                </control>
                <control type="label">
                    <posx>20</posx>
                    <width>962</width>
                    <height>72</height>
                    <font>Medium</font>
                    <aligny>center</aligny>
                    <label>$INFO[ListItem.Title]</label>
                    <textcolor>$VAR[ThemeColorVar]</textcolor>
                    <textoffsetx>8</textoffsetx>
                </control>
                <control type="image">
                    <description>Header Line</description>
                    <posx>0</posx>
                    <posy>72</posy>
                    <width>980</width>
                    <height>2</height>
                    <texture>common/blue2.png</texture>
                </control>
                <control type="group">
                    <posx>20</posx>
                    <posy>84</posy>
                    <control type="button">
                        <description>Time</description>
                        <posx>0</posx>
                        <posy>0</posy>
                        <width>940</width>
                        <height>60</height>
                        <align>left</align>
                        <textoffsetx>20</textoffsetx>
                        <textwidth>740</textwidth>
                        <font>Small</font>
                        <textcolor>White2</textcolor>
                        <disabledcolor>White2</disabledcolor>
                        <label>$LOCALIZE[555]</label>
                        <label2>$INFO[ListItem.StartTime]$INFO[ListItem.EndTime, - ] ($INFO[ListItem.StartDate])</label2>
                        <enable>false</enable>
                    </control>
                    <control type="button">
                        <description>Duration</description>
                        <posx>0</posx>
                        <posy>59</posy>
                        <width>940</width>
                        <height>60</height>
                        <align>left</align>
                        <textoffsetx>20</textoffsetx>
                        <textwidth>740</textwidth>
                        <font>Small</font>
                        <textcolor>White2</textcolor>
                        <disabledcolor>White2</disabledcolor>
                        <label>$LOCALIZE[180]</label>
                        <label2>$INFO[ListItem.Duration]</label2>
                        <enable>false</enable>
                    </control>
                    <control type="button">
                        <description>Channel</description>
                        <posx>0</posx>
                        <posy>118</posy>
                        <width>940</width>
                        <height>60</height>
                        <align>left</align>
                        <textoffsetx>20</textoffsetx>
                        <textwidth>740</textwidth>
                        <font>Small</font>
                        <textcolor>White2</textcolor>
                        <disabledcolor>White2</disabledcolor>
                        <label>$LOCALIZE[19148]</label>
                        <label2>$INFO[ListItem.ChannelName]</label2>
                        <enable>false</enable>
                    </control>
                    <control type="button">
                        <description>Genre</description>
                        <posx>0</posx>
                        <posy>177</posy>
                        <width>940</width>
                        <height>60</height>
                        <align>left</align>
                        <textoffsetx>20</textoffsetx>
                        <textwidth>740</textwidth>
                        <font>Small</font>
                        <textcolor>White2</textcolor>
                        <disabledcolor>White2</disabledcolor>
                        <label>$LOCALIZE[135]</label>
                        <label2 fallback="161">$INFO[ListItem.Genre]</label2>
                        <enable>false</enable>
                    </control>
                    <control type="textbox" id="400">
                        <description>Plot</description>
                        <posx>0</posx>
                        <posy>260</posy>
                        <width>940</width>
                        <height>380</height>
                        <font>Smaller</font>
                        <align>justify</align>
                        <textcolor>White2</textcolor>
                        <pagecontrol>60</pagecontrol>
                        <autoscroll delay="10000" time="3000" repeat="6000">!Control.HasFocus(60)</autoscroll>
                        <label fallback="161">$INFO[ListItem.Plot]</label>
                    </control>
                    <control type="scrollbar" id="60">
                        <posx>951</posx>
                        <posy>260</posy>
                        <width>6</width>
                        <height>380</height>
                        <texturesliderbackground>-</texturesliderbackground>
                        <texturesliderbar>-</texturesliderbar>
                        <texturesliderbarfocus>dialogs/scrollbar.png</texturesliderbarfocus>
                        <textureslidernib>-</textureslidernib>
                        <textureslidernibfocus>-</textureslidernibfocus>
                        <onleft>8000</onleft>
                        <onright>8000</onright>
                        <ondown>8000</ondown>
                        <onup>8000</onup>
                        <showonepage>false</showonepage>
                        <orientation>vertical</orientation>
                        <animation effect="fade" start="75" end="0" time="300" tween="sine" easing="inout" condition="!Control.HasFocus(60)">Conditional</animation>
                    </control>
                </control>
                <control type="group">
                    <description>Button Bar</description>
                    <posy>749</posy>
                    <control type="image">
                        <description>Line</description>
                        <height>1</height>
                        <width>980</width>
                        <texture>common/grey.png</texture>
                    </control>
                    <control type="grouplist" id="8000">
                        <description>Buttons</description>
                        <posx>0</posx>
                        <posy>1</posy>
                        <height>70</height>
                        <width>980</width>
                        <onup>60</onup>
                        <ondown>60</ondown>
                        <align>center</align>
                        <itemgap>0</itemgap>
                        <orientation>horizontal</orientation>
                        <control type="button" id="7">
                            <description>Cancel</description>
                            <include>DefaultButton</include>
                            <width>326</width>
                            <label>$LOCALIZE[31050]</label>
                            <align>center</align>
                            <visible>!Window.IsActive(pvrrecordinginfo)</visible>
                        </control>
                        <control type="button" id="5">
                            <description>Switch</description>
                            <include>DefaultButton</include>
                            <width>326</width>
                            <label>$LOCALIZE[19165]</label>
                            <align>center</align>
                            <visible>!Window.IsActive(pvrrecordinginfo)</visible>
                        </control>
                        <control type="button" id="6">
                            <description>Record</description>
                            <include>DefaultButton</include>
                            <width>326</width>
                            <label>-</label>
                            <align>center</align>
                            <visible>!Window.IsActive(pvrrecordinginfo)</visible>
                        </control>
                        <control type="button" id="10">
                            <description>Select</description>
                            <include>DefaultButton</include>
                            <width>980</width>
                            <label>$LOCALIZE[31050]</label>
                            <align>center</align>
                            <visible>Window.IsActive(pvrrecordinginfo)</visible>
                        </control>
                    </control>
                </control>
            </control>
        </control>
    </controls>
</window>