<?xml version="1.0" encoding="UTF-8"?>
<window id="101">
    <defaultcontrol always="true">4000</defaultcontrol>
    <allowoverlay>yes</allowoverlay>
    <controls>
        <control type="button" id="4000">
            <include>HiddenButton</include>
            <onup>10</onup>
            <ondown>10</ondown>
            <onleft>10</onleft>
            <onright>10</onright>
            <onclick>SetFocus(10)</onclick>
        </control>
        <include>GlobalOverlay</include>
        <control type="group">
            <posx>540</posx>
            <posy>324</posy>
            <control type="image">
                <posx>-21</posx>
                <posy>-21</posy>
                <width>816</width>
                <height>440</height>
                <include>DialogBack</include>
            </control>
            <control type="label" id="1">
                <description>Heading</description>
                <posx>20</posx>
                <height>72</height>
                <width>816</width>
                <font>Medium</font>
                <label>-</label>
                <aligny>center</aligny>
                <textcolor>$VAR[ThemeColorVar]</textcolor>
                <textoffsetx>8</textoffsetx>
            </control>
            <control type="image">
                <description>Header Line</description>
                <posx>0</posx>
                <posy>72</posy>
                <width>774</width>
                <height>2</height>
                <texture>common/blue2.png</texture>
            </control>
            <control type="group">
                <posx>30</posx>
                <control type="label" id="2">
                    <description>Line 1</description>
                    <posy>81</posy>
                    <label>-</label>
                    <width>714</width>
                    <height>45</height>
                    <wrapmultiline>true</wrapmultiline>
                </control>
                <control type="label" id="3">
                    <description>Line 2</description>
                    <posy>126</posy>
                    <label>-</label>
                    <width>714</width>
                    <height>45</height>
                    <wrapmultiline>true</wrapmultiline>
                </control>
                <control type="label" id="4">
                    <description>Line 3</description>
                    <posy>171</posy>
                    <label>-</label>
                    <width>714</width>
                    <height>45</height>
                    <wrapmultiline>true</wrapmultiline>
                </control>
                <control type="progress">
                    <description>Progressbar</description>
                    <posx>0</posx>
                    <posy>249</posy>
                    <width>714</width>
                    <info>System.Progressbar</info>
                </control>
            </control>
            <control type="group">
                <posy>328</posy>
                <description>Button Bar</description>
                <control type="image">
                    <description>Line</description>
                    <height>1</height>
                    <width>774</width>
                    <texture>common/grey.png</texture>
                </control>
                <control type="grouplist" id="9000">
                    <posx>0</posx>
                    <posy>1</posy>
                    <width>774</width>
                    <height>918</height>
                    <itemgap>0</itemgap>
                    <orientation>horizontal</orientation>
                    <onup>12</onup>
                    <ondown>10</ondown>
                    <control type="button" id="10">
                        <description>Cancel</description>
                        <include>DefaultButton</include>
                        <width>774</width>
                        <align>center</align>
                        <label>186</label>
                        <onleft>10</onleft>
                        <onright>10</onright>
                        <onup>10</onup>
                        <ondown>10</ondown>
                    </control>
                </control>
            </control>
        </control>
    </controls>
</window>