<?xml version="1.0" encoding="UTF-8"?>
<window id="2001">
    <defaultcontrol always="true">5000</defaultcontrol>
    <allowoverlay>yes</allowoverlay>
    <onunload>ClearProperty(FanartZoom,musicinformation)</onunload>
    <controls>
        <include>NotificationCenter</include>
        <control type="group">
            <control type="grouplist" id="5000">
                <posx>0</posx>
                <posy>0</posy>
                <width>1920</width>
                <height>68</height>
                <itemgap>0</itemgap>
                <align>right</align>
                <onup>50</onup>
                <ondown>4002</ondown>
                <onright>5000</onright>
                <onleft>5000</onleft>
                <orientation>horizontal</orientation>
                <control type="group">
                    <description>Refresh Button</description>
                    <width>90</width>
                    <height>68</height>
                    <control type="button" id="6">
                        <posx>0</posx>
                        <posy>0</posy>
                        <width>90</width>
                        <height>72</height>
                        <ondown>50</ondown>
                        <onright>10</onright>
                        <onleft>11119</onleft>
                        <include>DefaultButton</include>
                    </control>
                    <control type="image">
                        <posx>21</posx>
                        <posy>9</posy>
                        <width>48</width>
                        <height>48</height>
                        <texture>icons/sync.png</texture>
                    </control>
                </control>
               <control type="group">
                    <description>Choose Art Button</description>
                    <width>90</width>
                    <height>68</height>
                    <control type="button" id="10">
                        <posx>0</posx>
                        <posy>0</posy>
                        <width>90</width>
                        <height>72</height>
                        <ondown>50</ondown>
                        <onright>11121</onright>
                        <onleft>6</onleft>
                        <include>DefaultButton</include>
                    </control>
                    <control type="image">
                        <posx>21</posx>
                        <posy>9</posy>
                        <width>48</width>
                        <height>48</height>
                        <texture>icons/art.png</texture>
                    </control>
                </control>
                <control type="group">
                    <width>90</width>
                    <height>68</height>
                    <visible>Container.Content(artists)</visible>
                    <control type="button" id="12">
                        <posx>0</posx>
                        <posy>0</posy>
                        <width>90</width>
                        <height>68</height>
                        <ondown>50</ondown>
                        <onright>11121</onright>
                        <onleft>10</onleft>
                    </control>
                    <control type="image">
                        <posx>21</posx>
                        <posy>12</posy>
                        <width>48</width>
                        <height>48</height>
                        <texture>icons/art.png</texture>
                        <animation type="Conditional" reversible="false" condition="!Control.IsEnabled(12)">
                            <effect type="fade" start="80" end="20" time="50" />
                        </animation>
                    </control>
                </control>
                <control type="group">
                    <width>90</width>
                    <height>72</height>
                    <control type="button" id="11121">
                        <posx>0</posx>
                        <posy>0</posy>
                        <width>90</width>
                        <height>72</height>
                        <onclick condition="IsEmpty(Window(Home).property(MediaMenu))">SetProperty(VideoInfoMediaMenu,True,Home)</onclick>
                        <onclick condition="IsEmpty(Window(Home).property(MediaMenu))">SetFocus(9000)</onclick>
                        <onclick condition="!IsEmpty(Window(Home).property(MediaMenu))">ClearProperty(VideoInfoMediaMenu,Home)</onclick>
                        <onleft>12</onleft>
                        <onright>11115</onright>
                        <ondown>61</ondown>
                    </control>
                    <control type="image">
                        <posx>21</posx>
                        <posy>12</posy>
                        <width>48</width>
                        <height>48</height>
                        <texture>icons/menu_nf.png</texture>
                    </control>
                </control>
            </control>
            <control type="image">
                <posy>72</posy>
                <width>600</width>
                <height>600</height>
                <include>toast_back</include>
            </control>
            <control type="image" id="3">
                <posx>0</posx>
                <posy>72</posy>
                <width>600</width>
                <height>600</height>
                <aspectratio>scale</aspectratio>
                <texture background="true">$INFO[ListItem.Icon]</texture>
                <bordersize>2</bordersize>
            </control>
            <control type="image">
                <posy>672</posy>
                <width>600</width>
                <height>288</height>
                <include>toast_back</include>
            </control>
            <control type="image">
                <posy>672</posy>
                <width>600</width>
                <height>408</height>
                <include>toast_back</include>
            </control>
            <control type="list" id="50">
                <description>Cast</description>
                <posx>0</posx>
                <posy>672</posy>
                <width>600</width>
                <height>408</height>
                <onup>50</onup>
                <ondown>50</ondown>
                <onleft>5000</onleft>
                <onright>61</onright>
                <orientation>vertical</orientation>
                <scrolltime tween="quadratic">200</scrolltime>
                <itemlayout width="600" height="72">
                    <control type="image">
                        <width>600</width>
                        <height>72</height>
                        <include>toast_back</include>
                    </control>
                    <control type="label">
                        <width>600</width>
                        <height>72</height>
                        <font>Small</font>
                        <label>[COLOR $VAR[ThemeColorVar]]$INFO[ListItem.TrackNumber,,: ][/COLOR]$INFO[ListItem.Label]</label>
                        <textcolor>White2</textcolor>
                        <textoffsetx>8</textoffsetx>
                    </control>
                    <control type="label">
                        <posx>600</posx>
                        <width>600</width>
                        <height>72</height>
                        <font>Small</font>
                        <align>right</align>
                        <label>$INFO[ListItem.Duration]</label>
                        <textcolor>grey</textcolor>
                        <textoffsetx>8</textoffsetx>
                    </control>
                </itemlayout>
                <focusedlayout width="600" height="72">
                    <control type="image">
                        <width>600</width>
                        <height>72</height>
                        <include>toast_back</include>
                    </control>
                    <control type="group">
                        <visible>!Control.HasFocus(50)</visible>
                        <control type="label">
                            <width>600</width>
                            <height>72</height>
                            <font>Small</font>
                            <label>[COLOR $VAR[ThemeColorVar]]$INFO[ListItem.TrackNumber,,: ][/COLOR]$INFO[ListItem.Label]</label>
                            <textoffsetx>8</textoffsetx>
                            <textcolor>White2</textcolor>
                        </control>
                        <control type="label">
                            <posx>600</posx>
                            <width>600</width>
                            <height>72</height>
                            <font>Small</font>
                            <align>right</align>
                            <label>$INFO[ListItem.Duration]</label>
                            <textcolor>grey</textcolor>
                            <textoffsetx>8</textoffsetx>
                        </control>
                    </control>
                    <control type="group">
                        <control type="image">
                            <width>600</width>
                            <height>72</height>
                            <texture>dialogs/listitem_focus.png</texture>
                            <visible>Control.HasFocus(50)</visible>
                        </control>
                        <control type="label">
                            <width>600</width>
                            <height>72</height>
                            <font>Small</font>
                            <label>$INFO[ListItem.TrackNumber,,: ]$INFO[ListItem.Label]</label>
                            <textoffsetx>8</textoffsetx>
                        </control>
                        <control type="label">
                            <posx>600</posx>
                            <width>600</width>
                            <height>72</height>
                            <font>Small</font>
                            <align>right</align>
                            <label>$INFO[ListItem.Duration]</label>
                            <textoffsetx>8</textoffsetx>
                        </control>
                    </control>
                </focusedlayout>
            </control>
            <control type="image">
                <posy>1008</posy>
                <width>600</width>
                <height>72</height>
                <texture border="3">dialogs/toast_back_blue_mask.png</texture>
            </control>
            <control type="group">
                <posx>600</posx>
                <posy>72</posy>
                <control type="image">
                    <width>1320</width>
                    <height>90</height>
                    <include>toast_back</include>
                </control>
                <control type="label">
                    <posx>256</posx>
                    <width>256</width>
                    <height>90</height>
                    <align>right</align>
                    <font>Medium_Caps2</font>
                    <label>$INFO[ListItem.Year]</label>
                    <textcolor>Blue2</textcolor>
                    <textoffsetx>8</textoffsetx>
                    <visible>Container.Content(albums)</visible>
                </control>
                <control type="label">
                    <posx>256</posx>
                    <width>1064</width>
                    <height>90</height>
                    <font>Medium_Caps2</font>
                    <label>$INFO[ListItem.Album]</label>
                    <textcolor>White2</textcolor>
                    <textoffsetx>8</textoffsetx>
                    <visible>Container.Content(albums)</visible>
                </control>
                <control type="label">
                    <posx>256</posx>
                    <width>1064</width>
                    <height>90</height>
                    <font>Medium_Caps2</font>
                    <label>$INFO[ListItem.Artist]</label>
                    <textcolor>White2</textcolor>
                    <textoffsetx>8</textoffsetx>
                    <visible>Container.Content(artists)</visible>
                </control>
                <control type="group">
                    <posy>90</posy>
                    <control type="image">
                        <width>256</width>
                        <height>72</height>
                        <include>toast_back</include>
                    </control>
                    <control type="image">
                        <posx>256</posx>
                        <width>1064</width>
                        <height>72</height>
                        <include>toast_back</include>
                    </control>
                    <control type="group">
                        <visible>Container.Content(albums)</visible>
                        <control type="label">
                            <posx>256</posx>
                            <width>256</width>
                            <height>72</height>
                            <font>Small</font>
                            <align>right</align>
                            <textcolor>$VAR[ThemeColorVar]</textcolor>
                            <label>$LOCALIZE[557]:</label>
                            <textoffsetx>8</textoffsetx>
                        </control>
                        <control type="label">
                            <posx>256</posx>
                            <width>1064</width>
                            <height>72</height>
                            <font>Small</font>
                            <label>$INFO[ListItem.Artist]</label>
                            <textcolor>White2</textcolor>
                            <textoffsetx>8</textoffsetx>
                        </control>
                    </control>
                    <control type="group">
                        <visible>Container.Content(artists)</visible>
                        <control type="label">
                            <posx>256</posx>
                            <width>256</width>
                            <height>72</height>
                            <font>Small</font>
                            <align>right</align>
                            <textcolor>$VAR[ThemeColorVar]</textcolor>
                            <label>$LOCALIZE[21893]:</label>
                            <textoffsetx>8</textoffsetx>
                            <visible>!IsEmpty(ListItem.Property(Artist_Born))</visible>
                        </control>
                        <control type="label">
                            <posx>256</posx>
                            <width>256</width>
                            <height>72</height>
                            <font>Small</font>
                            <align>right</align>
                            <textcolor>$VAR[ThemeColorVar]</textcolor>
                            <label>$LOCALIZE[21894]:</label>
                            <textoffsetx>8</textoffsetx>
                            <visible>!IsEmpty(ListItem.Property(Artist_Formed))</visible>
                        </control>
                        <control type="label">
                            <posx>256</posx>
                            <width>1064</width>
                            <height>72</height>
                            <font>Small</font>
                            <label>$INFO[ListItem.Property(Artist_Born)]$INFO[ListItem.Property(Artist_Formed)]</label>
                            <textcolor>White2</textcolor>
                            <textoffsetx>8</textoffsetx>
                        </control>
                    </control>
                </control>
                <control type="group">
                    <posy>162</posy>
                    <control type="image">
                        <posx>720</posx>
                        <width>600</width>
                        <height>342</height>
                        <include>toast_back</include>
                    </control>
                    <control type="image">
                        <width>256</width>
                        <height>72</height>
                        <include>toast_back</include>
                    </control>
                    <control type="image">
                        <posx>256</posx>
                        <width>464</width>
                        <height>72</height>
                        <include>toast_back</include>
                    </control>
                    <control type="group">
                        <visible>Container.Content(albums)</visible>
                        <control type="label">
                            <posx>256</posx>
                            <width>256</width>
                            <height>72</height>
                            <font>Small</font>
                            <align>right</align>
                            <textcolor>$VAR[ThemeColorVar]</textcolor>
                            <label>$LOCALIZE[515]:</label>
                            <textoffsetx>8</textoffsetx>
                        </control>
                        <control type="label">
                            <posx>256</posx>
                            <width>464</width>
                            <height>72</height>
                            <font>Small</font>
                            <label fallback="N/A">$INFO[ListItem.Genre]</label>
                            <textcolor>White2</textcolor>
                            <textoffsetx>8</textoffsetx>
                        </control>
                    </control>
                    <control type="group">
                        <visible>Container.Content(artists)</visible>
                        <control type="label">
                            <posx>256</posx>
                            <width>256</width>
                            <height>72</height>
                            <font>Small</font>
                            <align>right</align>
                            <textcolor>$VAR[ThemeColorVar]</textcolor>
                            <label>$LOCALIZE[515]:</label>
                            <textoffsetx>8</textoffsetx>
                        </control>
                        <control type="label">
                            <posx>256</posx>
                            <width>464</width>
                            <height>72</height>
                            <font>Small</font>
                            <label>$INFO[ListItem.Property(Artist_Genre)]</label>
                            <textoffsetx>8</textoffsetx>
                            <textcolor>White2</textcolor>
                            <visible>Container.Content(artists)</visible>
                        </control>
                    </control>
                </control>
                <control type="group">
                    <posy>234</posy>
                    <control type="image">
                        <width>256</width>
                        <height>72</height>
                        <include>toast_back</include>
                    </control>
                    <control type="image">
                        <posx>256</posx>
                        <width>464</width>
                        <height>72</height>
                        <include>toast_back</include>
                    </control>
                    <control type="group">
                        <visible>Container.Content(albums)</visible>
                        <control type="label">
                            <posx>256</posx>
                            <width>256</width>
                            <height>72</height>
                            <font>Small</font>
                            <align>right</align>
                            <textcolor>$VAR[ThemeColorVar]</textcolor>
                            <label>$LOCALIZE[21899]:</label>
                            <textoffsetx>8</textoffsetx>
                        </control>
                        <control type="label">
                            <posx>256</posx>
                            <width>464</width>
                            <height>72</height>
                            <font>Small</font>
                            <label>$INFO[ListItem.Property(Album_Label)]</label>
                            <textcolor>White2</textcolor>
                            <textoffsetx>8</textoffsetx>
                        </control>
                    </control>
                    <control type="group">
                        <visible>Container.Content(artists)</visible>
                        <control type="label">
                            <posx>256</posx>
                            <width>256</width>
                            <height>72</height>
                            <font>Small</font>
                            <align>right</align>
                            <textcolor>$VAR[ThemeColorVar]</textcolor>
                            <label>$LOCALIZE[21897]:</label>
                            <textoffsetx>8</textoffsetx>
                            <visible>!IsEmpty(ListItem.Property(Artist_Died))</visible>
                        </control>
                        <control type="label">
                            <posx>256</posx>
                            <width>256</width>
                            <height>72</height>
                            <font>Small</font>
                            <align>right</align>
                            <textcolor>$VAR[ThemeColorVar]</textcolor>
                            <label>$LOCALIZE[21896]:</label>
                            <textoffsetx>8</textoffsetx>
                            <visible>!IsEmpty(ListItem.Property(Artist_Disbanded))</visible>
                        </control>
                        <control type="label">
                            <posx>256</posx>
                            <width>464</width>
                            <height>72</height>
                            <font>Small</font>
                            <label>$INFO[ListItem.Property(Artist_Died)]$INFO[ListItem.Property(Artist_Disbanded)]</label>
                            <textcolor>White2</textcolor>
                            <textoffsetx>8</textoffsetx>
                        </control>
                    </control>
                </control>
                <control type="group">
                    <control type="image">
                        <posy>306</posy>
                        <width>720</width>
                        <height>198</height>
                        <include>toast_back</include>
                    </control>
                    <control type="image">
                        <posy>504</posy>
                        <width>1320</width>
                        <height>42</height>
                        <include>toast_back</include>
                    </control>
                </control>
                <control type="group">
                    <posy>546</posy>
                    <control type="image">
                        <width>256</width>
                        <height>72</height>
                        <include>toast_back</include>
                    </control>
                    <control type="image">
                        <posy>72</posy>
                        <width>256</width>
                        <height>390</height>
                        <include>toast_back</include>
                    </control>
                    <control type="image">
                        <posx>256</posx>
                        <width>1064</width>
                        <height>462</height>
                        <include>toast_back</include>
                    </control>
                    <control type="label">
                        <posx>256</posx>
                        <width>256</width>
                        <height>72</height>
                        <font>Small</font>
                        <align>right</align>
                        <textcolor>$VAR[ThemeColorVar]</textcolor>
                        <label>$LOCALIZE[183]:</label>
                        <textoffsetx>8</textoffsetx>
                        <visible>Container.Content(albums)</visible>
                    </control>
                    <control type="label">
                        <posx>256</posx>
                        <width>256</width>
                        <height>72</height>
                        <font>Small</font>
                        <align>right</align>
                        <textcolor>$VAR[ThemeColorVar]</textcolor>
                        <label>$LOCALIZE[21887]:</label>
                        <textoffsetx>8</textoffsetx>
                        <visible>Container.Content(artists)</visible>
                    </control>
                    <control type="textbox" id="4">
                        <description>Plot</description>
                        <posx>264</posx>
                        <posy>10</posy>
                        <width>1000</width>
                        <height>444</height>
                        <align>left</align>
                        <font>Plot</font>
                        <pagecontrol>61</pagecontrol>
                        <autoscroll>False</autoscroll>
                        <animation effect="fade" start="100" end="80" time="200" tween="sine" easing="inout" condition="!Control.HasFocus(61)">Conditional</animation>
                    </control>
                    <control type="image">
                        <posx>256</posx>
                        <posy>390</posy>
                        <width>1064</width>
                        <height>72</height>
                        <texture border="3">dialogs/toast_back_blue_mask.png</texture>
                    </control>
                    <control type="scrollbar" id="61">
                        <posy>2</posy>
                        <posx>256</posx>
                        <width>1064</width>
                        <height>458</height>
                        <onleft>50</onleft>
                        <onright>4002</onright>
                        <showonepage>false</showonepage>
                        <texturesliderbackground>-</texturesliderbackground>
                        <texturesliderbar>-</texturesliderbar>
                        <texturesliderbarfocus border="2,0,8,0">dialogs/scrollbar/texturesliderbar2.png</texturesliderbarfocus>
                    </control>
                </control>

            </control>
            <control type="button" id="4002">
                <posx>1320</posx>
                <posy>234</posy>
                <width>600</width>
                <height>342</height>
                <onup>5000</onup>
                <ondown>61</ondown>
                <onleft>50</onleft>
                <onright>61</onright>
                <onclick condition="IsEmpty(Window(musicinformation).Property(FanartZoom))">SetProperty(FanartZoom,True,musicinformation)</onclick>
                <onclick condition="!IsEmpty(Window(musicinformation).Property(FanartZoom))">ClearProperty(FanartZoom,musicinformation)</onclick>
                <onback condition="!IsEmpty(Window(musicinformation).Property(FanartZoom))">ClearProperty(FanartZoom,musicinformation)</onback>
                <onback condition="IsEmpty(Window(musicinformation).Property(FanartZoom))">Dialog.Close(musicinformation)</onback>
                <animation effect="zoom" start="1320,234,600,342" end="-10,-10,1940,1100" time="640" tween="cubic" condition="!IsEmpty(Window(musicinformation).Property(FanartZoom))">Conditional</animation>
            </control>

            <control type="image">
                <posx>1320</posx>
                <posy>234</posy>
                <width>600</width>
                <height>342</height>
                <aspectratio>scale</aspectratio>
                <texture>$INFO[ListItem.Art(fanart)]</texture>
                <bordersize>2</bordersize>
                <animation effect="zoom" start="1320,234,600,342" end="-10,-10,1940,1100" time="640" tween="cubic" condition="!IsEmpty(Window(musicinformation).Property(FanartZoom))">Conditional</animation>
            </control>

        </control>
    </controls>
</window>