<?xml version="1.0" encoding="UTF-8"?>
<window id="3">
    <defaultcontrol always="true">20</defaultcontrol>
    <allowoverlay>yes</allowoverlay>
    <controls>
        <include>NotificationCenter</include>

        <control type="group">
            <description>Left panel</description>
            <posx>0</posx>
            <posy>72</posy>
            <include>WindowEffect</include>
            <control type="button" id="101">
                <width>960</width>
                <label>31022</label>
                <disabledcolor>Blue2</disabledcolor>
                <enable>no</enable>
            </control>
            <control type="image">
                <posy>72</posy>
                <width>960</width>
                <height>792</height>
                <include>toast_back</include>
            </control>

            <control type="list" id="20">
                <description>Left File List</description>
                <posx>0</posx>
                <posy>72</posy>
                <width>960</width>
                <height>792</height>
                <onleft>9010</onleft>
                <onright>21</onright>
                <onup>20</onup>
                <ondown>20</ondown>
                <viewtype label="">list</viewtype>
                <scrolltime>200</scrolltime>
                <itemlayout height="72" width="960">
                    <control type="image">
                        <width>960</width>
                        <height>72</height>
                        <include>toast_back</include>
                    </control>
                    <control type="label">
                        <width>960</width>
                        <height>72</height>
                        <font>Small</font>
                        <label>$INFO[ListItem.Label]</label>
                        <textoffsetx>30</textoffsetx>
                        <textcolor>White2</textcolor>
                    </control>
                    <control type="label">
                        <posx>960</posx>
                        <width>960</width>
                        <height>72</height>
                        <font>Small</font>
                        <align>right</align>
                        <label>$INFO[ListItem.Label2]</label>
                        <textoffsetx>30</textoffsetx>
                    </control>
                    <control type="image">
                        <posx>1172</posx>
                        <posy>4</posy>
                        <width>64</width>
                        <height>64</height>
                        <texture>$INFO[ListItem.Overlay]</texture>
                    </control>
                </itemlayout>
                <focusedlayout height="72" width="960">
                    <control type="image">
                        <width>960</width>
                        <height>72</height>
                        <include>toast_back</include>
                    </control>
                    <control type="image">
                        <width>960</width>
                        <height>72</height>
                        <texture>dialogs/listitem_focus.png</texture>
                        <visible>Control.HasFocus(20)</visible>
                    </control>
                    <control type="label">
                        <width>960</width>
                        <height>72</height>
                        <font>Small</font>
                        <label>$INFO[ListItem.Label]</label>
                        <textoffsetx>30</textoffsetx>
                    </control>
                    <control type="label">
                        <posx>960</posx>
                        <width>960</width>
                        <height>72</height>
                        <font>Small</font>
                        <align>right</align>
                        <label>$INFO[ListItem.Label2]</label>
                        <textoffsetx>30</textoffsetx>
                    </control>
                </focusedlayout>
            </control>

            <control type="button" id="12">
                <posy>144r</posy>
                <width>960</width>
                <label>-</label>
                <disabledcolor>Blue2</disabledcolor>
                <enable>no</enable>
                <height>54</height>
                <align>right</align>
                <aligny>top</aligny>
            </control>

        </control>

        <control type="group">
            <description>Right Panel</description>
            <posx>960</posx>
            <posy>72</posy>
            <include>WindowEffect</include>
            <control type="button" id="102">
                <width>960</width>
                <label>31029</label>
                <disabledcolor>Blue2</disabledcolor>
                <enable>no</enable>
            </control>
            <control type="image">
                <posy>72</posy>
                <width>960</width>
                <height>792</height>
                <include>toast_back</include>
            </control>


            <control type="list" id="21">
                <description>Right File List</description>
                <posx>0</posx>
                <posy>72</posy>
                <width>960</width>
                <height>792</height>
                <onleft>20</onleft>
                <onright>9010</onright>
                <onup>21</onup>
                <ondown>21</ondown>
                <viewtype label="">list</viewtype>
                <scrolltime>200</scrolltime>
                <itemlayout height="72" width="960">
                    <control type="image">
                        <width>960</width>
                        <height>72</height>
                        <include>toast_back</include>
                    </control>
                    <control type="label">
                        <width>960</width>
                        <height>72</height>
                        <font>Small</font>
                        <label>$INFO[ListItem.Label]</label>
                        <textoffsetx>30</textoffsetx>
                        <textcolor>White2</textcolor>
                    </control>
                    <control type="label">
                        <posx>960</posx>
                        <width>960</width>
                        <height>72</height>
                        <font>Small</font>
                        <align>right</align>
                        <label>$INFO[ListItem.Label2]</label>
                        <textoffsetx>30</textoffsetx>
                    </control>
                </itemlayout>
                <focusedlayout height="72" width="960">
                    <control type="image">
                        <width>960</width>
                        <height>72</height>
                        <include>toast_back</include>
                    </control>
                    <control type="image">
                        <width>960</width>
                        <height>72</height>
                        <texture>dialogs/listitem_focus.png</texture>
                        <visible>Control.HasFocus(21)</visible>
                    </control>
                    <control type="label">
                        <width>960</width>
                        <height>72</height>
                        <font>Small</font>
                        <label>$INFO[ListItem.Label]</label>
                        <textoffsetx>30</textoffsetx>
                    </control>
                    <control type="label">
                        <posx>960</posx>
                        <width>960</width>
                        <height>72</height>
                        <font>Small</font>
                        <align>right</align>
                        <label>$INFO[ListItem.Label2]</label>
                        <textoffsetx>30</textoffsetx>
                    </control>
                </focusedlayout>
            </control>
            <control type="button" id="13">
                <posy>144r</posy>
                <width>960</width>
                <height>54</height>
                <label>-</label>
                <align>right</align>
                <disabledcolor>Blue2</disabledcolor>
                <enable>no</enable>
                <aligny>top</aligny>
            </control>
        </control>
        <control type="button">
            <posx>0</posx>
            <posy>90r</posy>
            <width>1920</width>
            <height>90</height>
            <font>Medium_Bold_Floor_Caps</font>
            <label>$VAR[BreadcrumbsVar]$INFO[Container.FolderName]</label>
            <label2>$INFO[Container.NumItems,, $LOCALIZE[31027]]</label2>
            <textoffsetx>18</textoffsetx>
            <disabledcolor>White2</disabledcolor>
            <enable>no</enable>
            <include>WindowEffect</include>
        </control>
    </controls>

</window>