<?xml version="1.0" encoding="UTF-8"?>
<fonts>
    <fontset id="default">
        <font>
            <name>OSD</name>
            <filename>RobotoCondensed-Uppercase.ttf</filename>
            <style>uppercase bold</style>
            <size>180</size>
        </font>
        <font>
            <name>Home</name>
            <filename>RobotoCondensed-Regular.ttf</filename>
            <size>96</size>
        </font>
        <font>
            <name>Clock</name>
            <filename>RobotoCondensed-Regular.ttf</filename>
            <size>60</size>
        </font>
        <font>
            <name>Large_78</name>
            <filename>RobotoCondensed-Regular.ttf</filename>
            <style>bold</style>
            <size>78</size>
        </font>
        <font>
            <name>Large</name>
            <filename>RobotoCondensed-Regular.ttf</filename>
            <size>48</size>
        </font>
        <font>
            <name>Large_Heading</name>
            <filename>RobotoCondensed-Uppercase.ttf</filename>
            <style>bold uppercase</style>
            <size>48</size>
        </font>
        <font>
            <name>Medium</name>
            <filename>RobotoCondensed-Regular.ttf</filename>
            <size>39</size>
        </font>
        <font>
            <name>Medium_Floor_Caps</name>
            <filename>RobotoCondensed-Uppercase.ttf</filename>
            <size>37</size>
            <style>uppercase</style>
            <linespacing>0.8</linespacing>
        </font>
        <font>
            <name>Medium_Bold_Floor_Caps</name>
            <filename>RobotoCondensed-Uppercase.ttf</filename>
            <size>37</size>
            <style>uppercase bold</style>
            <linespacing>0.8</linespacing>
        </font>
        <font>
            <name>Medium_Floor</name>
            <filename>RobotoCondensed-Regular.ttf</filename>
            <size>37</size>
            <linespacing>0.8</linespacing>
        </font>
        <font>
            <name>Medium_Caps3</name>
            <filename>RobotoCondensed-Uppercase.ttf</filename>
            <size>49</size>
            <style>uppercase</style>
        </font>
        <font>
            <name>Medium_Caps</name>
            <filename>RobotoCondensed-Uppercase.ttf</filename>
            <size>39</size>
            <style>uppercase</style>
        </font>
        <font>
            <name>Medium_Caps2</name>
            <filename>RobotoCondensed-Uppercase.ttf</filename>
            <size>45</size>
            <style>uppercase bold</style>
        </font>
        <font>
            <name>Small</name>
            <filename>RobotoCondensed-Regular.ttf</filename>
            <size>37</size>
        </font>
        <font>
            <name>Plot</name>
            <filename>RobotoCondensed-Regular.ttf</filename>
            <size>37</size>
            <linespacing>1.3</linespacing>
        </font>
        <font>
            <name>Small_Caps</name>
            <filename>RobotoCondensed-Uppercase.ttf</filename>
            <size>37</size>
            <style>uppercase</style>
        </font>
        <font>
            <name>Smaller_Caps</name>
            <filename>RobotoCondensed-Uppercase.ttf</filename>
            <size>31</size>
            <style>uppercase</style>
            <linespacing>0.75</linespacing>
        </font>
        <font>
            <name>Smaller</name>
            <filename>RobotoCondensed-Regular.ttf</filename>
            <size>31</size>
        </font>
        <font>
            <name>Medium_Small</name>
            <filename>RobotoCondensed-Regular.ttf</filename>
            <size>26</size>
        </font>
        <font>
            <name>Medium_Small_Caps</name>
            <filename>RobotoCondensed-Uppercase.ttf</filename>
            <style>uppercase</style>
            <size>26</size>
        </font>
        <font>
            <name>Very_Small_Caps</name>
            <filename>RobotoCondensed-Uppercase.ttf</filename>
            <size>22</size>
            <style>uppercase</style>
        </font>
        <font>
            <name>Normal</name>
            <filename>RobotoCondensed-Regular.ttf</filename>
            <size>30</size>
        </font>
        <!-- Required for system -->
        <font>
            <name>font13</name>
            <filename>RobotoCondensed-Regular.ttf</filename>
            <size>30</size>
        </font>
        <font>
            <name>Keyboard</name>
            <filename>Arial.ttf</filename>
            <size>90</size>
        </font>

    </fontset>
</fonts>