<?xml version="1.0" encoding="UTF-8"?>
<window id="0">
    <defaultcontrol always="true">8000</defaultcontrol>
    <allowoverlay>yes</allowoverlay>
    <include>MediaMenuReset</include>
    <controls>
        <include>GlobalBackground</include>
        <control type="group">
            <animation type="WindowOpen" reversible="false" condition="![Window.Previous(fullscreenvideo) | Window.Previous(visualisation) | Window.Previous(slideshow)]">
                <effect type="zoom" start="80" end="100" center="960,540" easing="out" tween="cubic" time="300" />
                <effect type="fade" start="0" end="100" time="300" />
            </animation>
            <animation type="WindowClose" reversible="false">
                <effect type="zoom" start="100" end="80" center="960,540" easing="in" tween="cubic" time="300" />
                <effect type="fade" start="100" end="0" time="300" />
            </animation>
            <include condition="system.getbool(lookandfeel.enablerssfeeds)">HomeRSSFeed</include>
            <include>HomeItemsPanel</include>
        </control>
        <include>NotificationCenter</include>
        <control type="group" id="9999">
            <include>MediaMenuOverlay</include>
            <control type="grouplist">
                <include>MediaMenuGrouplist</include>
                <control type="button" id="1">
                    <description>Set background</description>
                    <label>33070</label>
                    <onclick>ClearProperty(MediaMenu,Home)</onclick>
                    <onclick>ActivateWindow(1112)</onclick>
                    <include>MediaMenuButton</include>
                </control>
                <include>MediaMenuBottomButton</include>
            </control>
        </control>
    </controls>
</window>