<?xml version="1.0" encoding="utf-8"?>
<includes>
    <include name="HomeItemsPanel">
        <control type="group" id="8000">
            <posx>280</posx>
            <posy>230</posy>
            <control type="group">
                <description>Submenu</description>
                <posx>700</posx>
                <posy>45</posy>
                <control type="panel" id="700">
                    <posx>21</posx>
                    <posy>21</posy>
                    <width>600</width>
                    <height>620</height>
                    <onleft>800</onleft>
                    <onright>9010</onright>
                    <onup>700</onup>
                    <ondown>700</ondown>
                    <scrolltime>0</scrolltime>
                    <preloaditems>2</preloaditems>
                    <orientation>vertical</orientation>
                    <itemlayout width="600" height="100">
                        <control type="group">
                            <control type="image">
                                <posx>0</posx>
                                <posy>0</posy>
                                <width>600</width>
                                <height>100</height>
                                <texture border="3">dialogs/toast_back_blue.png</texture>
                            </control>
                            <control type="group">
                                <animation type="Focus">
                                    <effect type="fade" start="90" end="100" time="200" tween="sine" easing="in" />
                                </animation>
                                <animation type="Unfocus">
                                    <effect type="fade" start="100" end="90" time="200" tween="sine" easing="out" />
                                </animation>
                                <control type="label">
                                    <posy>0</posy>
                                    <posx>0</posx>
                                    <width>600</width>
                                    <height>100</height>
                                    <font>Medium_Caps</font>
                                    <info>ListItem.Label</info>
                                    <textcolor>White2</textcolor>
                                    <textoffsetx>15</textoffsetx>
                                </control>
                                <control type="label">
                                    <posy>0</posy>
                                    <posx>600</posx>
                                    <width>600</width>
                                    <height>100</height>
                                    <align>right</align>
                                    <font>Medium_Caps</font>
                                    <info>ListItem.Label2</info>
                                    <textcolor>White2</textcolor>
                                    <textoffsetx>15</textoffsetx>
                                </control>
                                <control type="image">
                                    <posx>526</posx>
                                    <posy>18</posy>
                                    <width>64</width>
                                    <height>64</height>
                                    <texture>$INFO[ListItem.Icon]</texture>
                                    <colordiffuse>White2</colordiffuse>
                                </control>
                            </control>
                        </control>
                    </itemlayout>
                    <focusedlayout width="600" height="100">
                        <control type="group">
                            <control type="image">
                                <posx>0</posx>
                                <posy>0</posy>
                                <width>600</width>
                                <height>100</height>
                                <texture border="3">dialogs/toast_back_blue.png</texture>
                            </control>
                            <control type="group">
                                <control type="image">
                                    <posx>0</posx>
                                    <posy>0</posy>
                                    <width>600</width>
                                    <height>100</height>
                                    <texture>dialogs/listitem_focus.png</texture>
                                </control>
                                <control type="label">
                                    <posy>0</posy>
                                    <posx>0</posx>
                                    <width>600</width>
                                    <height>100</height>
                                    <font>Medium_Caps</font>
                                    <info>ListItem.Label</info>
                                    <textoffsetx>15</textoffsetx>
                                </control>
                                <control type="label">
                                    <posy>0</posy>
                                    <posx>600</posx>
                                    <width>600</width>
                                    <height>100</height>
                                    <align>right</align>
                                    <font>Medium_Caps</font>
                                    <info>ListItem.Label2</info>
                                    <textoffsetx>15</textoffsetx>
                                </control>
                                <control type="image">
                                    <posx>526</posx>
                                    <posy>18</posy>
                                    <width>64</width>
                                    <height>64</height>
                                    <texture>$INFO[ListItem.Icon]</texture>
                                </control>
                            </control>
                        </control>
                    </focusedlayout>
                    <content>
                        <item>
                            <description>Movies: Movies</description>
                            <label>20342</label>
                            <icon>home/icons/DefaultMovies.png</icon>
                            <onclick>ActivateWindow(Videos,MovieTitles,return)</onclick>
                            <visible>Container(800).HasFocus(1)</visible>
                        </item>
                        <item>
                            <description>Movies: Library</description>
                            <label>14022</label>
                            <label2>$INFO[Window(Home).Property(Movies.Count)]</label2>
                            <icon>-</icon>
                            <onclick>ActivateWindow(Videos,Movies,root,return)</onclick>
                            <visible>Container(800).HasFocus(1)</visible>
                        </item>
                        <item>
                            <description>Movies: Recently Added</description>
                            <label>$LOCALIZE[31013]</label>
                            <icon>home/icons/DefaultRecentlyAddedMovies.png</icon>
                            <onclick>ActivateWindow(Videos,RecentlyAddedMovies,return)</onclick>
                            <visible>Container(800).HasFocus(1)</visible>
                        </item>
                        <item>
                            <description>Movies: Video Addons</description>
                            <label>10006</label>
                            <icon>home/icons/DefaultAddonVideo.png</icon>
                            <onclick>ActivateWindow(Videos,root)</onclick>
                            <visible>Container(800).HasFocus(1)</visible>
                        </item>
                        <item>
                            <description>Movies: Addons</description>
                            <label>24001</label>
                            <icon>home/icons/DefaultAddon.png</icon>
                            <onclick>ActivateWindow(Videos,Addons,return)</onclick>
                            <visible>Container(800).HasFocus(1)</visible>
                        </item>
                        <!--
                            <item>
                            <label>$INFO[Window(Home).Property(RecentMovie.1.Title)]</label>
                            <label2>$INFO[Window(Home).Property(RecentMovie.1.Rating)]</label2>
                            <property name="Director">$INFO[Window(Home).Property(RecentMovie.1.Director)]</property>
                            <property name="Path">$INFO[Window(Home).Property(RecentMovie.1.Play)]</property>
                            <property name="AudioChannels">$INFO[Window(Home).Property(RecentMovie.1.AudioChannels)]</property>
                            <property name="AudioCodec">$INFO[Window(Home).Property(RecentMovie.1.AudioCodec)]</property>
                            <property name="VideoAspect">$INFO[Window(Home).Property(RecentMovie.1.VideoAspect)]</property>
                            <property name="VideoResolution">$INFO[Window(Home).Property(RecentMovie.1.VideoResolution)]</property>
                            <property name="VideoCodec">$INFO[Window(Home).Property(RecentMovie.1.VideoCodec)]</property>
                            <property name="Studio">$INFO[Window(Home).Property(RecentMovie.1.Studio)]</property>
                            <property name="PercentPlayed">$INFO[Window(Home).Property(RecentMovie.1.PercentPlayed)]</property>
                            <property name="Discart">$INFO[Window(Home).Property(RecentMovie.1.Art(discart))]</property>
                            <property name="Banner">$INFO[Window(Home).Property(RecentMovie.1.Art(banner))]</property>
                            <property name="Landscape">$INFO[Window(Home).Property(RecentMovie.1.Art(landscape))]</property>
                            <property name="Clearart">$INFO[Window(Home).Property(RecentMovie.1.Art(clearart))]</property>
                            <property name="Logo">$INFO[Window(Home).Property(RecentMovie.1.Art(clearlogo))]</property>
                            <property name="Fanart">$INFO[Window(Home).Property(RecentMovie.1.Art(fanart))]</property>
                            <property name="Tagline">$INFO[Window(Home).Property(RecentMovie.1.Tagline)]</property>
                            <property name="Trailer">$INFO[Window(Home).Property(RecentMovie.1.Trailer)]</property>
                            <property name="RunningTime">$INFO[Window(Home).Property(RecentMovie.1.Runtime)]</property>
                            <property name="Year">$INFO[Window(Home).Property(RecentMovie.1.Year)]</property>
                            <property name="Rating">$INFO[Window(Home).Property(RecentMovie.1.Rating)]</property>
                            <property name="Poster">$INFO[Window(Home).Property(RecentMovie.1.Art(poster))]</property>
                            <property name="Plot">$INFO[Window(Home).Property(RecentMovie.1.Plot)]</property>
                            <onclick>$INFO[Window(Home).Property(RecentMovie.1.Play)]</onclick>
                            <visible>Container(800).HasFocus(1)</visible>
                            </item>
                            <item>
                            <label>$INFO[Window(Home).Property(RecentMovie.2.Title)]</label>
                            <label2>$INFO[Window(Home).Property(RecentMovie.2.Rating)]</label2>
                            <property name="Director">$INFO[Window(Home).Property(RecentMovie.2.Director)]</property>
                            <property name="Path">$INFO[Window(Home).Property(RecentMovie.2.Play)]</property>
                            <property name="AudioChannels">$INFO[Window(Home).Property(RecentMovie.2.AudioChannels)]</property>
                            <property name="AudioCodec">$INFO[Window(Home).Property(RecentMovie.2.AudioCodec)]</property>
                            <property name="VideoAspect">$INFO[Window(Home).Property(RecentMovie.2.VideoAspect)]</property>
                            <property name="VideoResolution">$INFO[Window(Home).Property(RecentMovie.2.VideoResolution)]</property>
                            <property name="VideoCodec">$INFO[Window(Home).Property(RecentMovie.2.VideoCodec)]</property>
                            <property name="Studio">$INFO[Window(Home).Property(RecentMovie.2.Studio)]</property>
                            <property name="PercentPlayed">$INFO[Window(Home).Property(RecentMovie.2.PercentPlayed)]</property>
                            <property name="Discart">$INFO[Window(Home).Property(RecentMovie.2.Art(discart))]</property>
                            <property name="Banner">$INFO[Window(Home).Property(RecentMovie.2.Art(banner))]</property>
                            <property name="Landscape">$INFO[Window(Home).Property(RecentMovie.2.Art(landscape))]</property>
                            <property name="Clearart">$INFO[Window(Home).Property(RecentMovie.2.Art(clearart))]</property>
                            <property name="Logo">$INFO[Window(Home).Property(RecentMovie.2.Art(clearlogo))]</property>
                            <property name="Fanart">$INFO[Window(Home).Property(RecentMovie.2.Art(fanart))]</property>
                            <property name="Tagline">$INFO[Window(Home).Property(RecentMovie.2.Tagline)]</property>
                            <property name="Trailer">$INFO[Window(Home).Property(RecentMovie.2.Trailer)]</property>
                            <property name="RunningTime">$INFO[Window(Home).Property(RecentMovie.2.Runtime)]</property>
                            <property name="Year">$INFO[Window(Home).Property(RecentMovie.2.Year)]</property>
                            <property name="Rating">$INFO[Window(Home).Property(RecentMovie.2.Rating)]</property>
                            <property name="Poster">$INFO[Window(Home).Property(RecentMovie.2.Art(poster))]</property>
                            <property name="Plot">$INFO[Window(Home).Property(RecentMovie.2.Plot)]</property>
                            <onclick>$INFO[Window(Home).Property(RecentMovie.2.Play)]</onclick>
                            <visible>Container(800).HasFocus(1)</visible>
                            </item>
                            <item>
                            <label>$INFO[Window(Home).Property(RecentMovie.3.Title)]</label>
                            <label2>$INFO[Window(Home).Property(RecentMovie.3.Rating)]</label2>
                            <property name="Director">$INFO[Window(Home).Property(RecentMovie.3.Director)]</property>
                            <property name="Path">$INFO[Window(Home).Property(RecentMovie.3.Play)]</property>
                            <property name="AudioChannels">$INFO[Window(Home).Property(RecentMovie.3.AudioChannels)]</property>
                            <property name="AudioCodec">$INFO[Window(Home).Property(RecentMovie.3.AudioCodec)]</property>
                            <property name="VideoAspect">$INFO[Window(Home).Property(RecentMovie.3.VideoAspect)]</property>
                            <property name="VideoResolution">$INFO[Window(Home).Property(RecentMovie.3.VideoResolution)]</property>
                            <property name="VideoCodec">$INFO[Window(Home).Property(RecentMovie.3.VideoCodec)]</property>
                            <property name="Studio">$INFO[Window(Home).Property(RecentMovie.3.Studio)]</property>
                            <property name="PercentPlayed">$INFO[Window(Home).Property(RecentMovie.3.PercentPlayed)]</property>
                            <property name="Discart">$INFO[Window(Home).Property(RecentMovie.3.Art(discart))]</property>
                            <property name="Banner">$INFO[Window(Home).Property(RecentMovie.3.Art(banner))]</property>
                            <property name="Landscape">$INFO[Window(Home).Property(RecentMovie.3.Art(landscape))]</property>
                            <property name="Clearart">$INFO[Window(Home).Property(RecentMovie.3.Art(clearart))]</property>
                            <property name="Logo">$INFO[Window(Home).Property(RecentMovie.3.Art(clearlogo))]</property>
                            <property name="Fanart">$INFO[Window(Home).Property(RecentMovie.3.Art(fanart))]</property>
                            <property name="Tagline">$INFO[Window(Home).Property(RecentMovie.3.Tagline)]</property>
                            <property name="Trailer">$INFO[Window(Home).Property(RecentMovie.3.Trailer)]</property>
                            <property name="RunningTime">$INFO[Window(Home).Property(RecentMovie.3.Runtime)]</property>
                            <property name="Year">$INFO[Window(Home).Property(RecentMovie.3.Year)]</property>
                            <property name="Rating">$INFO[Window(Home).Property(RecentMovie.3.Rating)]</property>
                            <property name="Poster">$INFO[Window(Home).Property(RecentMovie.3.Art(poster))]</property>
                            <property name="Plot">$INFO[Window(Home).Property(RecentMovie.3.Plot)]</property>
                            <onclick>$INFO[Window(Home).Property(RecentMovie.3.Play)]</onclick>
                            <visible>Container(800).HasFocus(1)</visible>
                            </item>
                            <item>
                            <label>$INFO[Window(Home).Property(RecentMovie.4.Title)]</label>
                            <label2>$INFO[Window(Home).Property(RecentMovie.4.Rating)]</label2>
                            <property name="Director">$INFO[Window(Home).Property(RecentMovie.4.Director)]</property>
                            <property name="Path">$INFO[Window(Home).Property(RecentMovie.4.Play)]</property>
                            <property name="AudioChannels">$INFO[Window(Home).Property(RecentMovie.4.AudioChannels)]</property>
                            <property name="AudioCodec">$INFO[Window(Home).Property(RecentMovie.4.AudioCodec)]</property>
                            <property name="VideoAspect">$INFO[Window(Home).Property(RecentMovie.4.VideoAspect)]</property>
                            <property name="VideoResolution">$INFO[Window(Home).Property(RecentMovie.4.VideoResolution)]</property>
                            <property name="VideoCodec">$INFO[Window(Home).Property(RecentMovie.4.VideoCodec)]</property>
                            <property name="Studio">$INFO[Window(Home).Property(RecentMovie.4.Studio)]</property>
                            <property name="PercentPlayed">$INFO[Window(Home).Property(RecentMovie.4.PercentPlayed)]</property>
                            <property name="Discart">$INFO[Window(Home).Property(RecentMovie.4.Art(discart))]</property>
                            <property name="Banner">$INFO[Window(Home).Property(RecentMovie.4.Art(banner))]</property>
                            <property name="Landscape">$INFO[Window(Home).Property(RecentMovie.4.Art(landscape))]</property>
                            <property name="Clearart">$INFO[Window(Home).Property(RecentMovie.4.Art(clearart))]</property>
                            <property name="Logo">$INFO[Window(Home).Property(RecentMovie.4.Art(clearlogo))]</property>
                            <property name="Fanart">$INFO[Window(Home).Property(RecentMovie.4.Art(fanart))]</property>
                            <property name="Tagline">$INFO[Window(Home).Property(RecentMovie.4.Tagline)]</property>
                            <property name="Trailer">$INFO[Window(Home).Property(RecentMovie.4.Trailer)]</property>
                            <property name="RunningTime">$INFO[Window(Home).Property(RecentMovie.4.Runtime)]</property>
                            <property name="Year">$INFO[Window(Home).Property(RecentMovie.4.Year)]</property>
                            <property name="Rating">$INFO[Window(Home).Property(RecentMovie.4.Rating)]</property>
                            <property name="Poster">$INFO[Window(Home).Property(RecentMovie.4.Art(poster))]</property>
                            <property name="Plot">$INFO[Window(Home).Property(RecentMovie.4.Plot)]</property>
                            <onclick>$INFO[Window(Home).Property(RecentMovie.4.Play)]</onclick>
                            <visible>Container(800).HasFocus(1)</visible>
                            </item>
                            <item>
                            <label>$INFO[Window(Home).Property(RecentMovie.5.Title)]</label>
                            <label2>$INFO[Window(Home).Property(RecentMovie.5.Rating)]</label2>
                            <property name="Director">$INFO[Window(Home).Property(RecentMovie.5.Director)]</property>
                            <property name="Path">$INFO[Window(Home).Property(RecentMovie.5.Play)]</property>
                            <property name="AudioChannels">$INFO[Window(Home).Property(RecentMovie.5.AudioChannels)]</property>
                            <property name="AudioCodec">$INFO[Window(Home).Property(RecentMovie.5.AudioCodec)]</property>
                            <property name="VideoAspect">$INFO[Window(Home).Property(RecentMovie.5.VideoAspect)]</property>
                            <property name="VideoResolution">$INFO[Window(Home).Property(RecentMovie.5.VideoResolution)]</property>
                            <property name="VideoCodec">$INFO[Window(Home).Property(RecentMovie.5.VideoCodec)]</property>
                            <property name="Studio">$INFO[Window(Home).Property(RecentMovie.5.Studio)]</property>
                            <property name="PercentPlayed">$INFO[Window(Home).Property(RecentMovie.5.PercentPlayed)]</property>
                            <property name="Discart">$INFO[Window(Home).Property(RecentMovie.5.Art(discart))]</property>
                            <property name="Banner">$INFO[Window(Home).Property(RecentMovie.5.Art(banner))]</property>
                            <property name="Landscape">$INFO[Window(Home).Property(RecentMovie.5.Art(landscape))]</property>
                            <property name="Clearart">$INFO[Window(Home).Property(RecentMovie.5.Art(clearart))]</property>
                            <property name="Logo">$INFO[Window(Home).Property(RecentMovie.5.Art(clearlogo))]</property>
                            <property name="Fanart">$INFO[Window(Home).Property(RecentMovie.5.Art(fanart))]</property>
                            <property name="Tagline">$INFO[Window(Home).Property(RecentMovie.5.Tagline)]</property>
                            <property name="Trailer">$INFO[Window(Home).Property(RecentMovie.5.Trailer)]</property>
                            <property name="RunningTime">$INFO[Window(Home).Property(RecentMovie.5.Runtime)]</property>
                            <property name="Year">$INFO[Window(Home).Property(RecentMovie.5.Year)]</property>
                            <property name="Rating">$INFO[Window(Home).Property(RecentMovie.5.Rating)]</property>
                            <property name="Poster">$INFO[Window(Home).Property(RecentMovie.5.Art(poster))]</property>
                            <property name="Plot">$INFO[Window(Home).Property(RecentMovie.5.Plot)]</property>
                            <onclick>$INFO[Window(Home).Property(RecentMovie.5.Play)]</onclick>
                            <visible>Container(800).HasFocus(1)</visible>
                            </item>
                            <item>
                            <label>$INFO[Window(Home).Property(RecentMovie.6.Title)]</label>
                            <label2>$INFO[Window(Home).Property(RecentMovie.6.Rating)]</label2>
                            <property name="Director">$INFO[Window(Home).Property(RecentMovie.6.Director)]</property>
                            <property name="Path">$INFO[Window(Home).Property(RecentMovie.6.Play)]</property>
                            <property name="AudioChannels">$INFO[Window(Home).Property(RecentMovie.6.AudioChannels)]</property>
                            <property name="AudioCodec">$INFO[Window(Home).Property(RecentMovie.6.AudioCodec)]</property>
                            <property name="VideoAspect">$INFO[Window(Home).Property(RecentMovie.6.VideoAspect)]</property>
                            <property name="VideoResolution">$INFO[Window(Home).Property(RecentMovie.6.VideoResolution)]</property>
                            <property name="VideoCodec">$INFO[Window(Home).Property(RecentMovie.6.VideoCodec)]</property>
                            <property name="Studio">$INFO[Window(Home).Property(RecentMovie.6.Studio)]</property>
                            <property name="PercentPlayed">$INFO[Window(Home).Property(RecentMovie.6.PercentPlayed)]</property>
                            <property name="Discart">$INFO[Window(Home).Property(RecentMovie.6.Art(discart))]</property>
                            <property name="Banner">$INFO[Window(Home).Property(RecentMovie.6.Art(banner))]</property>
                            <property name="Landscape">$INFO[Window(Home).Property(RecentMovie.6.Art(clearart))]</property>
                            <property name="Clearart">$INFO[Window(Home).Property(RecentMovie.6.Art(clearart))]</property>
                            <property name="Logo">$INFO[Window(Home).Property(RecentMovie.6.Art(clearlogo))]</property>
                            <property name="Fanart">$INFO[Window(Home).Property(RecentMovie.6.Art(fanart))]</property>
                            <property name="Tagline">$INFO[Window(Home).Property(RecentMovie.6.Tagline)]</property>
                            <property name="Trailer">$INFO[Window(Home).Property(RecentMovie.6.Trailer)]</property>
                            <property name="RunningTime">$INFO[Window(Home).Property(RecentMovie.6.Runtime)]</property>
                            <property name="Year">$INFO[Window(Home).Property(RecentMovie.6.Year)]</property>
                            <property name="Rating">$INFO[Window(Home).Property(RecentMovie.6.Rating)]</property>
                            <property name="Poster">$INFO[Window(Home).Property(RecentMovie.6.Art(poster))]</property>
                            <property name="Plot">$INFO[Window(Home).Property(RecentMovie.6.Plot)]</property>
                            <onclick>$INFO[Window(Home).Property(RecentMovie.6.Play)]</onclick>
                            <visible>Container(800).HasFocus(1)</visible>
                            </item>
                            <item>
                            <label>$INFO[Window(Home).Property(RecentMovie.7.Title)]</label>
                            <label2>$INFO[Window(Home).Property(RecentMovie.7.Rating)]</label2>
                            <property name="Director">$INFO[Window(Home).Property(RecentMovie.7.Director)]</property>
                            <property name="Path">$INFO[Window(Home).Property(RecentMovie.7.Play)]</property>
                            <property name="AudioChannels">$INFO[Window(Home).Property(RecentMovie.7.AudioChannels)]</property>
                            <property name="AudioCodec">$INFO[Window(Home).Property(RecentMovie.7.AudioCodec)]</property>
                            <property name="VideoAspect">$INFO[Window(Home).Property(RecentMovie.7.VideoAspect)]</property>
                            <property name="VideoResolution">$INFO[Window(Home).Property(RecentMovie.7.VideoResolution)]</property>
                            <property name="VideoCodec">$INFO[Window(Home).Property(RecentMovie.7.VideoCodec)]</property>
                            <property name="Studio">$INFO[Window(Home).Property(RecentMovie.7.Studio)]</property>
                            <property name="PercentPlayed">$INFO[Window(Home).Property(RecentMovie.7.PercentPlayed)]</property>
                            <property name="Discart">$INFO[Window(Home).Property(RecentMovie.7.Art(discart))]</property>
                            <property name="Banner">$INFO[Window(Home).Property(RecentMovie.7.Art(banner))]</property>
                            <property name="Landscape">$INFO[Window(Home).Property(RecentMovie.7.Art(landscape))]</property>
                            <property name="Clearart">$INFO[Window(Home).Property(RecentMovie.7.Art(clearart))]</property>
                            <property name="Logo">$INFO[Window(Home).Property(RecentMovie.7.Art(clearlogo))]</property>
                            <property name="Fanart">$INFO[Window(Home).Property(RecentMovie.7.Art(fanart))]</property>
                            <property name="Tagline">$INFO[Window(Home).Property(RecentMovie.7.Tagline)]</property>
                            <property name="Trailer">$INFO[Window(Home).Property(RecentMovie.7.Trailer)]</property>
                            <property name="RunningTime">$INFO[Window(Home).Property(RecentMovie.7.Runtime)]</property>
                            <property name="Year">$INFO[Window(Home).Property(RecentMovie.7.Year)]</property>
                            <property name="Rating">$INFO[Window(Home).Property(RecentMovie.7.Rating)]</property>
                            <property name="Poster">$INFO[Window(Home).Property(RecentMovie.7.Art(poster))]</property>
                            <property name="Plot">$INFO[Window(Home).Property(RecentMovie.7.Plot)]</property>
                            <onclick>$INFO[Window(Home).Property(RecentMovie.7.Play)]</onclick>
                            <visible>Container(800).HasFocus(1)</visible>
                            </item>
                            <item>
                            <label>$INFO[Window(Home).Property(RecentMovie.8.Title)]</label>
                            <label2>$INFO[Window(Home).Property(RecentMovie.8.Rating)]</label2>
                            <property name="Director">$INFO[Window(Home).Property(RecentMovie.8.Director)]</property>
                            <property name="Path">$INFO[Window(Home).Property(RecentMovie.8.Play)]</property>
                            <property name="AudioChannels">$INFO[Window(Home).Property(RecentMovie.8.AudioChannels)]</property>
                            <property name="AudioCodec">$INFO[Window(Home).Property(RecentMovie.8.AudioCodec)]</property>
                            <property name="VideoAspect">$INFO[Window(Home).Property(RecentMovie.8.VideoAspect)]</property>
                            <property name="VideoResolution">$INFO[Window(Home).Property(RecentMovie.8.VideoResolution)]</property>
                            <property name="VideoCodec">$INFO[Window(Home).Property(RecentMovie.8.VideoCodec)]</property>
                            <property name="Studio">$INFO[Window(Home).Property(RecentMovie.8.Studio)]</property>
                            <property name="PercentPlayed">$INFO[Window(Home).Property(RecentMovie.8.PercentPlayed)]</property>
                            <property name="Discart">$INFO[Window(Home).Property(RecentMovie.8.Art(discart))]</property>
                            <property name="Banner">$INFO[Window(Home).Property(RecentMovie.8.Art(banner))]</property>
                            <property name="Landscape">$INFO[Window(Home).Property(RecentMovie.8.Art(landscape))]</property>
                            <property name="Clearart">$INFO[Window(Home).Property(RecentMovie.8.Art(clearart))]</property>
                            <property name="Logo">$INFO[Window(Home).Property(RecentMovie.8.Art(clearlogo))]</property>
                            <property name="Fanart">$INFO[Window(Home).Property(RecentMovie.8.Art(fanart))]</property>
                            <property name="Tagline">$INFO[Window(Home).Property(RecentMovie.8.Tagline)]</property>
                            <property name="Trailer">$INFO[Window(Home).Property(RecentMovie.8.Trailer)]</property>
                            <property name="RunningTime">$INFO[Window(Home).Property(RecentMovie.8.Runtime)]</property>
                            <property name="Year">$INFO[Window(Home).Property(RecentMovie.8.Year)]</property>
                            <property name="Rating">$INFO[Window(Home).Property(RecentMovie.8.Rating)]</property>
                            <property name="Poster">$INFO[Window(Home).Property(RecentMovie.8.Art(poster))]</property>
                            <property name="Plot">$INFO[Window(Home).Property(RecentMovie.8.Plot)]</property>
                            <onclick>$INFO[Window(Home).Property(RecentMovie.8.Play)]</onclick>
                            <visible>Container(800).HasFocus(1)</visible>
                            </item>
                            <item>
                            <label>$INFO[Window(Home).Property(RecentMovie.9.Title)]</label>
                            <label2>$INFO[Window(Home).Property(RecentMovie.9.Rating)]</label2>
                            <property name="Director">$INFO[Window(Home).Property(RecentMovie.9.Director)]</property>
                            <property name="Path">$INFO[Window(Home).Property(RecentMovie.9.Play)]</property>
                            <property name="AudioChannels">$INFO[Window(Home).Property(RecentMovie.9.AudioChannels)]</property>
                            <property name="AudioCodec">$INFO[Window(Home).Property(RecentMovie.9.AudioCodec)]</property>
                            <property name="VideoAspect">$INFO[Window(Home).Property(RecentMovie.9.VideoAspect)]</property>
                            <property name="VideoResolution">$INFO[Window(Home).Property(RecentMovie.9.VideoResolution)]</property>
                            <property name="VideoCodec">$INFO[Window(Home).Property(RecentMovie.9.VideoCodec)]</property>
                            <property name="Studio">$INFO[Window(Home).Property(RecentMovie.9.Studio)]</property>
                            <property name="PercentPlayed">$INFO[Window(Home).Property(RecentMovie.9.PercentPlayed)]</property>
                            <property name="Discart">$INFO[Window(Home).Property(RecentMovie.9.Art(discart))]</property>
                            <property name="Banner">$INFO[Window(Home).Property(RecentMovie.9.Art(banner))]</property>
                            <property name="Landscape">$INFO[Window(Home).Property(RecentMovie.9.Art(landscape))]</property>
                            <property name="Clearart">$INFO[Window(Home).Property(RecentMovie.9.Art(clearart))]</property>
                            <property name="Logo">$INFO[Window(Home).Property(RecentMovie.9.Art(clearlogo))]</property>
                            <property name="Fanart">$INFO[Window(Home).Property(RecentMovie.9.Art(fanart))]</property>
                            <property name="Tagline">$INFO[Window(Home).Property(RecentMovie.9.Tagline)]</property>
                            <property name="Trailer">$INFO[Window(Home).Property(RecentMovie.9.Trailer)]</property>
                            <property name="RunningTime">$INFO[Window(Home).Property(RecentMovie.9.Runtime)]</property>
                            <property name="Year">$INFO[Window(Home).Property(RecentMovie.9.Year)]</property>
                            <property name="Rating">$INFO[Window(Home).Property(RecentMovie.9.Rating)]</property>
                            <property name="Poster">$INFO[Window(Home).Property(RecentMovie.9.Art(poster))]</property>
                            <property name="Plot">$INFO[Window(Home).Property(RecentMovie.9.Plot)]</property>
                            <onclick>$INFO[Window(Home).Property(RecentMovie.9.Play)]</onclick>
                            <visible>Container(800).HasFocus(1)</visible>
                            </item>
                            <item>
                            <label>$INFO[Window(Home).Property(RecentMovie.10.Title)]</label>
                            <label2>$INFO[Window(Home).Property(RecentMovie.10.Rating)]</label2>
                            <property name="Director">$INFO[Window(Home).Property(RecentMovie.10.Director)]</property>
                            <property name="Path">$INFO[Window(Home).Property(RecentMovie.10.Play)]</property>
                            <property name="AudioChannels">$INFO[Window(Home).Property(RecentMovie.10.AudioChannels)]</property>
                            <property name="AudioCodec">$INFO[Window(Home).Property(RecentMovie.10.AudioCodec)]</property>
                            <property name="VideoAspect">$INFO[Window(Home).Property(RecentMovie.10.VideoAspect)]</property>
                            <property name="VideoResolution">$INFO[Window(Home).Property(RecentMovie.10.VideoResolution)]</property>
                            <property name="VideoCodec">$INFO[Window(Home).Property(RecentMovie.10.VideoCodec)]</property>
                            <property name="Studio">$INFO[Window(Home).Property(RecentMovie.10.Studio)]</property>
                            <property name="PercentPlayed">$INFO[Window(Home).Property(RecentMovie.10.PercentPlayed)]</property>
                            <property name="Discart">$INFO[Window(Home).Property(RecentMovie.10.Art(discart))]</property>
                            <property name="Banner">$INFO[Window(Home).Property(RecentMovie.10.Art(banner))]</property>
                            <property name="Landscape">$INFO[Window(Home).Property(RecentMovie.10.Art(landscape))]</property>
                            <property name="Clearart">$INFO[Window(Home).Property(RecentMovie.10.Art(clearart))]</property>
                            <property name="Logo">$INFO[Window(Home).Property(RecentMovie.10.Art(clearlogo))]</property>
                            <property name="Fanart">$INFO[Window(Home).Property(RecentMovie.10.Art(fanart))]</property>
                            <property name="Tagline">$INFO[Window(Home).Property(RecentMovie.10.Tagline)]</property>
                            <property name="Trailer">$INFO[Window(Home).Property(RecentMovie.10.Trailer)]</property>
                            <property name="RunningTime">$INFO[Window(Home).Property(RecentMovie.10.Runtime)]</property>
                            <property name="Year">$INFO[Window(Home).Property(RecentMovie.10.Year)]</property>
                            <property name="Rating">$INFO[Window(Home).Property(RecentMovie.10.Rating)]</property>
                            <property name="Poster">$INFO[Window(Home).Property(RecentMovie.10.Art(poster))]</property>
                            <property name="Plot">$INFO[Window(Home).Property(RecentMovie.10.Plot)]</property>
                            <onclick>$INFO[Window(Home).Property(RecentMovie.10.Play)]</onclick>
                            <visible>Container(800).HasFocus(1)</visible>
                            </item>
                        -->
                        <item>
                            <description>TV Shows: TV Shows</description>
                            <label>20343</label>
                            <icon>home/icons/DefaultTVShows.png</icon>
                            <onclick>ActivateWindow(Videos,TVShowTitles,return)</onclick>
                            <visible>Container(800).HasFocus(2)</visible>
                        </item>
                        <item>
                            <description>TV Shows: Recently Added</description>
                            <label>$LOCALIZE[31013]</label>
                            <icon>home/icons/DefaultRecentlyAddedEpisodes.png</icon>
                            <onclick>ActivateWindow(Videos,RecentlyAddedEpisodes,return)</onclick>
                            <visible>Container(800).HasFocus(2)</visible>
                        </item>
                        <item>
                            <description>TV Shows: Library</description>
                            <label>14022</label>
                            <label2>$INFO[Window(Home).Property(TVShows.Count)]</label2>
                            <icon>-</icon>
                            <onclick>ActivateWindow(Videos,TVShows,root,return)</onclick>
                            <visible>Container(800).HasFocus(2)</visible>
                        </item>
                        <item>
                            <description>TV Shows: TV Guide</description>
                            <label>31014</label>
                            <icon>home/icons/DefaultTVGuide.png</icon>
                            <onclick condition="System.HasAddon(script.tv.show.next.aired)">RunAddon(script.tv.show.next.aired)</onclick>
                            <onclick condition="!System.HasAddon(script.tv.show.next.aired)">ActivateWindow(Videos,InProgressTVShows,return)</onclick>
                            <visible>Container(800).HasFocus(2)</visible>
                        </item>
                        <!--
                            <item>
                            <label>$INFO[Window(Home).Property(RecommendedEpisode.1.TVShowTitle)]</label>
                            <label2>$INFO[Window(Home).Property(RecommendedEpisode.1.EpisodeNo)]</label2>
                            <property name="Premiered">$INFO[Window(Home).Property(RecommendedEpisode.1.Premiered)]</property>
                            <property name="RunningTime">$INFO[Window(Home).Property(RecommendedEpisode.1.Runtime)]</property>
                            <property name="Path">$INFO[Window(Home).Property(RecommendedEpisode.1.Play)]</property>
                            <property name="AudioChannels">$INFO[Window(Home).Property(RecommendedEpisode.1.AudioChannels)]</property>
                            <property name="AudioCodec">$INFO[Window(Home).Property(RecommendedEpisode.1.AudioCodec)]</property>
                            <property name="VideoAspect">$INFO[Window(Home).Property(RecommendedEpisode.1.VideoAspect)]</property>
                            <property name="VideoResolution">$INFO[Window(Home).Property(RecommendedEpisode.1.VideoResolution)]</property>
                            <property name="VideoCodec">$INFO[Window(Home).Property(RecommendedEpisode.1.VideoCodec)]</property>
                            <property name="PercentPlayed">$INFO[Window(Home).Property(RecommendedEpisode.1.PercentPlayed)]</property>
                            <property name="Landscape">$INFO[Window(Home).Property(RecommendedEpisode.1.Art(tvshow.landscape))]</property>
                            <property name="Clearart">$INFO[Window(Home).Property(RecommendedEpisode.1.Art(tvshow.clearart))]</property>
                            <property name="Logo">$INFO[Window(Home).Property(RecommendedEpisode.1.Art(tvshow.clearlogo))]</property>
                            <property name="Banner">$INFO[Window(Home).Property(RecommendedEpisode.1.Art(tvshow.banner))]</property>
                            <property name="Poster">$INFO[Window(Home).Property(RecommendedEpisode.1.Art(tvshow.poster))]</property>
                            <property name="Fanart">$INFO[Window(Home).Property(RecommendedEpisode.1.Art(tvshow.fanart))]</property>
                            <property name="EpisodeNumber">$INFO[Window(Home).Property(RecommendedEpisode.1.EpisodeNo)]</property>
                            <property name="Rating">$INFO[Window(Home).Property(RecommendedEpisode.1.Rating)]</property>
                            <property name="Plot">$INFO[Window(Home).Property(RecommendedEpisode.1.Plot)]</property>
                            <onclick>$INFO[Window(Home).Property(RecommendedEpisode.1.Play)]</onclick>
                            <thumb>$INFO[Window(Home).Property(RecommendedEpisode.1.Art(thumb))]</thumb>
                            <visible>Container(800).HasFocus(2)</visible>
                            </item>
                            <item>
                            <label>$INFO[Window(Home).Property(RecommendedEpisode.2.TVShowTitle)]</label>
                            <label2>$INFO[Window(Home).Property(RecommendedEpisode.2.EpisodeNo)]</label2>
                            <property name="Premiered">$INFO[Window(Home).Property(RecommendedEpisode.2.Premiered)]</property>
                            <property name="RunningTime">$INFO[Window(Home).Property(RecommendedEpisode.2.Runtime)]</property>
                            <property name="Path">$INFO[Window(Home).Property(RecommendedEpisode.2.Play)]</property>
                            <property name="AudioChannels">$INFO[Window(Home).Property(RecommendedEpisode.2.AudioChannels)]</property>
                            <property name="AudioCodec">$INFO[Window(Home).Property(RecommendedEpisode.2.AudioCodec)]</property>
                            <property name="VideoAspect">$INFO[Window(Home).Property(RecommendedEpisode.2.VideoAspect)]</property>
                            <property name="VideoResolution">$INFO[Window(Home).Property(RecommendedEpisode.2.VideoResolution)]</property>
                            <property name="VideoCodec">$INFO[Window(Home).Property(RecommendedEpisode.2.VideoCodec)]</property>
                            <property name="PercentPlayed">$INFO[Window(Home).Property(RecommendedEpisode.2.PercentPlayed)]</property>
                            <property name="Landscape">$INFO[Window(Home).Property(RecommendedEpisode.2.Art(tvshow.landscape))]</property>
                            <property name="Clearart">$INFO[Window(Home).Property(RecommendedEpisode.2.Art(tvshow.clearart))]</property>
                            <property name="Logo">$INFO[Window(Home).Property(RecommendedEpisode.2.Art(tvshow.clearlogo))]</property>
                            <property name="Banner">$INFO[Window(Home).Property(RecommendedEpisode.2.Art(tvshow.banner))]</property>
                            <property name="Poster">$INFO[Window(Home).Property(RecommendedEpisode.2.Art(tvshow.poster))]</property>
                            <property name="Fanart">$INFO[Window(Home).Property(RecommendedEpisode.2.Art(tvshow.fanart))]</property>
                            <property name="EpisodeNumber">$INFO[Window(Home).Property(RecommendedEpisode.2.EpisodeNo)]</property>
                            <property name="Rating">$INFO[Window(Home).Property(RecommendedEpisode.2.Rating)]</property>
                            <property name="Plot">$INFO[Window(Home).Property(RecommendedEpisode.2.Plot)]</property>
                            <onclick>$INFO[Window(Home).Property(RecommendedEpisode.2.Play)]</onclick>
                            <thumb>$INFO[Window(Home).Property(RecommendedEpisode.2.Art(thumb))]</thumb>
                            <visible>Container(800).HasFocus(2)</visible>
                            </item>
                            <item>
                            <label>$INFO[Window(Home).Property(RecommendedEpisode.3.TVShowTitle)]</label>
                            <label2>$INFO[Window(Home).Property(RecommendedEpisode.3.EpisodeNo)]</label2>
                            <property name="Premiered">$INFO[Window(Home).Property(RecommendedEpisode.3.Premiered)]</property>
                            <property name="RunningTime">$INFO[Window(Home).Property(RecommendedEpisode.3.Runtime)]</property>
                            <property name="Path">$INFO[Window(Home).Property(RecommendedEpisode.3.Play)]</property>
                            <property name="AudioChannels">$INFO[Window(Home).Property(RecommendedEpisode.3.AudioChannels)]</property>
                            <property name="AudioCodec">$INFO[Window(Home).Property(RecommendedEpisode.3.AudioCodec)]</property>
                            <property name="VideoAspect">$INFO[Window(Home).Property(RecommendedEpisode.3.VideoAspect)]</property>
                            <property name="VideoResolution">$INFO[Window(Home).Property(RecommendedEpisode.3.VideoResolution)]</property>
                            <property name="VideoCodec">$INFO[Window(Home).Property(RecommendedEpisode.3.VideoCodec)]</property>
                            <property name="PercentPlayed">$INFO[Window(Home).Property(RecommendedEpisode.3.PercentPlayed)]</property>
                            <property name="Landscape">$INFO[Window(Home).Property(RecommendedEpisode.3.Art(tvshow.landscape))]</property>
                            <property name="Clearart">$INFO[Window(Home).Property(RecommendedEpisode.3.Art(tvshow.clearart))]</property>
                            <property name="Logo">$INFO[Window(Home).Property(RecommendedEpisode.3.Art(tvshow.clearlogo))]</property>
                            <property name="Banner">$INFO[Window(Home).Property(RecommendedEpisode.3.Art(tvshow.banner))]</property>
                            <property name="Poster">$INFO[Window(Home).Property(RecommendedEpisode.3.Art(tvshow.poster))]</property>
                            <property name="Fanart">$INFO[Window(Home).Property(RecommendedEpisode.3.Art(tvshow.fanart))]</property>
                            <property name="EpisodeNumber">$INFO[Window(Home).Property(RecommendedEpisode.3.EpisodeNo)]</property>
                            <property name="Rating">$INFO[Window(Home).Property(RecommendedEpisode.3.Rating)]</property>
                            <property name="Plot">$INFO[Window(Home).Property(RecommendedEpisode.3.Plot)]</property>
                            <onclick>$INFO[Window(Home).Property(RecommendedEpisode.3.Play)]</onclick>
                            <thumb>$INFO[Window(Home).Property(RecommendedEpisode.3.Art(thumb))]</thumb>
                            <visible>Container(800).HasFocus(2)</visible>
                            </item>
                            <item>
                            <label>$INFO[Window(Home).Property(RecommendedEpisode.4.TVShowTitle)]</label>
                            <label2>$INFO[Window(Home).Property(RecommendedEpisode.4.EpisodeNo)]</label2>
                            <property name="Premiered">$INFO[Window(Home).Property(RecommendedEpisode.4.Premiered)]</property>
                            <property name="RunningTime">$INFO[Window(Home).Property(RecommendedEpisode.4.Runtime)]</property>
                            <property name="Path">$INFO[Window(Home).Property(RecommendedEpisode.4.Play)]</property>
                            <property name="AudioChannels">$INFO[Window(Home).Property(RecommendedEpisode.4.AudioChannels)]</property>
                            <property name="AudioCodec">$INFO[Window(Home).Property(RecommendedEpisode.4.AudioCodec)]</property>
                            <property name="VideoAspect">$INFO[Window(Home).Property(RecommendedEpisode.4.VideoAspect)]</property>
                            <property name="VideoResolution">$INFO[Window(Home).Property(RecommendedEpisode.4.VideoResolution)]</property>
                            <property name="VideoCodec">$INFO[Window(Home).Property(RecommendedEpisode.4.VideoCodec)]</property>
                            <property name="PercentPlayed">$INFO[Window(Home).Property(RecommendedEpisode.4.PercentPlayed)]</property>
                            <property name="Landscape">$INFO[Window(Home).Property(RecommendedEpisode.4.Art(tvshow.landscape))]</property>
                            <property name="Clearart">$INFO[Window(Home).Property(RecommendedEpisode.4.Art(tvshow.clearart))]</property>
                            <property name="Logo">$INFO[Window(Home).Property(RecommendedEpisode.4.Art(tvshow.clearlogo))]</property>
                            <property name="Banner">$INFO[Window(Home).Property(RecommendedEpisode.4.Art(tvshow.banner))]</property>
                            <property name="Poster">$INFO[Window(Home).Property(RecommendedEpisode.4.Art(tvshow.poster))]</property>
                            <property name="Fanart">$INFO[Window(Home).Property(RecommendedEpisode.4.Art(tvshow.fanart))]</property>
                            <property name="EpisodeNumber">$INFO[Window(Home).Property(RecommendedEpisode.4.EpisodeNo)]</property>
                            <property name="Rating">$INFO[Window(Home).Property(RecommendedEpisode.4.Rating)]</property>
                            <property name="Plot">$INFO[Window(Home).Property(RecommendedEpisode.4.Plot)]</property>
                            <onclick>$INFO[Window(Home).Property(RecommendedEpisode.4.Play)]</onclick>
                            <thumb>$INFO[Window(Home).Property(RecommendedEpisode.4.Art(thumb))]</thumb>
                            <visible>Container(800).HasFocus(2)</visible>
                            </item>
                            <item>
                            <label>$INFO[Window(Home).Property(RecommendedEpisode.5.TVShowTitle)]</label>
                            <label2>$INFO[Window(Home).Property(RecommendedEpisode.5.EpisodeNo)]</label2>
                            <property name="Premiered">$INFO[Window(Home).Property(RecommendedEpisode.5.Premiered)]</property>
                            <property name="RunningTime">$INFO[Window(Home).Property(RecommendedEpisode.5.Runtime)]</property>
                            <property name="Path">$INFO[Window(Home).Property(RecommendedEpisode.5.Play)]</property>
                            <property name="AudioChannels">$INFO[Window(Home).Property(RecommendedEpisode.5.AudioChannels)]</property>
                            <property name="AudioCodec">$INFO[Window(Home).Property(RecommendedEpisode.5.AudioCodec)]</property>
                            <property name="VideoAspect">$INFO[Window(Home).Property(RecommendedEpisode.5.VideoAspect)]</property>
                            <property name="VideoResolution">$INFO[Window(Home).Property(RecommendedEpisode.5.VideoResolution)]</property>
                            <property name="VideoCodec">$INFO[Window(Home).Property(RecommendedEpisode.5.VideoCodec)]</property>
                            <property name="PercentPlayed">$INFO[Window(Home).Property(RecommendedEpisode.5.PercentPlayed)]</property>
                            <property name="Landscape">$INFO[Window(Home).Property(RecommendedEpisode.5.Art(tvshow.landscape))]</property>
                            <property name="Clearart">$INFO[Window(Home).Property(RecommendedEpisode.5.Art(tvshow.clearart))]</property>
                            <property name="Logo">$INFO[Window(Home).Property(RecommendedEpisode.5.Art(tvshow.clearlogo))]</property>
                            <property name="Banner">$INFO[Window(Home).Property(RecommendedEpisode.5.Art(tvshow.banner))]</property>
                            <property name="Poster">$INFO[Window(Home).Property(RecommendedEpisode.5.Art(tvshow.poster))]</property>
                            <property name="Fanart">$INFO[Window(Home).Property(RecommendedEpisode.5.Art(tvshow.fanart))]</property>
                            <property name="EpisodeNumber">$INFO[Window(Home).Property(RecommendedEpisode.5.EpisodeNo)]</property>
                            <property name="Rating">$INFO[Window(Home).Property(RecommendedEpisode.5.Rating)]</property>
                            <property name="Plot">$INFO[Window(Home).Property(RecommendedEpisode.5.Plot)]</property>
                            <onclick>$INFO[Window(Home).Property(RecommendedEpisode.5.Play)]</onclick>
                            <thumb>$INFO[Window(Home).Property(RecommendedEpisode.5.Art(thumb))]</thumb>
                            <visible>Container(800).HasFocus(2)</visible>
                            </item>
                            <item>
                            <label>$INFO[Window(Home).Property(RecommendedEpisode.6.TVShowTitle)]</label>
                            <label2>$INFO[Window(Home).Property(RecommendedEpisode.6.EpisodeNo)]</label2>
                            <property name="Premiered">$INFO[Window(Home).Property(RecommendedEpisode.6.Premiered)]</property>
                            <property name="RunningTime">$INFO[Window(Home).Property(RecommendedEpisode.6.Runtime)]</property>
                            <property name="Path">$INFO[Window(Home).Property(RecommendedEpisode.6.Play)]</property>
                            <property name="AudioChannels">$INFO[Window(Home).Property(RecommendedEpisode.6.AudioChannels)]</property>
                            <property name="AudioCodec">$INFO[Window(Home).Property(RecommendedEpisode.6.AudioCodec)]</property>
                            <property name="VideoAspect">$INFO[Window(Home).Property(RecommendedEpisode.6.VideoAspect)]</property>
                            <property name="VideoResolution">$INFO[Window(Home).Property(RecommendedEpisode.6.VideoResolution)]</property>
                            <property name="VideoCodec">$INFO[Window(Home).Property(RecommendedEpisode.6.VideoCodec)]</property>
                            <property name="PercentPlayed">$INFO[Window(Home).Property(RecommendedEpisode.6.PercentPlayed)]</property>
                            <property name="Landscape">$INFO[Window(Home).Property(RecommendedEpisode.6.Art(tvshow.landscape))]</property>
                            <property name="Clearart">$INFO[Window(Home).Property(RecommendedEpisode.6.Art(tvshow.clearart))]</property>
                            <property name="Logo">$INFO[Window(Home).Property(RecommendedEpisode.6.Art(tvshow.clearlogo))]</property>
                            <property name="Banner">$INFO[Window(Home).Property(RecommendedEpisode.6.Art(tvshow.banner))]</property>
                            <property name="Poster">$INFO[Window(Home).Property(RecommendedEpisode.6.Art(tvshow.poster))]</property>
                            <property name="Fanart">$INFO[Window(Home).Property(RecommendedEpisode.6.Art(tvshow.fanart))]</property>
                            <property name="EpisodeNumber">$INFO[Window(Home).Property(RecommendedEpisode.6.EpisodeNo)]</property>
                            <property name="Rating">$INFO[Window(Home).Property(RecommendedEpisode.6.Rating)]</property>
                            <property name="Plot">$INFO[Window(Home).Property(RecommendedEpisode.6.Plot)]</property>
                            <onclick>$INFO[Window(Home).Property(RecommendedEpisode.6.Play)]</onclick>
                            <thumb>$INFO[Window(Home).Property(RecommendedEpisode.6.Art(thumb))]</thumb>
                            <visible>Container(800).HasFocus(2)</visible>
                            </item>
                            <item>
                            <label>$INFO[Window(Home).Property(RecommendedEpisode.7.TVShowTitle)]</label>
                            <label2>$INFO[Window(Home).Property(RecommendedEpisode.7.EpisodeNo)]</label2>
                            <property name="Premiered">$INFO[Window(Home).Property(RecommendedEpisode.7.Premiered)]</property>
                            <property name="RunningTime">$INFO[Window(Home).Property(RecommendedEpisode.7.Runtime)]</property>
                            <property name="Path">$INFO[Window(Home).Property(RecommendedEpisode.7.Play)]</property>
                            <property name="AudioChannels">$INFO[Window(Home).Property(RecommendedEpisode.7.AudioChannels)]</property>
                            <property name="AudioCodec">$INFO[Window(Home).Property(RecommendedEpisode.7.AudioCodec)]</property>
                            <property name="VideoAspect">$INFO[Window(Home).Property(RecommendedEpisode.7.VideoAspect)]</property>
                            <property name="VideoResolution">$INFO[Window(Home).Property(RecommendedEpisode.7.VideoResolution)]</property>
                            <property name="VideoCodec">$INFO[Window(Home).Property(RecommendedEpisode.7.VideoCodec)]</property>
                            <property name="PercentPlayed">$INFO[Window(Home).Property(RecommendedEpisode.7.PercentPlayed)]</property>
                            <property name="Landscape">$INFO[Window(Home).Property(RecommendedEpisode.7.Art(tvshow.landscape))]</property>
                            <property name="Clearart">$INFO[Window(Home).Property(RecommendedEpisode.7.Art(tvshow.clearart))]</property>
                            <property name="Logo">$INFO[Window(Home).Property(RecommendedEpisode.7.Art(tvshow.clearlogo))]</property>
                            <property name="Banner">$INFO[Window(Home).Property(RecommendedEpisode.7.Art(tvshow.banner))]</property>
                            <property name="Poster">$INFO[Window(Home).Property(RecommendedEpisode.7.Art(tvshow.poster))]</property>
                            <property name="Fanart">$INFO[Window(Home).Property(RecommendedEpisode.7.Art(tvshow.fanart))]</property>
                            <property name="EpisodeNumber">$INFO[Window(Home).Property(RecommendedEpisode.7.EpisodeNo)]</property>
                            <property name="Rating">$INFO[Window(Home).Property(RecommendedEpisode.7.Rating)]</property>
                            <property name="Plot">$INFO[Window(Home).Property(RecommendedEpisode.7.Plot)]</property>
                            <onclick>$INFO[Window(Home).Property(RecommendedEpisode.7.Play)]</onclick>
                            <thumb>$INFO[Window(Home).Property(RecommendedEpisode.7.Art(thumb))]</thumb>
                            <visible>Container(800).HasFocus(2)</visible>
                            </item>
                            <item>
                            <label>$INFO[Window(Home).Property(RecommendedEpisode.8.TVShowTitle)]</label>
                            <label2>$INFO[Window(Home).Property(RecommendedEpisode.8.EpisodeNo)]</label2>
                            <property name="Premiered">$INFO[Window(Home).Property(RecommendedEpisode.8.Premiered)]</property>
                            <property name="RunningTime">$INFO[Window(Home).Property(RecommendedEpisode.8.Runtime)]</property>
                            <property name="Path">$INFO[Window(Home).Property(RecommendedEpisode.8.Play)]</property>
                            <property name="AudioChannels">$INFO[Window(Home).Property(RecommendedEpisode.8.AudioChannels)]</property>
                            <property name="AudioCodec">$INFO[Window(Home).Property(RecommendedEpisode.8.AudioCodec)]</property>
                            <property name="VideoAspect">$INFO[Window(Home).Property(RecommendedEpisode.8.VideoAspect)]</property>
                            <property name="VideoResolution">$INFO[Window(Home).Property(RecommendedEpisode.8.VideoResolution)]</property>
                            <property name="VideoCodec">$INFO[Window(Home).Property(RecommendedEpisode.8.VideoCodec)]</property>
                            <property name="PercentPlayed">$INFO[Window(Home).Property(RecommendedEpisode.8.PercentPlayed)]</property>
                            <property name="Landscape">$INFO[Window(Home).Property(RecommendedEpisode.8.Art(tvshow.landscape))]</property>
                            <property name="Clearart">$INFO[Window(Home).Property(RecommendedEpisode.8.Art(tvshow.clearart))]</property>
                            <property name="Logo">$INFO[Window(Home).Property(RecommendedEpisode.8.Art(tvshow.clearlogo))]</property>
                            <property name="Banner">$INFO[Window(Home).Property(RecommendedEpisode.8.Art(tvshow.banner))]</property>
                            <property name="Poster">$INFO[Window(Home).Property(RecommendedEpisode.8.Art(tvshow.poster))]</property>
                            <property name="Fanart">$INFO[Window(Home).Property(RecommendedEpisode.8.Art(tvshow.fanart))]</property>
                            <property name="EpisodeNumber">$INFO[Window(Home).Property(RecommendedEpisode.8.EpisodeNo)]</property>
                            <property name="Rating">$INFO[Window(Home).Property(RecommendedEpisode.8.Rating)]</property>
                            <property name="Plot">$INFO[Window(Home).Property(RecommendedEpisode.8.Plot)]</property>
                            <onclick>$INFO[Window(Home).Property(RecommendedEpisode.8.Play)]</onclick>
                            <thumb>$INFO[Window(Home).Property(RecommendedEpisode.8.Art(thumb))]</thumb>
                            <visible>Container(800).HasFocus(2)</visible>
                            </item>
                            <item>
                            <label>$INFO[Window(Home).Property(RecommendedEpisode.9.TVShowTitle)]</label>
                            <label2>$INFO[Window(Home).Property(RecommendedEpisode.9.EpisodeNo)]</label2>
                            <property name="Premiered">$INFO[Window(Home).Property(RecommendedEpisode.9.Premiered)]</property>
                            <property name="RunningTime">$INFO[Window(Home).Property(RecommendedEpisode.9.Runtime)]</property>
                            <property name="Path">$INFO[Window(Home).Property(RecommendedEpisode.9.Play)]</property>
                            <property name="AudioChannels">$INFO[Window(Home).Property(RecommendedEpisode.9.AudioChannels)]</property>
                            <property name="AudioCodec">$INFO[Window(Home).Property(RecommendedEpisode.9.AudioCodec)]</property>
                            <property name="VideoAspect">$INFO[Window(Home).Property(RecommendedEpisode.9.VideoAspect)]</property>
                            <property name="VideoResolution">$INFO[Window(Home).Property(RecommendedEpisode.9.VideoResolution)]</property>
                            <property name="VideoCodec">$INFO[Window(Home).Property(RecommendedEpisode.9.VideoCodec)]</property>
                            <property name="PercentPlayed">$INFO[Window(Home).Property(RecommendedEpisode.9.PercentPlayed)]</property>
                            <property name="Landscape">$INFO[Window(Home).Property(RecommendedEpisode.9.Art(tvshow.landscape))]</property>
                            <property name="Clearart">$INFO[Window(Home).Property(RecommendedEpisode.9.Art(tvshow.clearart))]</property>
                            <property name="Logo">$INFO[Window(Home).Property(RecommendedEpisode.9.Art(tvshow.clearlogo))]</property>
                            <property name="Banner">$INFO[Window(Home).Property(RecommendedEpisode.9.Art(tvshow.banner))]</property>
                            <property name="Poster">$INFO[Window(Home).Property(RecommendedEpisode.9.Art(tvshow.poster))]</property>
                            <property name="Fanart">$INFO[Window(Home).Property(RecommendedEpisode.9.Art(tvshow.fanart))]</property>
                            <property name="EpisodeNumber">$INFO[Window(Home).Property(RecommendedEpisode.9.EpisodeNo)]</property>
                            <property name="Rating">$INFO[Window(Home).Property(RecommendedEpisode.9.Rating)]</property>
                            <property name="Plot">$INFO[Window(Home).Property(RecommendedEpisode.9.Plot)]</property>
                            <onclick>$INFO[Window(Home).Property(RecommendedEpisode.9.Play)]</onclick>
                            <thumb>$INFO[Window(Home).Property(RecommendedEpisode.9.Art(thumb))]</thumb>
                            <visible>Container(800).HasFocus(2)</visible>
                            </item>
                            <item>
                            <label>$INFO[Window(Home).Property(RecommendedEpisode.10.TVShowTitle)]</label>
                            <label2>$INFO[Window(Home).Property(RecommendedEpisode.10.EpisodeNo)]</label2>
                            <property name="Premiered">$INFO[Window(Home).Property(RecommendedEpisode.10.Premiered)]</property>
                            <property name="RunningTime">$INFO[Window(Home).Property(RecommendedEpisode.10.Runtime)]</property>
                            <property name="Path">$INFO[Window(Home).Property(RecommendedEpisode.10.Play)]</property>
                            <property name="AudioChannels">$INFO[Window(Home).Property(RecommendedEpisode.10.AudioChannels)]</property>
                            <property name="AudioCodec">$INFO[Window(Home).Property(RecommendedEpisode.10.AudioCodec)]</property>
                            <property name="VideoAspect">$INFO[Window(Home).Property(RecommendedEpisode.10.VideoAspect)]</property>
                            <property name="VideoResolution">$INFO[Window(Home).Property(RecommendedEpisode.10.VideoResolution)]</property>
                            <property name="VideoCodec">$INFO[Window(Home).Property(RecommendedEpisode.10.VideoCodec)]</property>
                            <property name="PercentPlayed">$INFO[Window(Home).Property(RecommendedEpisode.10.PercentPlayed)]</property>
                            <property name="Landscape">$INFO[Window(Home).Property(RecommendedEpisode.10.Art(tvshow.landscape))]</property>
                            <property name="Clearart">$INFO[Window(Home).Property(RecommendedEpisode.10.Art(tvshow.clearart))]</property>
                            <property name="Logo">$INFO[Window(Home).Property(RecommendedEpisode.10.Art(tvshow.clearlogo))]</property>
                            <property name="Banner">$INFO[Window(Home).Property(RecommendedEpisode.10.Art(tvshow.banner))]</property>
                            <property name="Poster">$INFO[Window(Home).Property(RecommendedEpisode.10.Art(tvshow.poster))]</property>
                            <property name="Fanart">$INFO[Window(Home).Property(RecommendedEpisode.10.Art(tvshow.fanart))]</property>
                            <property name="EpisodeNumber">$INFO[Window(Home).Property(RecommendedEpisode.10.EpisodeNo)]</property>
                            <property name="Rating">$INFO[Window(Home).Property(RecommendedEpisode.10.Rating)]</property>
                            <property name="Plot">$INFO[Window(Home).Property(RecommendedEpisode.10.Plot)]</property>
                            <onclick>$INFO[Window(Home).Property(RecommendedEpisode.10.Play)]</onclick>
                            <thumb>$INFO[Window(Home).Property(RecommendedEpisode.10.Art(thumb))]</thumb>
                            <visible>Container(800).HasFocus(2)</visible>
                            </item>
                        -->
                        <item>
                            <description>Music: Music</description>
                            <label>2</label>
                            <icon>home/icons/DefaultMusicSongs.png</icon>
                            <onclick>ActivateWindow(Music)</onclick>
                            <visible>Container(800).HasFocus(3)</visible>
                        </item>
                        <item>
                            <description>Music: Music Addons</description>
                            <label>1038</label>
                            <icon>home/icons/DefaultAddonMusic.png</icon>
                            <onclick>ActivateWindow(Music,Addons,return)</onclick>
                            <visible>Container(800).HasFocus(3)</visible>
                        </item>
                        <item>
                            <description>Live TV: TV</description>
                            <label>19020</label>
                            <icon>home/icons/DefaultTVShows.png</icon>
                            <onclick>ActivateWindow(TVChannels)</onclick>
                            <visible>Container(800).HasFocus(4)</visible>
                        </item>
                        <item>
                            <description>Live TV: Radio</description>
                            <label>19021</label>
                            <icon>home/icons/DefaultMusicSongs.png</icon>
                            <onclick>ActivateWindow(RadioChannels)</onclick>
                            <visible>Container(800).HasFocus(4)</visible>
                        </item>
                        <!--
                        <item>
                            <description>Live TV: Recording</description>
                            <label>19163</label>
                            <icon>home/icons/DefaultRecordings.png</icon>
                            <onclick>ActivateWindow(TVRecordings)</onclick>
                            <visible>Container(800).HasFocus(4)</visible>
                        </item>
                        <item>
                            <description>Live TV: Timer</description>
                            <label>19040</label>
                            <icon>home/icons/DefaultTimer.png</icon>
                            <onclick>ActivateWindow(TVTimers)</onclick>
                            <visible>Container(800).HasFocus(4)</visible>
                        </item>
                        <item>
                            <description>Live TV: Search</description>
                            <label>137</label>
                            <icon>home/icons/DefaultSearch.png</icon>
                            <onclick>ActivateWindow(TVSearch)</onclick>
                            <visible>Container(800).HasFocus(4)</visible>
                        </item>
                        -->
                        <item>
                            <description>Misc: Pictures</description>
                            <label>1</label>
                            <icon>home/icons/DefaultPicture.png</icon>
                            <onclick>ActivateWindow(Pictures)</onclick>
                            <visible>Container(800).HasFocus(5)</visible>
                        </item>
                        <item>
                            <description>Misc: Weather</description>
                            <label>8</label>
                            <icon>home/icons/DefaultAddonWeather.png</icon>
                            <onclick>ActivateWindow(Weather,return)</onclick>
                            <visible>Container(800).HasFocus(5)</visible>
                        </item>
                        <item>
                            <description>Misc: Apps</description>
                            <label>31015</label>
                            <icon>home/icons/DefaultAddonProgram.png</icon>
                            <onclick condition="!System.Platform.Android">ActivateWindow(Programs,Addons,return)</onclick>
                            <onclick condition="System.Platform.Android">ActivateWindow(Programs)</onclick>
                            <visible>Container(800).HasFocus(5)</visible>
                        </item>
                        <item>
                            <description>Misc: Addons</description>
                            <label>24001</label>
                            <icon>home/icons/DefaultAddon.png</icon>
                            <onclick>ActivateWindow(AddonBrowser)</onclick>
                            <visible>Container(800).HasFocus(6)</visible>
                        </item>
                        <item>
                            <description>Misc: Settings</description>
                            <label>21417</label>
                            <icon>home/icons/DefaultSetting.png</icon>
                            <onclick>ActivateWindow(Settings)</onclick>
                            <visible>Container(800).HasFocus(6)</visible>
                        </item>
                    </content>
                </control>
                <control type="image">
                    <posx>21</posx>
                    <posy>21</posy>
                    <width>600</width>
                    <height>115</height>
                    <texture flipx="true">dialogs/panel_overlay.png</texture>
                </control>
            </control>
            <control type="group">
                <description>Main Menu</description>
                <posx>0</posx>
                <posy>0</posy>
                <control type="panel" id="800">
                    <posx>21</posx>
                    <posy>21</posy>
                    <width>700</width>
                    <height>805</height>
                    <onleft>9010</onleft>
                    <onright>700</onright>
                    <onup>800</onup>
                    <ondown>800</ondown>
                    <scrolltime>0</scrolltime>
                    <preloaditems>2</preloaditems>
                    <orientation>vertical</orientation>
                    <itemlayout width="700" height="115">
                        <control type="group">
                            <control type="image">
                                <posx>0</posx>
                                <posy>0</posy>
                                <width>700</width>
                                <height>115</height>
                                <texture border="3">dialogs/toast_back_blue.png</texture>
                            </control>
                            <control type="group">
                                <animation type="Focus">
                                    <effect type="fade" start="90" end="100" time="200" tween="sine" easing="in" />
                                </animation>
                                <animation type="Unfocus">
                                    <effect type="fade" start="100" end="90" time="200" tween="sine" easing="out" />
                                </animation>
                                <control type="label">
                                    <posy>0</posy>
                                    <posx>0</posx>
                                    <width>700</width>
                                    <height>115</height>
                                    <font>Medium_Caps3</font>
                                    <info>ListItem.Label</info>
                                    <textcolor>White2</textcolor>
                                    <textoffsetx>15</textoffsetx>
                                </control>
                                <control type="label">
                                    <posy>0</posy>
                                    <posx>700</posx>
                                    <width>700</width>
                                    <height>115</height>
                                    <align>right</align>
                                    <font>Medium_Caps3</font>
                                    <info>ListItem.Label2</info>
                                    <textcolor>White2</textcolor>
                                    <textoffsetx>15</textoffsetx>
                                </control>
                                <control type="image">
                                    <posx>626</posx>
                                    <posy>25</posy>
                                    <width>64</width>
                                    <height>64</height>
                                    <texture>$INFO[ListItem.Icon]</texture>
                                    <colordiffuse>White2</colordiffuse>
                                </control>
                            </control>
                        </control>
                    </itemlayout>
                    <focusedlayout width="700" height="115">
                        <control type="group">
                            <control type="image">
                                <posx>0</posx>
                                <posy>0</posy>
                                <width>700</width>
                                <height>115</height>
                                <texture border="3">dialogs/toast_back_blue.png</texture>
                            </control>
                            <control type="group">
                                <control type="image">
                                    <posx>0</posx>
                                    <posy>0</posy>
                                    <width>700</width>
                                    <height>115</height>
                                    <texture>dialogs/listitem_focus.png</texture>
                                </control>
                                <control type="label">
                                    <posy>0</posy>
                                    <posx>0</posx>
                                    <width>700</width>
                                    <height>115</height>
                                    <font>Medium_Caps3</font>
                                    <info>ListItem.Label</info>
                                    <textoffsetx>15</textoffsetx>
                                </control>
                                <control type="label">
                                    <posy>0</posy>
                                    <posx>700</posx>
                                    <width>700</width>
                                    <height>115</height>
                                    <align>right</align>
                                    <font>Medium_Caps3</font>
                                    <info>ListItem.Label2</info>
                                    <textoffsetx>15</textoffsetx>
                                </control>
                                <control type="image">
                                    <posx>626</posx>
                                    <posy>25</posy>
                                    <width>64</width>
                                    <height>64</height>
                                    <texture>$INFO[ListItem.Icon]</texture>
                                </control>
                            </control>
                        </control>
                    </focusedlayout>
                    <content>
                        <item id="1">
                            <label>20342</label>
                            <icon>home/icons/DefaultMovies.png</icon>
                            <onclick>SetFocus(700)</onclick>
                        </item>
                        <item id="2">
                            <label>20343</label>
                            <icon>home/icons/DefaultTVShows.png</icon>
                            <onclick>SetFocus(700)</onclick>
                        </item>
                        <item id="3">
                            <label>2</label>
                            <icon>home/icons/DefaultMusicSongs.png</icon>
                            <onclick>SetFocus(700)</onclick>
                        </item>
                        <item id="4">
                            <label>31100</label>
                            <icon>home/icons/DefaultTVShows.png</icon>
                            <onclick>SetFocus(700)</onclick>
                        </item>
                        <item id="5">
                            <label>31052</label>
                            <icon>home/icons/DefaultAddonProgram.png</icon>
                            <onclick>SetFocus(700)</onclick>
                        </item>
                        <item id="6">
                            <label>21417</label>
                            <icon>home/icons/DefaultSetting.png</icon>
                            <onclick>SetFocus(700)</onclick>
                        </item>
                    </content>
                </control>
                <control type="image">
                    <description>height = item count * item height</description>
                    <posx>21</posx>
                    <posy>21</posy>
                    <width>700</width>
                    <height>690</height>
                    <texture>dialogs/panel_overlay.png</texture>
                </control>
                <control type="image">
                    <posx>0</posx>
                    <posy>0</posy>
                    <width>742</width>
                    <height>739</height>
                    <texture border="21">thumbs/thumb_shadow.png</texture>
                </control>
            </control>
        </control>
    </include>

    <include name="HomeRSSFeed">
        <control type="group">
            <visible>system.getbool(lookandfeel.enablerssfeeds)</visible>
            <control type="rss" id="1">
                <posx>100</posx>
                <posy>1020</posy>
                <width>1920</width>
                <height>60</height>
                <font>Small</font>
                <textcolor>Floor</textcolor>
                <headlinecolor>Floor</headlinecolor>
                <titlecolor>FF3b647c</titlecolor>
                <scrollspeed>50</scrollspeed>
                <urlset>1</urlset>
            </control>
        </control>
    </include>
</includes>