<?xml version="1.0" encoding="UTF-8"?>
<includes>
    <!-- Included non-default/custom XML files -->
    <include file="Defaults.xml" />
    <include file="Variables.xml" />
    <include file="Includes_Home.xml" />
    <include file="Includes_PVR.xml" />
    <include file="View_50_List.xml" />
    <include file="View_51_Icons.xml" />
    <include file="View_52_ThumbWrap.xml" />
    <include file="View_53_ShowCase.xml" />
    <include file="View_54_InfoList.xml" />
    <include file="View_55_SmallIcons.xml" />
    <include file="View_56_SquareInfoList.xml" />

    <!-- Constants -->
    <constant name="AutoScrollTime">2000</constant>

    <!-- Includes -->
    <include name="HiddenButton">
        <posx>-20</posx>
        <posy>-20</posy>
        <width>1</width>
        <height>1</height>
        <label>-</label>
        <texturenofocus>-</texturenofocus>
        <texturefocus>-</texturefocus>
    </include>

    <include name="Dimensions_Fullscreen">
        <posx>0</posx>
        <posy>0</posy>
        <width>1920</width>
        <height>1080</height>
    </include>

    <include name="WindowID">
        <width>780</width>
        <height>21</height>
        <textcolor>Blue</textcolor>
        <shadowcolor>Black</shadowcolor>
        <align>left</align>
    </include>

    <include name="DialogID">
        <width>780</width>
        <height>21</height>
        <textcolor>Green</textcolor>
        <shadowcolor>Black</shadowcolor>
        <align>left</align>
    </include>

    <include name="PathID">
        <posx>15r</posx>
        <posy>15</posy>
        <width>780</width>
        <height>21</height>
        <textcolor>Blue</textcolor>
        <shadowcolor>Black</shadowcolor>
        <align>right</align>
    </include>

    <include name="ControlID">
        <posx>15r</posx>
        <posy>48</posy>
        <width>780</width>
        <height>21</height>
        <textcolor>Red</textcolor>
        <shadowcolor>Black</shadowcolor>
        <align>right</align>
    </include>

    <include name="GlobalOverlay">
        <control type="image">
            <posx>0</posx>
            <posy>72</posy>
            <width>1920</width>
            <height>1008</height>
            <texture>common/black.png</texture>
            <colordiffuse>AAFFFFFF</colordiffuse>
            <animation type="WindowOpen" reversible="false">
                <effect type="fade" start="0" end="100" time="200" />
            </animation>
            <animation type="WindowClose" reversible="false">
                <effect type="fade" start="100" end="0" time="200" />
            </animation>
        </control>
    </include>

    <include name="GlobalBackground">
        <control type="group">
            <!-- <visible>![[Control.isVisible(50) | Control.isVisible(51) | Control.isVisible(55)] + !Window.IsActive(home)]</visible> -->
            <include>VisibleChangeEffect</include>
            <control type="fadelabel" id="6053">
                <posy>-100</posy>
                <width>3640</width>
                <height>60</height>
                <textcolor>-</textcolor>
                <pauseatend>10000</pauseatend>
                <label>$INFO[Window(Home).Property(RandomMovie.1.Art(fanart))]</label>
                <label>$INFO[Window(Home).Property(RandomMovie.2.Art(fanart))]</label>
                <label>$INFO[Window(Home).Property(RandomMovie.3.Art(fanart))]</label>
                <label>$INFO[Window(Home).Property(RandomMovie.4.Art(fanart))]</label>
                <label>$INFO[Window(Home).Property(RandomMovie.5.Art(fanart))]</label>
                <label>$INFO[Window(Home).Property(RandomMovie.6.Art(fanart))]</label>
                <label>$INFO[Window(Home).Property(RandomMovie.7.Art(fanart))]</label>
                <label>$INFO[Window(Home).Property(RandomMovie.8.Art(fanart))]</label>
                <label>$INFO[Window(Home).Property(RandomMovie.9.Art(fanart))]</label>
                <label>$INFO[Window(Home).Property(RandomMovie.10.Art(fanart))]</label>
                <label>$INFO[Window(Home).Property(RandomMovie.11.Art(fanart))]</label>
                <label>$INFO[Window(Home).Property(RandomMovie.12.Art(fanart))]</label>
                <label>$INFO[Window(Home).Property(RandomMovie.13.Art(fanart))]</label>
                <label>$INFO[Window(Home).Property(RandomMovie.14.Art(fanart))]</label>
                <label>$INFO[Window(Home).Property(RandomMovie.15.Art(fanart))]</label>
                <label>$INFO[Window(Home).Property(RandomMovie.16.Art(fanart))]</label>
                <label>$INFO[Window(Home).Property(RandomMovie.17.Art(fanart))]</label>
                <label>$INFO[Window(Home).Property(RandomMovie.18.Art(fanart))]</label>
                <label>$INFO[Window(Home).Property(RandomMovie.19.Art(fanart))]</label>
                <label>$INFO[Window(Home).Property(RandomMovie.20.Art(fanart))]</label>
                <visible>StringCompare(Skin.String(DefaultBG),1)</visible>
            </control>
            <control type="fadelabel" id="6054">
                <posy>-100</posy>
                <width>3640</width>
                <height>60</height>
                <textcolor>-</textcolor>
                <pauseatend>10000</pauseatend>
                <label>$INFO[Window(Home).Property(RandomAlbum.1.Art(fanart))]</label>
                <label>$INFO[Window(Home).Property(RandomAlbum.2.Art(fanart))]</label>
                <label>$INFO[Window(Home).Property(RandomAlbum.3.Art(fanart))]</label>
                <label>$INFO[Window(Home).Property(RandomAlbum.4.Art(fanart))]</label>
                <label>$INFO[Window(Home).Property(RandomAlbum.5.Art(fanart))]</label>
                <label>$INFO[Window(Home).Property(RandomAlbum.6.Art(fanart))]</label>
                <label>$INFO[Window(Home).Property(RandomAlbum.7.Art(fanart))]</label>
                <label>$INFO[Window(Home).Property(RandomAlbum.8.Art(fanart))]</label>
                <label>$INFO[Window(Home).Property(RandomAlbum.9.Art(fanart))]</label>
                <label>$INFO[Window(Home).Property(RandomAlbum.10.Art(fanart))]</label>
                <label>$INFO[Window(Home).Property(RandomAlbum.11.Art(fanart))]</label>
                <label>$INFO[Window(Home).Property(RandomAlbum.12.Art(fanart))]</label>
                <label>$INFO[Window(Home).Property(RandomAlbum.13.Art(fanart))]</label>
                <label>$INFO[Window(Home).Property(RandomAlbum.14.Art(fanart))]</label>
                <label>$INFO[Window(Home).Property(RandomAlbum.15.Art(fanart))]</label>
                <label>$INFO[Window(Home).Property(RandomAlbum.16.Art(fanart))]</label>
                <label>$INFO[Window(Home).Property(RandomAlbum.17.Art(fanart))]</label>
                <label>$INFO[Window(Home).Property(RandomAlbum.18.Art(fanart))]</label>
                <label>$INFO[Window(Home).Property(RandomAlbum.19.Art(fanart))]</label>
                <label>$INFO[Window(Home).Property(RandomAlbum.20.Art(fanart))]</label>
                <label>$INFO[Window(Home).Property(RandomArtist.1.Art(fanart))]</label>
                <label>$INFO[Window(Home).Property(RandomArtist.2.Art(fanart))]</label>
                <label>$INFO[Window(Home).Property(RandomArtist.3.Art(fanart))]</label>
                <label>$INFO[Window(Home).Property(RandomArtist.4.Art(fanart))]</label>
                <label>$INFO[Window(Home).Property(RandomArtist.5.Art(fanart))]</label>
                <label>$INFO[Window(Home).Property(RandomArtist.6.Art(fanart))]</label>
                <label>$INFO[Window(Home).Property(RandomArtist.7.Art(fanart))]</label>
                <label>$INFO[Window(Home).Property(RandomArtist.8.Art(fanart))]</label>
                <label>$INFO[Window(Home).Property(RandomArtist.9.Art(fanart))]</label>
                <label>$INFO[Window(Home).Property(RandomArtist.10.Art(fanart))]</label>
                <label>$INFO[Window(Home).Property(RandomArtist.11.Art(fanart))]</label>
                <label>$INFO[Window(Home).Property(RandomArtist.12.Art(fanart))]</label>
                <label>$INFO[Window(Home).Property(RandomArtist.13.Art(fanart))]</label>
                <label>$INFO[Window(Home).Property(RandomArtist.14.Art(fanart))]</label>
                <label>$INFO[Window(Home).Property(RandomArtist.15.Art(fanart))]</label>
                <label>$INFO[Window(Home).Property(RandomArtist.16.Art(fanart))]</label>
                <label>$INFO[Window(Home).Property(RandomArtist.17.Art(fanart))]</label>
                <label>$INFO[Window(Home).Property(RandomArtist.18.Art(fanart))]</label>
                <label>$INFO[Window(Home).Property(RandomArtist.19.Art(fanart))]</label>
                <label>$INFO[Window(Home).Property(RandomArtist.20.Art(fanart))]</label>
                <visible>StringCompare(Skin.String(DefaultBG),1)</visible>
            </control>
            <control type="fadelabel" id="6055">
                <posy>-100</posy>
                <width>1920</width>
                <height>60</height>
                <textcolor>-</textcolor>
                <pauseatend>10000</pauseatend>
                <label>$INFO[Window(Home).Property(RandomEpisode.1.Art(tvshow.fanart))]</label>
                <label>$INFO[Window(Home).Property(RandomEpisode.2.Art(tvshow.fanart))]</label>
                <label>$INFO[Window(Home).Property(RandomEpisode.3.Art(tvshow.fanart))]</label>
                <label>$INFO[Window(Home).Property(RandomEpisode.4.Art(tvshow.fanart))]</label>
                <label>$INFO[Window(Home).Property(RandomEpisode.5.Art(tvshow.fanart))]</label>
                <label>$INFO[Window(Home).Property(RandomEpisode.6.Art(tvshow.fanart))]</label>
                <label>$INFO[Window(Home).Property(RandomEpisode.7.Art(tvshow.fanart))]</label>
                <label>$INFO[Window(Home).Property(RandomEpisode.8.Art(tvshow.fanart))]</label>
                <label>$INFO[Window(Home).Property(RandomEpisode.9.Art(tvshow.fanart))]</label>
                <label>$INFO[Window(Home).Property(RandomEpisode.10.Art(tvshow.fanart))]</label>
                <label>$INFO[Window(Home).Property(RandomEpisode.11.Art(tvshow.fanart))]</label>
                <label>$INFO[Window(Home).Property(RandomEpisode.12.Art(tvshow.fanart))]</label>
                <label>$INFO[Window(Home).Property(RandomEpisode.13.Art(tvshow.fanart))]</label>
                <label>$INFO[Window(Home).Property(RandomEpisode.14.Art(tvshow.fanart))]</label>
                <label>$INFO[Window(Home).Property(RandomEpisode.15.Art(tvshow.fanart))]</label>
                <label>$INFO[Window(Home).Property(RandomEpisode.16.Art(tvshow.fanart))]</label>
                <label>$INFO[Window(Home).Property(RandomEpisode.17.Art(tvshow.fanart))]</label>
                <label>$INFO[Window(Home).Property(RandomEpisode.18.Art(tvshow.fanart))]</label>
                <label>$INFO[Window(Home).Property(RandomEpisode.19.Art(tvshow.fanart))]</label>
                <label>$INFO[Window(Home).Property(RandomEpisode.20.Art(tvshow.fanart))]</label>
                <visible>StringCompare(Skin.String(DefaultBG),1)</visible>
            </control>
            <control type="multiimage">
                <include>Dimensions_Fullscreen</include>
                <fadetime>800</fadetime>
                <randomize>true</randomize>
                <imagepath background="true">$VAR[GlobalBackgroundVar]</imagepath>
                <colordiffuse>$VAR[FanartDiffuseVar]</colordiffuse>
            </control>
            <control type="group">
                <control type="group">
                    <posy>132</posy>
                    <posx>120</posx>
                    <visible>Container.Content(movies) + Skin.HasSetting(ShowCase.InfoPanel) + Control.IsVisible(53)</visible>
                    <animation type="WindowOpen" reversible="false">
                        <effect type="fade" start="0" end="100" time="300" />
                    </animation>
                    <animation type="WindowClose" reversible="false">
                        <effect type="fade" start="100" end="0" time="300" />
                    </animation>
                    <animation type="VisibleChange" reversible="false">
                        <effect type="fade" start="0" end="100" time="300" />
                    </animation>
                    <control type="image">
                        <posx>-21</posx>
                        <posy>-21</posy>
                        <width>1718</width>
                        <height>864</height>
                        <texture border="21">thumbs/thumb_shadow.png</texture>
                    </control>
                    <control type="image">
                        <width>1676</width>
                        <height>814</height>
                        <texture border="25">views/showcase/infopanel.png</texture>
                    </control>
                </control>
                <!--
                    <control type="image">
                    <posy>0</posy>
                    <animation effect="slide" start="0,0" end="0,20" time="500" tween="cubic" easing="out" condition="Control.IsVisible(53)">Conditional</animation>
                    <include>Dimensions_Fullscreen</include>
                    <texture border="1">background/floor_back.png</texture>
                    <animation type="WindowOpen" reversible="false">
                    <effect type="fade" start="0" end="100" time="300" />
                    </animation>
                    <animation type="WindowClose" reversible="false">
                    <effect type="fade" start="100" end="0" time="300" />
                    </animation>
                    </control>
                    <control type="image">
                    <posx>185</posx>
                    <posy>740</posy>
                    <width>1550</width>
                    <height>262</height>
                    <texture>background/mid_fade.png</texture>
                    <colordiffuse>$VAR[ThemeColorVar]</colordiffuse>
                    <animation effect="slide" start="0,0" end="0,20" time="500" tween="cubic" easing="out" condition="Control.IsVisible(53)">Conditional</animation>
                    <animation type="WindowOpen" reversible="false">
                    <effect type="fade" start="0" end="100" time="300" />
                    </animation>
                    <animation type="WindowClose" reversible="false">
                    <effect type="fade" start="100" end="0" time="300" />
                    </animation>
                    </control>
                    <control type="image">
                    <posy>160r</posy>
                    <width>1920</width>
                    <height>160</height>
                    <texture>background/bottom_fade_under.png</texture>
                    </control>
                    <control type="image">
                    <posy>219r</posy>
                    <width>1920</width>
                    <height>219</height>
                    <texture>background/bottom_fade.png</texture>
                    </control>
                -->
            </control>
        </control>
    </include>

    <include name="PopUpEffect">
        <animation type="WindowOpen" reversible="false">
            <effect type="zoom" start="80" end="100" center="960,540" easing="out" tween="back" time="200" />
            <effect type="fade" start="0" end="100" time="200" />
        </animation>
        <animation type="WindowClose" reversible="false">
            <effect type="fade" start="100" end="0" time="200" />
            <effect type="zoom" start="100" end="80" center="960,540" easing="in" tween="back" time="200" />
        </animation>
    </include>

    <include name="NotificationCenter">
        <control type="group" id="9010">
            <animation effect="slide" start="0,-80" end="0,0" time="500" tween="cubic" easing="out" delay="200" condition="Window.Previous(startup)">WindowOpen</animation>
            <control type="image">
                <posx>0</posx>
                <posy>0</posy>
                <width>1920</width>
                <height>72</height>
                <texture border="3">dialogs/background_topbar.png</texture>
            </control>
            <control type="image">
                <posx>0</posx>
                <posy>72</posy>
                <width>1920</width>
                <height>38</height>
                <texture border="1">settings/bottom_shadow.png</texture>
            </control>
            <control type="grouplist" id="11111">
                <posx>0</posx>
                <posy>0</posy>
                <width>1920</width>
                <height>68</height>
                <align>left</align>
                <aligny>center</aligny>
                <itemgap>0</itemgap>
                <orientation>horizontal</orientation>
                <onleft>11121</onleft>
                <onright>11121</onright>
                <control type="button">
                    <posx>0</posx>
                    <posy>0</posy>
                    <width>15</width>
                    <height>48</height>
                    <texturenofocus>-</texturenofocus>
                    <texturefocus>-</texturefocus>
                    <onclick>noop</onclick>
                    <enable>no</enable>
                </control>
                <control type="label" id="11112">
                    <posy>0</posy>
                    <posx>0</posx>
                    <height>68</height>
                    <width min="10" max="400">auto</width>
                    <font>Clock</font>
                    <aligny>center</aligny>
                    <textcolor>White2</textcolor>
                    <label>$INFO[System.Time]</label>
                </control>
                <control type="button">
                    <posx>0</posx>
                    <posy>0</posy>
                    <width>15</width>
                    <height>48</height>
                    <texturenofocus>-</texturenofocus>
                    <texturefocus>-</texturefocus>
                    <onclick>noop</onclick>
                    <enable>no</enable>
                </control>
                <control type="group">
                    <width>90</width>
                    <height>68</height>
                    <control type="button" id="11116">
                        <posx>0</posx>
                        <posy>0</posy>
                        <width>90</width>
                        <height>68</height>
                        <onclick>ActivateWindow(favourites)</onclick>
                        <onleft>11115</onleft>
                        <onright>11117</onright>
                        <ondown>$VAR[NotificationButtonActionsVar]</ondown>
                        <include>DefaultButton</include>
                    </control>
                    <control type="image">
                        <posx>21</posx>
                        <posy>9</posy>
                        <width>48</width>
                        <height>48</height>
                        <texture>icons/fav_nf.png</texture>
                    </control>
                </control>
                <control type="group">
                    <width>90</width>
                    <height>68</height>
                    <control type="button" id="11117">
                        <posx>0</posx>
                        <posy>0</posy>
                        <width>90</width>
                        <height>68</height>
                        <onclick>RunScript(script.globalsearch)</onclick>
                        <onleft>11116</onleft>
                        <onright>11118</onright>
                        <ondown>$VAR[NotificationButtonActionsVar]</ondown>
                        <include>DefaultButton</include>
                    </control>
                    <control type="image">
                        <posx>21</posx>
                        <posy>9</posy>
                        <width>48</width>
                        <height>48</height>
                        <texture>icons/search_nf.png</texture>
                    </control>
                </control>
                <control type="group">
                    <width>90</width>
                    <height>68</height>
                    <control type="button" id="11118">
                        <posx>0</posx>
                        <posy>0</posy>
                        <width>90</width>
                        <height>68</height>
                        <onclick>ActivateWindow(shutdownmenu)</onclick>
                        <onleft>11117</onleft>
                        <onright>11123</onright>
                        <ondown>$VAR[NotificationButtonActionsVar]</ondown>
                        <include>DefaultButton</include>
                    </control>
                    <control type="image">
                        <posx>21</posx>
                        <posy>9</posy>
                        <width>48</width>
                        <height>48</height>
                        <texture>icons/power_nf.png</texture>
                    </control>
                </control>
                <control type="group">
                    <description>Back Button</description>
                    <width>90</width>
                    <height>68</height>
                    <visible>!Window.IsActive(home)</visible>
                    <include>NotificationVisibilityEffect</include>
                    <control type="button" id="11123">
                        <posx>0</posx>
                        <posy>0</posy>
                        <width>90</width>
                        <height>68</height>
                        <onclick>Back</onclick>
                        <onleft>11118</onleft>
                        <onright>11119</onright>
                        <ondown>$VAR[NotificationButtonActionsVar]</ondown>
                        <include>DefaultButton</include>
                    </control>
                    <control type="image">
                        <posx>21</posx>
                        <posy>9</posy>
                        <width>48</width>
                        <height>48</height>
                        <texture>icons/arrow_left.png</texture>
                    </control>
                </control>
                <control type="group">
                    <description>Home Button</description>
                    <width>90</width>
                    <height>68</height>
                    <visible>!Window.IsActive(home)</visible>
                    <include>NotificationVisibilityEffect</include>
                    <control type="button" id="11119">
                        <posx>0</posx>
                        <posy>0</posy>
                        <width>90</width>
                        <height>68</height>
                        <onclick>Dialog.Close(all,true)</onclick>
                        <onclick>ActivateWindow(home)</onclick>
                        <onright condition="Window.IsActive(movieinformation)">9</onright>
                        <onright condition="Window.IsActive(musicinformation)">6</onright>
                        <onright condition="Window.IsActive(weather)">2</onright>
                        <onleft>11123</onleft>
                        <onright>11121</onright>
                        <ondown>$VAR[NotificationButtonActionsVar]</ondown>
                        <include>DefaultButton</include>
                    </control>
                    <control type="image">
                        <posx>21</posx>
                        <posy>9</posy>
                        <width>48</width>
                        <height>48</height>
                        <texture>icons/home.png</texture>
                    </control>
                </control>
                <control type="group">
                    <description>Mute Icon</description>
                    <width>90</width>
                    <height>68</height>
                    <visible>Window.IsActive(mutebug)</visible>
                    <include>NotificationVisibilityEffect</include>
                    <control type="button" id="11120">
                        <posx>0</posx>
                        <posy>0</posy>
                        <width>90</width>
                        <height>68</height>
                        <onclick>noop</onclick>
                        <enable>no</enable>
                        <include>DefaultButton</include>
                    </control>
                    <control type="image">
                        <posx>21</posx>
                        <posy>9</posy>
                        <width>48</width>
                        <height>48</height>
                        <texture>icons/mute.png</texture>
                    </control>
                </control>
                <include>NotificationNowPlaying</include>
                <control type="label" id="11112">
                    <posy>0</posy>
                    <posx>0</posx>
                    <height>68</height>
                    <width min="10" max="400">auto</width>
                    <font>Clock</font>
                    <aligny>center</aligny>
                    <textcolor>Blue2</textcolor>
                    <label>$INFO[ListItem.SortLetter]</label>
                    <visible>Container.Scrolling</visible>
                    <animation type="VisibleChange" reversible="false">
                        <effect type="fade" start="0" end="100" time="200" />
                    </animation>
                </control>
            </control>
            <control type="grouplist" id="11121">
                <posx>0</posx>
                <posy>0</posy>
                <width>1920</width>
                <align>right</align>
                <itemgap>0</itemgap>
                <orientation>horizontal</orientation>
                <onleft condition="Window.IsActive(home)">11118</onleft>
                <onleft condition="!Window.IsActive(home)">11119</onleft>
                <onright>11115</onright>
                <control type="label">
                    <description>Busy label</description>
                    <width min="100" max="450">auto</width>
                    <height>68</height>
                    <aligny>center</aligny>
                    <label>$LOCALIZE[20186]...</label>
                    <textcolor>White2</textcolor>
                    <visible>Window.IsVisible(busydialog)</visible>
                </control>
                <control type="group">
                    <width>72</width>
                    <height>68</height>
                    <visible>Window.IsVisible(busydialog)</visible>
                    <control type="image">
                        <description>Busy animation</description>
                        <posx>12</posx>
                        <posy>9</posy>
                        <width>48</width>
                        <height>48</height>
                        <texture>dialogs/busy_in.png</texture>
                        <aspectratio>keep</aspectratio>
                        <animation effect="rotate" start="0" end="360" center="auto" time="2000" loop="true" condition="true">conditional</animation>
                    </control>
                    <control type="image">
                        <description>Busy animation</description>
                        <posx>12</posx>
                        <posy>9</posy>
                        <width>48</width>
                        <height>48</height>
                        <texture>dialogs/busy_out.png</texture>
                        <aspectratio>keep</aspectratio>
                        <animation effect="rotate" start="360" end="0" center="auto" time="2000" loop="true" condition="true">conditional</animation>
                    </control>
                </control>
                <control type="group">
                    <description>Media Menu Button</description>
                    <width>90</width>
                    <height>68</height>
                    <visible>Control.IsVisible(9999)</visible>
                    <control type="button" id="11122">
                        <posx>0</posx>
                        <posy>0</posy>
                        <width>90</width>
                        <height>68</height>
                        <onclick condition="IsEmpty(Window(Home).property(MediaMenu))">SetProperty(MediaMenu,True,Home)</onclick>
                        <onclick condition="IsEmpty(Window(Home).property(MediaMenu))">SetFocus(9999)</onclick>
                        <onclick condition="!IsEmpty(Window(Home).property(MediaMenu))">ClearProperty(MediaMenu,Home)</onclick>
                        <onleft condition="Window.IsActive(movieinformation)">10</onleft>
                        <onleft condition="Window.IsActive(weather)">2</onleft>
                        <onleft condition="Window.IsActive(home)">11118</onleft>
                        <onleft condition="!Window.IsActive(home)">11119</onleft>
                        <onright>11115</onright>
                        <ondown>$VAR[NotificationButtonActionsVar]</ondown>
                        <include>DefaultButton</include>
                    </control>
                    <control type="image">
                        <posx>21</posx>
                        <posy>9</posy>
                        <width>48</width>
                        <height>48</height>
                        <texture>icons/menu_nf.png</texture>
                    </control>
                </control>
            </control>
            <include>NotificationCenterProgress</include>
        </control>
    </include>

    <include name="NotificationCenterProgress">
        <control type="group">
            <visible>Player.HasMedia</visible>
            <control type="progress">
                <description>Progress Bar</description>
                <posx>0</posx>
                <posy>1070</posy>
                <width>1920</width>
                <height>23</height>
                <info>Player.ProgressCache</info>
                <visible>true</visible>
                <texturebg border="2">settings/texturebg_cache.png</texturebg>
                <midtexture border="1">common/texturesliderbar.png</midtexture>
                <righttexture border="1">common/texturesliderbar.png</righttexture>
            </control>
            <control type="progress" id="23">
                <description>Progress Bar</description>
                <posx>0</posx>
                <posy>1070</posy>
                <width>1920</width>
                <height>23</height>
                <info>Player.Progress</info>
                <visible>true</visible>
                <texturebg border="2">settings/texturebg_cache.png</texturebg>
                <righttexture border="0,0,26,0">-</righttexture>
                <colordiffuse>Blue2</colordiffuse>
            </control>
        </control>
    </include>

    <include name="NotificationNowPlaying">
        <control type="group">
            <width>900</width>
            <height>69</height>
            <visible>Player.HasMedia + !Window.IsVisible(busydialog) + !Window.IsVisible(infodialog)</visible>
            <control type="button">
                <posx>0</posx>
                <posy>0</posy>
                <width>90</width>
                <height>69</height>
                <onclick>ActivateWindow(PlayerControls)</onclick>
            </control>
            <control type="image">
                <description>Now Playing - Paused</description>
                <posx>21</posx>
                <posy>9</posy>
                <width>48</width>
                <height>48</height>
                <texture>icons/pause.png</texture>
                <include>NotificationVisibilityEffect</include>
                <visible>Player.Paused</visible>
            </control>
            <control type="image">
                <description>Now Playing - Play</description>
                <posx>21</posx>
                <posy>9</posy>
                <width>48</width>
                <height>48</height>
                <texture>icons/play.png</texture>
                <include>NotificationVisibilityEffect</include>
                <visible>!Player.Paused</visible>
            </control>
            <control type="button">
                <posx>90</posx>
                <posy>0</posy>
                <width>800</width>
                <height>69</height>
                <onclick>ActivateWindow(musicplaylist)</onclick>
                <enable>Player.HasAudio</enable>
            </control>
            <control type="group">
                <visible>!Window.IsActive(DialogExtendedProgressBar.xml)</visible>
                <posx>33</posx>
                <animation effect="slide" start="0,-80" end="0,0" time="500" tween="cubic" easing="out">VisibleChange</animation>
                <control type="label">
                    <posy>6</posy>
                    <posx>72</posx>
                    <height>32</height>
                    <width min="10" max="800">auto</width>
                    <font>Small_Caps</font>
                    <textcolor>$VAR[ThemeColorVar]</textcolor>
                    <aligny>center</aligny>
                    <label>$INFO[Player.Title]</label>
                    <visible>!IsEmpty(Control.GetLabel(11200))</visible>
                </control>
                <control type="label">
                    <posy>17</posy>
                    <posx>72</posx>
                    <height>32</height>
                    <width min="10" max="800">auto</width>
                    <font>Small_Caps</font>
                    <textcolor>$VAR[ThemeColorVar]</textcolor>
                    <aligny>center</aligny>
                    <label>$INFO[Player.Title]</label>
                    <visible>IsEmpty(Control.GetLabel(11200))</visible>
                </control>
                <control type="label" id="11200">
                    <posy>36</posy>
                    <posx>72</posx>
                    <height>32</height>
                    <width min="10" max="800">auto</width>
                    <font>Medium_Small_Caps</font>
                    <aligny>center</aligny>
                    <textcolor>White2</textcolor>
                    <label>$VAR[NotificationNowPlaying.Label2]</label>
                </control>
            </control>
        </control>
    </include>
    <include name="NotificationVisibilityEffect">
        <animation type="Visible">
            <effect type="fade" start="0" end="100" tween="sine" easing="inout" time="300" />
            <effect type="zoom" start="50" end="100" center="auto" tween="sine" easing="inout" time="300" />
        </animation>
        <animation type="Hidden">
            <effect type="fade" start="100" end="0" tween="sine" easing="inout" time="300" />
            <effect type="zoom" start="100" end="50" center="auto" tween="sine" easing="inout" time="300" />
        </animation>
    </include>

    <include name="WindowEffect">
        <animation type="WindowOpen" reversible="false" condition="Window.Previous(home)">
            <effect type="zoom" start="200" end="100" center="960,540" easing="out" tween="cubic" time="300" />
            <effect type="fade" start="0" end="100" time="300" />
        </animation>
        <animation type="WindowClose" reversible="false" condition="Window.Next(home)">
            <effect type="zoom" start="100" end="200" center="960,540" easing="in" tween="cubic" time="300" />
            <effect type="fade" start="100" end="0" time="300" />
        </animation>
        <animation type="WindowOpen" reversible="false" condition="![Window.Previous(home)]">
            <effect type="fade" start="0" end="100" time="200" />
        </animation>
        <animation type="WindowClose" reversible="false" condition="![Window.Next(home)]">
            <effect type="fade" start="100" end="0" time="200" />
        </animation>
    </include>

    <include name="DialogEffect">
        <animation type="WindowOpen" reversible="false">
            <effect type="fade" start="0" end="100" time="200" />
        </animation>
        <animation type="WindowClose" reversible="false">
            <effect type="fade" start="100" end="0" time="200" />
        </animation>
    </include>

    <include name="NotificationEffect">
        <animation effect="slide" start="0,-80" end="0,0" time="500" tween="cubic" easing="out" delay="200">WindowOpen</animation>
        <animation effect="slide" end="0,-80" start="0,0" time="500" tween="cubic" easing="out" delay="200">WindowClose</animation>
    </include>

    <include name="VisibleChangeEffect">
        <animation effect="fade" time="200">Visible</animation>
        <animation effect="fade" time="200">Hidden</animation>
    </include>

    <include name="MediaMenuGrouplist">
        <posx>1510</posx>
        <posy>72</posy>
        <width>414</width>
        <height>900</height>
        <itemgap>0</itemgap>
        <onleft>ClearProperty(MediaMenu,Home)</onleft>
        <onleft>50</onleft>
        <onright>ClearProperty(MediaMenu,Home)</onright>
        <onright>50</onright>
        <onup>9999</onup>
        <ondown>9999</ondown>
        <onback>ClearProperty(MediaMenu,Home)</onback>
        <onback>50</onback>
        <orientation>vertical</orientation>
        <animation type="Conditional" reversible="false" condition="!IsEmpty(Window(Home).Property(MediaMenu))">
            <effect type="zoom" start="0" end="100" center="auto" easing="out" tween="cubic" time="200" />
            <effect type="fade" start="0" end="100" time="200" />
        </animation>
        <animation type="Conditional" reversible="false" condition="IsEmpty(Window(Home).Property(MediaMenu))">
            <effect type="zoom" start="100" end="0" center="auto" easing="in" tween="cubic" time="200" />
            <effect type="fade" start="100" end="0" time="200" />
        </animation>
    </include>

    <include name="MediaMenuReset">
        <onunload>ClearProperty(MediaMenu,Home)</onunload>
    </include>

    <include name="MediaMenuOverlay">
        <control type="button">
            <description>Touch Overlay</description>
            <posy>0</posy>
            <posx>0</posx>
            <width>1920</width>
            <height>1080</height>
            <include>NoTextureButton</include>
            <onclick>ClearProperty(MediaMenu,Home)</onclick>
            <visible>!IsEmpty(Window(Home).Property(MediaMenu))</visible>
        </control>
    </include>

    <include name="MediaMenuButton">
        <width>414</width>
        <align>left</align>
        <radioposx>340</radioposx>
        <texturefocus border="14,0,14,0">dialogs/contextmenu_focus.png</texturefocus>
        <texturenofocus border="14,0,14,2">dialogs/contextmenu_nofocus.png</texturenofocus>
        <alttexturefocus border="14,0,14,0">dialogs/contextmenu_focus.png</alttexturefocus>
        <alttexturenofocus border="14,0,14,2">dialogs/contextmenu_nofocus.png</alttexturenofocus>
        <onclick>ClearProperty(MediaMenu,Home)</onclick>
    </include>

    <include name="MediaMenuBottomButton">
        <control type="button" id="9001">
            <description>Viewtype settings</description>
            <width>414</width>
            <label>31016</label>
            <onclick>noop</onclick>
            <aligny>top</aligny>
            <textoffsety>6</textoffsety>
            <texturefocus border="14,14,14,3">dialogs/contextmenu_bottom.png</texturefocus>
            <texturenofocus border="14,14,14,3">dialogs/contextmenu_bottom.png</texturenofocus>
            <disabledcolor>$VAR[ThemeColorVar]</disabledcolor>
            <enable>no</enable>
        </control>
    </include>

    <include name="NumericKeyboardKey">
        <posx>0</posx>
        <posy>0</posy>
        <width>147</width>
        <height>108</height>
        <font>Large</font>
        <align>center</align>
        <texturenofocus border="10">keyboard/key_nf.png</texturenofocus>
        <texturefocus border="10">keyboard/key_fo.png</texturefocus>
        <textoffsetx>8</textoffsetx>
    </include>

    <include name="NumericKeyboardKeyDark">
        <posx>0</posx>
        <posy>0</posy>
        <width>147</width>
        <height>108</height>
        <font>Large</font>
        <align>center</align>
        <texturenofocus border="10">keyboard/key_dark_nf.png</texturenofocus>
        <texturefocus border="10">keyboard/key_fo.png</texturefocus>
        <textoffsetx>8</textoffsetx>
    </include>

    <include name="KeyboardKey">
        <posx>0</posx>
        <posy>0</posy>
        <width>120</width>
        <height>85</height>
        <font>Medium</font>
        <align>center</align>
        <texturenofocus border="10">keyboard/key_nf.png</texturenofocus>
        <texturefocus border="10">keyboard/key_fo.png</texturefocus>
        <textoffsetx>8</textoffsetx>
    </include>

    <include name="KeyboardKeyDark">
        <posx>0</posx>
        <posy>0</posy>
        <width>120</width>
        <height>85</height>
        <font>Medium</font>
        <align>center</align>
        <texturenofocus border="10">keyboard/key_dark_nf.png</texturenofocus>
        <texturefocus border="10">keyboard/key_fo.png</texturefocus>
        <textoffsetx>8</textoffsetx>
    </include>

    <include name="KeyboardRadio">
        <posx>0</posx>
        <posy>0</posy>
        <width>120</width>
        <height>85</height>
        <font>Medium</font>
        <align>left</align>
        <texturenofocus border="10">keyboard/key_dark_nf.png</texturenofocus>
        <texturefocus border="10">keyboard/key_fo.png</texturefocus>
        <textoffsetx>18</textoffsetx>
        <radioposy>0</radioposy>
        <radioposx>0</radioposx>
        <radioposy>5</radioposy>
        <radiowidth>30</radiowidth>
        <radioheight>30</radioheight>
    </include>

    <include name="MediaFlagVars">
        <width>135</width>
        <height>90</height>
        <aspectratio>keep</aspectratio>
        <fadetime>250</fadetime>
        <colordiffuse>$VAR[FloorDiffuseVar]</colordiffuse>
        <animation effect="fade" time="200">VisibleChange</animation>
    </include>

    <include name="toast_back">
        <texture border="3">dialogs/toast_back_blue.png</texture>
    </include>

    <include name="FloorFlagsBack">
        <control type="grouplist">
            <posx>0</posx>
            <posy>90r</posy>
            <width>1920</width>
            <align>center</align>
            <orientation>horizontal</orientation>
            <itemgap>0</itemgap>
            <control type="image">
                <width>240</width>
                <height>90</height>
                <include>toast_back</include>
            </control>
            <control type="image">
                <width>240</width>
                <height>90</height>
                <include>toast_back</include>
            </control>
            <control type="image">
                <width>240</width>
                <height>90</height>
                <include>toast_back</include>
            </control>
            <control type="image">
                <width>240</width>
                <height>90</height>
                <include>toast_back</include>
            </control>
            <control type="image">
                <width>240</width>
                <height>90</height>
                <include>toast_back</include>
            </control>
            <control type="image">
                <width>240</width>
                <height>90</height>
                <include>toast_back</include>
            </control>
            <control type="image">
                <width>240</width>
                <height>90</height>
                <include>toast_back</include>
            </control>
            <control type="image">
                <width>240</width>
                <height>90</height>
                <include>toast_back</include>
            </control>
        </control>
    </include>

    <include name="BreadcrumbsLabel">
        <control type="group">
            <visible>!Control.IsVisible(53)</visible>
            <control type="button" id="14000">
                <posx>20</posx>
                <posy>75r</posy>
                <width>1880</width>
                <height>90</height>                
                <label>$VAR[BreadcrumbsVar]$INFO[Container.FolderName]</label>
                <label2>$INFO[Container.NumItems,, $LOCALIZE[31027]]</label2>
                <aligny>top</aligny>
                <textoffsety>28</textoffsety>
                <textoffsetx>18</textoffsetx>
                <texturenofocus border="18">-</texturenofocus>
                <disabledcolor>White2</disabledcolor>
                <enable>no</enable>
                <visible>![Control.IsVisible(50) | Control.IsVisible(51) | Control.IsVisible(55)]</visible>
                <include>WindowEffect</include>
            </control>
            <control type="button" id="14002">
                <posx>20</posx>
                <posy>75r</posy>
                <width>1880</width>
                <height>90</height>
                <label>$VAR[BreadcrumbsVar]$INFO[Container.FolderName]</label>
                <label2>$INFO[Container.NumItems,, $LOCALIZE[31027]]</label2>
                <textoffsetx>18</textoffsetx>
                <disabledcolor>White2</disabledcolor>
                <enable>no</enable>
                <visible>[Control.IsVisible(50) | Control.IsVisible(51) | Control.IsVisible(55)] + ![Control.IsVisible(14003)]</visible>
                <include>WindowEffect</include>
            </control>
            <control type="button" id="14003">
                <posx>20</posx>
                <posy>75r</posy>
                <width>1880</width>
                <height>90</height>
                <label>$INFO[ListItem.Label]</label>
                <label2>$INFO[ListItem.Label2]</label2>
                <textoffsetx>18</textoffsetx>
                <disabledcolor>White2</disabledcolor>
                <enable>no</enable>
                <visible>[[Control.IsVisible(51) + !Container.Content(episodes)] | Control.IsVisible(55)] + !System.IdleTime(10)</visible>
            </control>
        </control>
    </include>

    <include name="DialogBack">
        <texture border="4">dialogs/background_grey.png</texture>
        <bordertexture border="21">thumbs/thumb_shadow.png</bordertexture>
        <bordersize>21</bordersize>
    </include>

    <include name="SliderControl">
	    <control type="group" id="4010">
	    	<description>Slider Control</description>
	        <posx>0</posx>
	        <posy>984</posy>
	        <animation type="VisibleChange" reversible="false">
	            <effect type="fade" start="0" end="100" time="200" />
	        </animation>
	        <control type="image">
	            <posx>0</posx>
	            <posy>-184</posy>
	            <width>1920</width>
	            <height>280</height>
	            <texture>views/landscape/shade.png</texture>
	        </control>
	        <control type="label">
	            <posx>300</posx>
	            <posy>0</posy>
	            <width>256</width>
	            <height>96</height>
	            <align>right</align>
	            <font>Medium_Caps3</font>
	            <textcolor>White2</textcolor>
	            <label>$INFO[Player.Time]</label>
	            <textoffsetx>30</textoffsetx>
	        </control>
	        <control type="label">
	            <posx>1600</posx>
	            <posy>0</posy>
	            <width>1600</width>
	            <height>96</height>
	            <font>Medium_Caps3</font>
	            <label>$VAR[TimeRemainingVar]</label>
	            <textcolor>White2</textcolor>
	            <textoffsetx>30</textoffsetx>
	        </control>
	        <control type="progress">
	            <description>Progress Bar</description>
	            <posx>290</posx>
	            <posy>40</posy>
	            <width>1320</width>
	            <info>Player.ProgressCache</info>
	            <visible>true</visible>
	            <midtexture border="1">common/texturesliderbar.png</midtexture>
	            <righttexture border="1">common/texturesliderbar.png</righttexture>
	        </control>
	        <control type="progress" id="23">
	            <description>Progress Bar</description>
	            <posx>290</posx>
	            <posy>40</posy>
	            <width>1320</width>
	            <info>Player.Progress</info>
	            <visible>true</visible>
	            <texturebg border="2">settings/texturebg_cache.png</texturebg>
	            <righttexture border="0,0,26,0">-</righttexture>
	            <colordiffuse>Blue2</colordiffuse>
	        </control>
	        <control type="slider" id="24">
	            <description>Seekbar</description>
	            <posx>290</posx>
	            <posy>20</posy>
	            <width>1320</width>
	            <height>66</height>
	            <texturesliderbar border="2">settings/texturebg_slider.png</texturesliderbar>
	            <textureslidernib>osd/slider_nf.png</textureslidernib>
	            <textureslidernibfocus>osd/slider.png</textureslidernibfocus>
	            <controloffsetx>0</controloffsetx>
	            <controloffsety>0</controloffsety>
	            <action>seek</action>
	            <info>player.progress</info>
	            <visible>true</visible>
	            <colordiffuse>Blue2</colordiffuse>
	        </control>
	    </control>
	</include>
	
    <include name="ShutdownMenuButton">
        <texturefocus border="14,0,14,2">dialogs/shutdown_focus.png</texturefocus>
        <texturenofocus border="14,0,14,2">dialogs/shutdown_nofocus.png</texturenofocus>
    </include>

    <include name="VideoOSDButton">
        <width>96</width>
        <height>96</height>
        <font>-</font>
        <texturenofocus border="3" flipx="true">dialogs/toast_back_blue.png</texturenofocus>
        <texturefocus>dialogs/listitem_focus.png</texturefocus>
    </include>

    <include name="NoTextureButton">
        <texturenofocus></texturenofocus>
        <texturefocus></texturefocus>
    </include>

    <include name="DefaultButton">
        <texturenofocus></texturenofocus>
        <texturefocus>dialogs/button_focus.png</texturefocus>
    </include>

    <include name="TouchOverlay">
        <posy>0</posy>
        <posx>0</posx>
        <width>1920</width>
        <height>1080</height>
        <include>NoTextureButton</include>
    </include>
</includes>
