<?xml version="1.0" encoding="utf-8"?>
<includes>
    <include name="PVRGuideViews">
          <include>PVRGuideViewTimeline</include>
          <include>PVRGuideViewNow</include>
          <include>PVRGuideViewNext</include>
          <include>PVRGuideViewChannel</include>
    </include>
    
    <!-- ID: 10 -->
    <include name="PVRGuideViewTimeline">
        <control type="group" id="100">
            <description>TV Guide Timeline</description>
            <control type="group">
                <visible>Control.IsVisible(10)</visible>
                <posy>72</posy>
                <control type="image">
                    <posx>30</posx>
                    <posy>40</posy>
                    <width>490</width>
                    <height>879</height>
                    <texture>dialogs/background_dark.png</texture>
                    <colordiffuse>BBFFFFFF</colordiffuse>
                </control>
                <control type="image">
                    <posx>520</posx>
                    <posy>40</posy>
                    <width>1405</width>
                    <height>879</height>
                    <texture>dialogs/background_grey.png</texture>
                    <colordiffuse>BBFFFFFF</colordiffuse>
                </control>
                <control type="epggrid" id="10">
                    <description>EPG Grid</description>
                    <viewtype label="19032">list</viewtype>
                    <posx>50</posx>
                    <posy>60</posy>
                    <width>1890</width>
                    <height>859</height>
                    <pagecontrol>10</pagecontrol>
                    <scrolltime>250</scrolltime>
                    <timeblocks>40</timeblocks>
                    <rulerunit>6</rulerunit>
                    <onleft>9001</onleft>
                    <onright>9001</onright>
                    <onup>10</onup>
                    <ondown>10</ondown>
                    <rulerlayout height="60" width="40">
                        <control type="label" id="2">
                            <posx>15</posx>
                            <posy>0</posy>
                            <width>10</width>
                            <height>30</height>
                            <font>Small</font>
                            <textcolor>White2</textcolor>
                            <selectedcolor>White</selectedcolor>
                            <align>left</align>
                            <aligny>center</aligny>
                            <label>$INFO[ListItem.Label]</label>
                        </control>
                    </rulerlayout>
                    <channellayout height="80" width="470">
                        <!--
                            <control type="image">
                            <posx>0</posx>
                            <posy>1</posy>
                            <width>500</width>
                            <height>79</height>
                            <texture>views/other/selected.png</texture>
                            <aspectratio aligny="top">center</aspectratio>
                            <visible>ListItem.IsSelected | ListItem.IsPlaying</visible>
                            </control>
                        -->
                        <control type="image">
                            <posx>10</posx>
                            <posy>5</posy>
                            <width>70</width>
                            <height>70</height>
                            <texture background="true" fallback="icons/channel.png">$VAR[ListItem.Icon]</texture>
                            <aspectratio>keep</aspectratio>
                        </control>
                        <control type="label">
                            <description>Label</description>
                            <posx>95</posx>
                            <posy>0</posy>
                            <width>385</width>
                            <height>80</height>
                            <font>Smaller</font>
                            <align>left</align>
                            <label>$INFO[ListItem.ChannelName]</label>
                            <textcolor>White2</textcolor>
                            <selectedcolor>White</selectedcolor>
                            <scroll>false</scroll>
                        </control>
                        <control type="label">
                            <description>ChannelNumber</description>
                            <posx>0</posx>
                            <posy>0</posy>
                            <width>450</width>
                            <height>80</height>
                            <font>Small</font>
                            <align>right</align>
                            <label>$INFO[ListItem.ChannelNumber]</label>
                            <textcolor>White2</textcolor>
                            <selectedcolor>White</selectedcolor>
                            <scroll>false</scroll>
                        </control>
                    </channellayout>
                    <focusedchannellayout height="80" width="470">
                        <!--
                            <control type="image">
                            <posx>0</posx>
                            <posy>1</posy>
                            <width>500</width>
                            <height>79</height>
                            <texture>views/other/selected.png</texture>
                            <aspectratio aligny="top">center</aspectratio>
                            <visible>ListItem.IsSelected | ListItem.IsPlaying</visible>
                            </control>
                        -->
                        <control type="image">
                            <width>465</width>
                            <height>80</height>
                            <texture>dialogs/listitem_focus.png</texture>
                            <visible>Control.HasFocus(10)</visible>
                        </control>
                        <control type="image">
                            <posx>10</posx>
                            <posy>5</posy>
                            <width>70</width>
                            <height>70</height>
                            <texture background="true" fallback="icons/channel.png">$VAR[ListItem.Icon]</texture>
                            <aspectratio>keep</aspectratio>
                        </control>
                        <control type="label">
                            <description>Label</description>
                            <posx>95</posx>
                            <posy>0</posy>
                            <width>385</width>
                            <height>80</height>
                            <font>Smaller</font>
                            <align>left</align>
                            <label>$INFO[ListItem.ChannelName]</label>
                            <textcolor>White2</textcolor>
                            <selectedcolor>White</selectedcolor>
                            <scroll>false</scroll>
                            <animation effect="fade" start="100" end="64" time="300" tween="sine" easing="inout" condition="!Control.HasFocus(10) + ![ListItem.IsSelected | ListItem.IsPlaying]">Conditional</animation>
                        </control>
                        <control type="label">
                            <description>ChannelNumber</description>
                            <posx>0</posx>
                            <posy>0</posy>
                            <width>450</width>
                            <height>80</height>
                            <font>Small</font>
                            <align>right</align>
                            <label>$INFO[ListItem.ChannelNumber]</label>
                            <textcolor>White2</textcolor>
                            <selectedcolor>White</selectedcolor>
                            <animation effect="fade" start="100" end="64" time="300" tween="sine" easing="inout" condition="!Control.HasFocus(10) + ![ListItem.IsSelected | ListItem.IsPlaying]">Conditional</animation>
                        </control>
                    </focusedchannellayout>
                    <itemlayout height="80" width="100">
                        <control type="image" id="2">
                            <posx>0</posx>
                            <posy>0</posy>
                            <width>100</width>
                            <height>80</height>
                            <aspectratio>stretch</aspectratio>
                            <texture border="4">dialogs/epg_item_nofocus.png</texture>
                        </control>
                        <!--
                            <control type="image" id="2">
                            <posx>2</posx>
                            <posy>0</posy>
                            <width>98</width>
                            <height>80</height>
                            <aspectratio>stretch</aspectratio>
                            <texture border="12" fallback="windows/pvr/genres/0.png">$INFO[ListItem.Property(GenreType),windows/pvr/genres/,.png]</texture>
                            </control>
                        -->
                        <control type="label" id="1">
                            <posx>22</posx>
                            <posy>0</posy>
                            <width>56</width>
                            <height>78</height>
                            <font>Smaller</font>
                            <aligny>center</aligny>
                            <textcolor>White2</textcolor>
                            <selectedcolor>White</selectedcolor>
                            <align>left</align>
                            <label>$INFO[ListItem.Label]</label>
                            <scroll>false</scroll>
                            <visible>!ListItem.IsRecording + !ListItem.HasTimer</visible>
                        </control>
                        <control type="label" id="1">
                            <posx>53</posx>
                            <posy>0</posy>
                            <width>0</width>
                            <height>78</height>
                            <font>Font-Condensed-S34</font>
                            <aligny>center</aligny>
                            <textcolor>77white</textcolor>
                            <textoffsetx>11</textoffsetx>
                            <selectedcolor>77white</selectedcolor>
                            <shadowcolor>22000000</shadowcolor>
                            <align>left</align>
                            <label>$INFO[ListItem.Label]</label>
                            <scroll>false</scroll>
                            <visible>ListItem.IsRecording | ListItem.HasTimer</visible>
                        </control>
                        <!--
                            <control type="group">
                            <visible>ListItem.IsRecording</visible>
                            <control type="image">
                            <posx>2</posx>
                            <posy>0</posy>
                            <width>66</width>
                            <height>80</height>
                            <texture>windows/pvr/epg-recording.png</texture>
                            </control>
                            <control type="image">
                            <posx>2</posx>
                            <posy>0</posy>
                            <width>66</width>
                            <height>80</height>
                            <texture>windows/pvr/epg-recording-pulse.png</texture>
                            <animation effect="fade" start="75" end="100" time="1500" tween="sine" easing="in" pulse="true" condition="true">Conditional</animation>
                            </control>
                            </control>
                            <control type="image">
                            <posx>2</posx>
                            <posy>0</posy>
                            <width>66</width>
                            <height>80</height>
                            <texture>windows/pvr/epg-timer.png</texture>
                            <visible>ListItem.HasTimer + !ListItem.IsRecording</visible>
                            </control>
                        -->
                    </itemlayout>
                    <focusedlayout height="80" width="100">
                        <control type="image" id="2">
                            <posx>0</posx>
                            <posy>0</posy>
                            <width>100</width>
                            <height>80</height>
                            <aspectratio>stretch</aspectratio>
                            <texture border="4">dialogs/epg_item_focus.png</texture>
                        </control>
                        <!--
                            <control type="image" id="2">
                            <posx>-3</posx>
                            <posy>-5</posy>
                            <width>108</width>
                            <height>90</height>
                            <aspectratio>stretch</aspectratio>
                            <texture border="12" fallback="windows/pvr/genres/0-fo.png">$INFO[ListItem.Property(GenreType),windows/pvr/genres/,-fo.png]</texture>
                            <visible>Skin.HasSetting(EPGGenreColors.Enabled)</visible>
                            </control>
                        -->
                        <control type="progress" id="2">
                            <posx>0</posx>
                            <posy>0</posy>
                            <width>98</width>
                            <height>80</height>
                            <reveal>true</reveal>
                            <texturebg>dialogs/epg_item_focus.png</texturebg>
                            <lefttexture>-</lefttexture>
                            <midtexture border="4">dialogs/epg_item_progress.png</midtexture>
                            <righttexture>-</righttexture>
                            <info>ListItem.Progress</info>
                        </control>
                        <control type="label" id="1">
                            <posx>22</posx>
                            <posy>0</posy>
                            <width>56</width>
                            <height>78</height>
                            <font>Smaller</font>
                            <aligny>center</aligny>
                            <textcolor>White2</textcolor>
                            <selectedcolor>White</selectedcolor>
                            <align>left</align>
                            <label>$INFO[ListItem.Label]</label>
                            <scroll>false</scroll>
                            <visible>!ListItem.IsRecording + !ListItem.HasTimer</visible>
                        </control>
                        <control type="label" id="1">
                            <posx>53</posx>
                            <posy>0</posy>
                            <width>0</width>
                            <height>78</height>
                            <font>Smaller</font>
                            <aligny>center</aligny>
                            <textcolor>White2</textcolor>
                            <textoffsetx>11</textoffsetx>
                            <selectedcolor>White</selectedcolor>
                            <shadowcolor>22000000</shadowcolor>
                            <align>left</align>
                            <label>$INFO[ListItem.Label]</label>
                            <scroll>false</scroll>
                            <visible>ListItem.IsRecording | ListItem.HasTimer</visible>
                        </control>
                        <!--
                            <control type="group">
                            <visible>ListItem.IsRecording</visible>
                            <control type="image">
                            <posx>2</posx>
                            <posy>0</posy>
                            <width>66</width>
                            <height>80</height>
                            <texture>windows/pvr/epg-recording.png</texture>
                            </control>
                            <control type="image">
                            <posx>2</posx>
                            <posy>0</posy>
                            <width>66</width>
                            <height>80</height>
                            <texture>windows/pvr/epg-recording-pulse.png</texture>
                            <animation effect="fade" start="65" end="100" time="750" tween="sine" easing="in" pulse="true" condition="true">Conditional</animation>
                            </control>
                            </control>
                            <control type="image">
                            <posx>2</posx>
                            <posy>0</posy>
                            <width>66</width>
                            <height>80</height>
                            <texture>windows/pvr/epg-timer.png</texture>
                            <visible>ListItem.HasTimer + !ListItem.IsRecording</visible>
                            </control>
                        -->
                    </focusedlayout>
                </control>
                <control type="image">
                    <description>Vertical Separator</description>
                    <posx>519</posx>
                    <posy>40</posy>
                    <width>1</width>
                    <height>879</height>
                    <texture>common/grey.png</texture>
                </control>
                <control type="image">
                    <description>Header Line</description>
                    <posx>30</posx>
                    <posy>112</posy>
                    <width>1890</width>
                    <height>2</height>
                    <texture>common/blue2.png</texture>
                </control>
            </control>
        </control>
    </include>
    
    <!-- ID: 11 -->
    <include name="PVRGuideViewNow">
        <control type="group" id="110">
            <description>Guide Now + Next</description>
            <control type="group">
                <visible>Control.IsVisible(11)</visible>
                <posy>72</posy>
                <control type="image">
                    <posx>30</posx>
                    <posy>40</posy>
                    <width>992</width>
                    <height>899</height>
                    <texture>dialogs/background_dark.png</texture>
                    <colordiffuse>BBFFFFFF</colordiffuse>
                </control>
                <control type="list" id="11">
                    <viewtype label="19030">list</viewtype>
                    <posx>30</posx>
                    <posy>40</posy>
                    <width>992</width>
                    <height>899</height>
                    <pagecontrol>60</pagecontrol>
                    <onleft>9010</onleft>
                    <onright>60</onright>
                    <onup>11</onup>
                    <ondown>11</ondown>
                    <viewtype label="535">list</viewtype>
                    <preloaditems>2</preloaditems>
                    <scrolltime tween="cubic" easing="out">500</scrolltime>
                    <include>PVRView_ListItemLayoutGuide</include>
                </control>
                <control type="scrollbar" id="60">
                    <description>Scrollbar</description>
                    <posx>1016</posx>
                    <posy>40</posy>
                    <height>899</height>
                    <width>6</width>
                    <onleft>11</onleft>
                    <onright>11122</onright>
                    <texturesliderbar>dialogs/scrollbar.png</texturesliderbar>
                    <texturesliderbarfocus>dialogs/scrollbar.png</texturesliderbarfocus>
                    <orientation>vertical</orientation>
                    <showonepage>false</showonepage>
                    <animation effect="fade" start="65" end="0" time="300" tween="sine" easing="inout" condition="!Control.IsVisible(9772) + !Control.HasFocus(60)">Conditional</animation>
                    <visible>Control.IsVisible(11)</visible>
                </control>
                <control type="group">
                    <description>Channel Info</description>
                    <posx>1022</posx>
                    <posy>40</posy>
                    <control type="image">
                        <width>868</width>
                        <height>899</height>
                        <texture>dialogs/background_grey.png</texture>
                        <colordiffuse>EFFFFFFF</colordiffuse>
                    </control>
                    <control type="group">
                        <visible>Container(11).ListItem.HasEpg</visible>
                        <control type="label">
                            <posx>30</posx>
                            <posy>20</posy>
                            <width>806</width>
                            <font>Medium_Caps3</font>
                            <label>$INFO[Container(11).ListItem.Title]</label>
                            <textcolor>White</textcolor>
                            <shadowcolor>22000000</shadowcolor>
                            <scroll>false</scroll>
                        </control>
                        <control type="label">
                            <posx>30</posx>
                            <posy>80</posy>
                            <width>806</width>
                            <font>Smaller</font>
                            <label>$INFO[Container(11).ListItem.StartTime,$LOCALIZE[142] ,]$INFO[Container(11).ListItem.EndTime, - ]$INFO[Container(11).ListItem.StartDate, • ]</label>
                            <textcolor>White2</textcolor>
                            <shadowcolor>22000000</shadowcolor>
                            <scroll>false</scroll>
                        </control>
                        <control type="label">
                            <posx>30</posx>
                            <posy>125</posy>
                            <width>806</width>
                            <font>Smaller</font>
                            <label>$INFO[Container(11).ListItem.NextTitle,$LOCALIZE[19031]: ,]</label>
                            <textcolor>White2</textcolor>
                            <shadowcolor>22000000</shadowcolor>
                            <scroll>false</scroll>
                        </control>
                        <control type="textbox">
                            <description>Plot</description>
                            <posx>30</posx>
                            <posy>200</posy>
                            <width>806</width>
                            <height>550</height>
                            <info>Container(11).ListItem.Plot</info>
                            <align>justify</align>
                            <textcolor>White</textcolor>
                            <shadowcolor>33000000</shadowcolor>
                            <autoscroll delay="13000" time="3000" repeat="13000">True</autoscroll>
                            <font>Normal</font>
                        </control>
                        <control type="label">
                            <description>Empty Plot</description>
                            <visible>IsEmpty(Container(11).ListItem.Plot)</visible>
                            <posx>30</posx>
                            <posy>300</posy>
                            <width>806</width>
                            <height>72</height>
                            <font>Medium_Caps3</font>
                            <label>$LOCALIZE[19055]</label>
                            <textcolor>White</textcolor>
                            <shadowcolor>22000000</shadowcolor>
                            <scroll>false</scroll>
                            <align>center</align>
                            <aligny>center</aligny>
                        </control>
                        <control type="label">
                            <posx>30</posx>
                            <posy>820</posy>
                            <height>60</height>
                            <width>766</width>
                            <font>Medium_Bold_Floor_Caps</font>
                            <label>$INFO[Container(11).ListItem.Genre]</label>
                            <textcolor>77FFFFFF</textcolor>
                            <shadowcolor>22000000</shadowcolor>
                            <scroll>false</scroll>
                        </control>
                    </control>
                    <control type="label">
                        <visible>!Container(11).ListItem.HasEpg</visible>
                        <posx>30</posx>
                        <posy>300</posy>
                        <width>766</width>
                        <height>72</height>
                        <font>Medium_Caps3</font>
                        <label>$LOCALIZE[19055]</label>
                        <textcolor>White</textcolor>
                        <shadowcolor>22000000</shadowcolor>
                        <scroll>false</scroll>
                        <align>center</align>
                        <aligny>center</aligny>
                    </control>
                </control>
            </control>
        </control>
    </include>
    
    <!-- ID: 12 -->
    <include name="PVRGuideViewNext">
        <control type="group" id="110">
            <description>Guide Now + Next</description>
            <control type="group">
                <visible>Control.IsVisible(12)</visible>
                <posy>72</posy>
                <control type="image">
                    <posx>30</posx>
                    <posy>40</posy>
                    <width>992</width>
                    <height>899</height>
                    <texture>dialogs/background_dark.png</texture>
                    <colordiffuse>BBFFFFFF</colordiffuse>
                </control>
                <control type="list" id="12">
                    <viewtype label="19031">list</viewtype>
                    <posx>30</posx>
                    <posy>40</posy>
                    <width>992</width>
                    <height>899</height>
                    <pagecontrol>60</pagecontrol>
                    <onleft>9010</onleft>
                    <onright>60</onright>
                    <onup>12</onup>
                    <ondown>12</ondown>
                    <viewtype label="535">list</viewtype>
                    <preloaditems>2</preloaditems>
                    <scrolltime tween="cubic" easing="out">500</scrolltime>
                    <include>PVRView_ListItemLayoutGuide</include>
                </control>
                <control type="scrollbar" id="60">
                    <description>Scrollbar</description>
                    <posx>1016</posx>
                    <posy>40</posy>
                    <height>899</height>
                    <width>6</width>
                    <onleft>12</onleft>
                    <onright>11122</onright>
                    <texturesliderbar>dialogs/scrollbar.png</texturesliderbar>
                    <texturesliderbarfocus>dialogs/scrollbar.png</texturesliderbarfocus>
                    <orientation>vertical</orientation>
                    <showonepage>false</showonepage>
                    <animation effect="fade" start="65" end="0" time="300" tween="sine" easing="inout" condition="!Control.IsVisible(9772) + !Control.HasFocus(60)">Conditional</animation>
                    <visible>Control.IsVisible(12)</visible>
                </control>
                <control type="group">
                    <description>Channel Info</description>
                    <posx>1022</posx>
                    <posy>40</posy>
                    <control type="image">
                        <width>868</width>
                        <height>899</height>
                        <texture>dialogs/background_grey.png</texture>
                        <colordiffuse>EFFFFFFF</colordiffuse>
                    </control>
                    <control type="group">
                        <visible>Container(12).ListItem.HasEpg</visible>
                        <control type="label">
                            <posx>30</posx>
                            <posy>20</posy>
                            <width>806</width>
                            <font>Medium_Caps3</font>
                            <label>$INFO[Container(12).ListItem.Title]</label>
                            <textcolor>White</textcolor>
                            <shadowcolor>22000000</shadowcolor>
                            <scroll>false</scroll>
                        </control>
                        <control type="label">
                            <posx>30</posx>
                            <posy>80</posy>
                            <width>806</width>
                            <font>Smaller</font>
                            <label>$INFO[Container(12).ListItem.StartTime,$LOCALIZE[142] ,]$INFO[Container(12).ListItem.EndTime, - ]$INFO[Container(12).ListItem.StartDate, • ]</label>
                            <textcolor>White2</textcolor>
                            <shadowcolor>22000000</shadowcolor>
                            <scroll>false</scroll>
                        </control>
                        <control type="label">
                            <posx>30</posx>
                            <posy>125</posy>
                            <width>806</width>
                            <font>Smaller</font>
                            <label>$INFO[Container(12).ListItem.NextTitle,$LOCALIZE[19031]: ,]</label>
                            <textcolor>White2</textcolor>
                            <shadowcolor>22000000</shadowcolor>
                            <scroll>false</scroll>
                        </control>
                        <control type="textbox">
                            <description>Plot</description>
                            <posx>30</posx>
                            <posy>200</posy>
                            <width>806</width>
                            <height>550</height>
                            <info>Container(12).ListItem.Plot</info>
                            <align>justify</align>
                            <textcolor>White</textcolor>
                            <shadowcolor>33000000</shadowcolor>
                            <autoscroll delay="13000" time="3000" repeat="13000">True</autoscroll>
                            <font>Normal</font>
                        </control>
                        <control type="label">
                            <description>Empty Plot</description>
                            <visible>IsEmpty(Container(12).ListItem.Plot)</visible>
                            <posx>30</posx>
                            <posy>300</posy>
                            <width>806</width>
                            <height>72</height>
                            <font>Medium_Caps3</font>
                            <label>$LOCALIZE[19055]</label>
                            <textcolor>White</textcolor>
                            <shadowcolor>22000000</shadowcolor>
                            <scroll>false</scroll>
                            <align>center</align>
                            <aligny>center</aligny>
                        </control>
                        <control type="label">
                            <posx>30</posx>
                            <posy>820</posy>
                            <height>60</height>
                            <width>766</width>
                            <font>Medium_Bold_Floor_Caps</font>
                            <label>$INFO[Container(12).ListItem.Genre]</label>
                            <textcolor>77FFFFFF</textcolor>
                            <shadowcolor>22000000</shadowcolor>
                            <scroll>false</scroll>
                        </control>
                    </control>
                    <control type="label">
                        <visible>!Container(12).ListItem.HasEpg</visible>
                        <posx>30</posx>
                        <posy>300</posy>
                        <width>766</width>
                        <height>72</height>
                        <font>Medium_Caps3</font>
                        <label>$LOCALIZE[19055]</label>
                        <textcolor>White</textcolor>
                        <shadowcolor>22000000</shadowcolor>
                        <scroll>false</scroll>
                        <align>center</align>
                        <aligny>center</aligny>
                    </control>
                </control>
            </control>
        </control>
    </include>

    <!-- ID: 13 -->
    <include name="PVRGuideViewChannel">
        <control type="group" id="110">
            <description>Guide Playing Channel</description>
            <control type="group">
                <visible>Control.IsVisible(13)</visible>
                <posy>72</posy>
                <control type="image">
                    <posx>30</posx>
                    <posy>40</posy>
                    <width>992</width>
                    <height>899</height>
                    <texture>dialogs/background_dark.png</texture>
                    <colordiffuse>BBFFFFFF</colordiffuse>
                </control>
                <control type="list" id="13">
                    <viewtype label="19029">list</viewtype>
                    <posx>30</posx>
                    <posy>40</posy>
                    <width>992</width>
                    <height>899</height>
                    <pagecontrol>60</pagecontrol>
                    <onleft>9010</onleft>
                    <onright>60</onright>
                    <onup>13</onup>
                    <ondown>13</ondown>
                    <viewtype label="535">list</viewtype>
                    <preloaditems>2</preloaditems>
                    <scrolltime tween="cubic" easing="out">500</scrolltime>
                    <include>PVRView_ListItemLayout</include>
                </control>
                <control type="scrollbar" id="60">
                    <description>Scrollbar</description>
                    <posx>1016</posx>
                    <posy>40</posy>
                    <height>899</height>
                    <width>6</width>
                    <onleft>13</onleft>
                    <onright>11122</onright>
                    <texturesliderbar>dialogs/scrollbar.png</texturesliderbar>
                    <texturesliderbarfocus>dialogs/scrollbar.png</texturesliderbarfocus>
                    <orientation>vertical</orientation>
                    <showonepage>false</showonepage>
                    <animation effect="fade" start="65" end="0" time="300" tween="sine" easing="inout" condition="!Control.IsVisible(9772) + !Control.HasFocus(60)">Conditional</animation>
                    <visible>Control.IsVisible(13)</visible>
                </control>
                <control type="group">
                    <description>Channel Info</description>
                    <posx>1022</posx>
                    <posy>40</posy>
                    <control type="image">
                        <width>868</width>
                        <height>899</height>
                        <texture>dialogs/background_grey.png</texture>
                        <colordiffuse>EFFFFFFF</colordiffuse>
                    </control>
                    <control type="group">
                        <visible>Container(13).ListItem.HasEpg</visible>
                        <control type="label">
                            <posx>30</posx>
                            <posy>20</posy>
                            <width>806</width>
                            <font>Medium_Caps3</font>
                            <label>$INFO[Container(13).ListItem.Title]</label>
                            <textcolor>White</textcolor>
                            <shadowcolor>22000000</shadowcolor>
                            <scroll>false</scroll>
                        </control>
                        <control type="label">
                            <posx>30</posx>
                            <posy>80</posy>
                            <width>806</width>
                            <font>Smaller</font>
                            <label>$INFO[Container(13).ListItem.StartTime,$LOCALIZE[142] ,]$INFO[Container(13).ListItem.EndTime, - ]$INFO[Container(13).ListItem.StartDate, • ]</label>
                            <textcolor>White2</textcolor>
                            <shadowcolor>22000000</shadowcolor>
                            <scroll>false</scroll>
                        </control>
                        <control type="label">
                            <posx>30</posx>
                            <posy>125</posy>
                            <width>806</width>
                            <font>Smaller</font>
                            <label>$INFO[Container(13).ListItem.NextTitle,$LOCALIZE[19031]: ,]</label>
                            <textcolor>White2</textcolor>
                            <shadowcolor>22000000</shadowcolor>
                            <scroll>false</scroll>
                        </control>
                        <control type="textbox">
                            <description>Plot</description>
                            <posx>30</posx>
                            <posy>200</posy>
                            <width>806</width>
                            <height>550</height>
                            <info>Container(13).ListItem.Plot</info>
                            <align>justify</align>
                            <textcolor>White</textcolor>
                            <shadowcolor>33000000</shadowcolor>
                            <autoscroll delay="13000" time="3000" repeat="13000">True</autoscroll>
                            <font>Normal</font>
                        </control>
                        <control type="label">
                            <description>Empty Plot</description>
                            <visible>IsEmpty(Container(13).ListItem.Plot)</visible>
                            <posx>30</posx>
                            <posy>300</posy>
                            <width>806</width>
                            <height>72</height>
                            <font>Medium_Caps3</font>
                            <label>$LOCALIZE[19055]</label>
                            <textcolor>White</textcolor>
                            <shadowcolor>22000000</shadowcolor>
                            <scroll>false</scroll>
                            <align>center</align>
                            <aligny>center</aligny>
                        </control>
                        <control type="label">
                            <posx>30</posx>
                            <posy>820</posy>
                            <height>60</height>
                            <width>766</width>
                            <font>Medium_Bold_Floor_Caps</font>
                            <label>$INFO[Container(13).ListItem.Genre]</label>
                            <textcolor>77FFFFFF</textcolor>
                            <shadowcolor>22000000</shadowcolor>
                            <scroll>false</scroll>
                        </control>
                    </control>
                    <control type="label">
                        <visible>!Container(13).ListItem.HasEpg</visible>
                        <posx>30</posx>
                        <posy>300</posy>
                        <width>766</width>
                        <height>72</height>
                        <font>Medium_Caps3</font>
                        <label>$LOCALIZE[19055]</label>
                        <textcolor>White</textcolor>
                        <shadowcolor>22000000</shadowcolor>
                        <scroll>false</scroll>
                        <align>center</align>
                        <aligny>center</aligny>
                    </control>
                </control>
            </control>
        </control>
    </include>

    <include name="PVRView_ListItemLayoutChannel">
        <itemlayout height="100">
            <control type="image">
                <posx>0</posx>
                <posy>0</posy>
                <width>992</width>
                <height>100</height>
                <texture>dialogs/listitem_nofocus.png</texture>
            </control>
            <control type="image">
                <posx>20</posx>
                <posy>8</posy>
                <width>80</width>
                <height>80</height>
                <texture background="true" fallback="icons/channel.png">$VAR[ListItem.Icon]</texture>
                <aspectratio>keep</aspectratio>
            </control>
            <control type="label">
                <description>ChannelNumber</description>
                <posx>0</posx>
                <posy>0</posy>
                <width>972</width>
                <height>96</height>
                <font>Clock</font>
                <align>right</align>
                <label>$VAR[ListItem.ChannelNumber]</label>
                <textcolor>44FFFFFF</textcolor>
                <scroll>false</scroll>
            </control>
            <control type="label">
                <description>Label</description>
                <posx>120</posx>
                <posy>0</posy>
                <width>735</width>
                <height>96</height>
                <font>Medium_Bold_Floor_Caps</font>
                <align>left</align>
                <label>$VAR[ListItem.Label]</label>
                <textcolor>White2</textcolor>
                <scroll>false</scroll>
                <visible>!ListItem.HasEpg</visible>
            </control>
            <control type="group">
                <visible>ListItem.HasEpg</visible>
                <control type="progress">
                    <posx>8</posx>
                    <posy>80</posy>
                    <width>80</width>
                    <height>20</height>
                    <reveal>true</reveal>
                    <texturebg>settings/texturebg_cache.png</texturebg>
                    <info>ListItem.Progress</info>
                    <colordiffuse>Selected</colordiffuse>
                </control>
                <control type="label">
                    <description>Label</description>
                    <posx>120</posx>
                    <posy>0</posy>
                    <width>735</width>
                    <height>58</height>
                    <font>Medium</font>
                    <align>left</align>
                    <label>$VAR[ListItem.Label]</label>
                    <textcolor>White2</textcolor>
                    <scroll>false</scroll>
                </control>
                <control type="label">
                    <description>Title</description>
                    <posx>120</posx>
                    <posy>44</posy>
                    <width>735</width>
                    <height>50</height>
                    <font>Medium_Small</font>
                    <align>left</align>
                    <label>$VAR[ListItem.Title]</label>
                    <textcolor>White</textcolor>
                    <scroll>false</scroll>
                </control>
            </control>
            <!--
                <control type="group">
                <visible>ListItem.IsRecording</visible>
                <control type="image">
                <posx>820</posx>
                <posy>8</posy>
                <width>66</width>
                <height>80</height>
                <texture>windows/pvr/epg-recording.png</texture>
                </control>
                <control type="image">
                <posx>820</posx>
                <posy>8</posy>
                <width>66</width>
                <height>80</height>
                <texture>windows/pvr/epg-recording-pulse.png</texture>
                <animation effect="fade" start="65" end="100" time="750" tween="sine" easing="in" pulse="true" condition="true">Conditional</animation>
                </control>
                </control>
                <control type="image">
                <posx>820</posx>
                <posy>8</posy>
                <width>66</width>
                <height>80</height>
                <texture>windows/pvr/epg-timer.png</texture>
                <visible>ListItem.HasTimer + !ListItem.IsRecording</visible>
                </control>
            -->
        </itemlayout>
        <focusedlayout height="100">
            <control type="image">
                <posx>0</posx>
                <posy>0</posy>
                <width>992</width>
                <height>100</height>
                <texture>dialogs/listitem_nofocus.png</texture>
            </control>
            <control type="image">
                <posx>0</posx>
                <posy>0</posy>
                <width>992</width>
                <height>100</height>
                <texture>dialogs/listitem_focus.png</texture>
            </control>
            <control type="image">
                <posx>20</posx>
                <posy>8</posy>
                <width>80</width>
                <height>80</height>
                <texture background="true" fallback="icons/channel.png">$VAR[ListItem.Icon]</texture>
                <aspectratio>keep</aspectratio>
            </control>
            <control type="label">
                <description>ChannelNumber</description>
                <posx>0</posx>
                <posy>0</posy>
                <width>972</width>
                <height>96</height>
                <font>Clock</font>
                <align>right</align>
                <label>$VAR[ListItem.ChannelNumber]</label>
                <textcolor>44FFFFFF</textcolor>
                <scroll>false</scroll>
            </control>
            <control type="label">
                <description>Label</description>
                <posx>120</posx>
                <posy>0</posy>
                <width>735</width>
                <height>96</height>
                <font>Medium_Bold_Floor_Caps</font>
                <align>left</align>
                <label>$VAR[ListItem.Label]</label>
                <textcolor>White2</textcolor>
                <scroll>false</scroll>
                <visible>!ListItem.HasEpg</visible>
            </control>
            <control type="group">
                <visible>ListItem.HasEpg</visible>
                <control type="progress">
                    <posx>8</posx>
                    <posy>80</posy>
                    <width>80</width>
                    <height>20</height>
                    <reveal>true</reveal>
                    <texturebg>settings/texturebg_cache.png</texturebg>
                    <info>ListItem.Progress</info>
                    <colordiffuse>Selected</colordiffuse>
                </control>
                <control type="label">
                    <description>Label</description>
                    <posx>120</posx>
                    <posy>0</posy>
                    <width>735</width>
                    <height>58</height>
                    <font>Medium</font>
                    <align>left</align>
                    <label>$VAR[ListItem.Label]</label>
                    <textcolor>White2</textcolor>
                    <scroll>false</scroll>
                </control>
                <control type="label">
                    <description>Title</description>
                    <posx>120</posx>
                    <posy>44</posy>
                    <width>735</width>
                    <height>50</height>
                    <font>Medium_Small</font>
                    <align>left</align>
                    <label>$VAR[ListItem.Title]</label>
                    <textcolor>White</textcolor>
                    <scroll>false</scroll>
                </control>
            </control>
            <!--
                <control type="group">
                <visible>ListItem.IsRecording</visible>
                <control type="image">
                <posx>820</posx>
                <posy>8</posy>
                <width>66</width>
                <height>80</height>
                <texture>windows/pvr/epg-recording.png</texture>
                </control>
                <control type="image">
                <posx>820</posx>
                <posy>8</posy>
                <width>66</width>
                <height>80</height>
                <texture>windows/pvr/epg-recording-pulse.png</texture>
                <animation effect="fade" start="65" end="100" time="750" tween="sine" easing="in" pulse="true" condition="true">Conditional</animation>
                </control>
                </control>
                <control type="image">
                <posx>820</posx>
                <posy>8</posy>
                <width>66</width>
                <height>80</height>
                <texture>windows/pvr/epg-timer.png</texture>
                <visible>ListItem.HasTimer + !ListItem.IsRecording</visible>
                </control>
            -->
        </focusedlayout>
    </include>

    <include name="PVRView_ListItemLayoutGuide">
        <itemlayout height="100">
            <control type="image">
                <posx>0</posx>
                <posy>0</posy>
                <width>992</width>
                <height>100</height>
                <texture>dialogs/listitem_nofocus.png</texture>
            </control>
            <control type="image">
                <posx>20</posx>
                <posy>8</posy>
                <width>80</width>
                <height>80</height>
                <texture background="true" fallback="icons/channel.png">$VAR[ListItem.Icon]</texture>
                <aspectratio>keep</aspectratio>
                <visible>ListItem.HasEpg</visible>
            </control>
            <control type="progress">
                <posx>8</posx>
                <posy>80</posy>
                <width>80</width>
                <height>20</height>
                <reveal>true</reveal>
                <texturebg>settings/texturebg_cache.png</texturebg>
                <info>ListItem.Progress</info>
                <colordiffuse>Selected</colordiffuse>
            </control>
            <control type="label">
                <description>Label</description>
                <posx>20</posx>
                <posy>0</posy>
                <width>735</width>
                <height>96</height>
                <font>Medium_Bold_Floor_Caps</font>
                <align>left</align>
                <label>$VAR[ListItem.Label]</label>
                <textcolor>White2</textcolor>
                <scroll>false</scroll>
                <visible>!ListItem.HasEpg</visible>
            </control>
            <control type="label">
                <description>Label</description>
                <posx>120</posx>
                <posy>0</posy>
                <width>735</width>
                <height>58</height>
                <font>Medium</font>
                <align>left</align>
                <label>$VAR[ListItem.Label]</label>
                <textcolor>White2</textcolor>
                <scroll>false</scroll>
                <visible>ListItem.HasEpg</visible>
            </control>
            <control type="label">
                <description>Title</description>
                <posx>120</posx>
                <posy>44</posy>
                <width>735</width>
                <height>50</height>
                <font>Medium_Small</font>
                <align>left</align>
                <label>$VAR[ListItem.StartTime]$VAR[ListItem.EndTime, - ]$VAR[ListItem.ChannelName, • ]</label>
                <textcolor>White</textcolor>
                <scroll>false</scroll>
                <visible>ListItem.HasEpg</visible>
            </control>
            <!--
                <control type="group">
                <visible>ListItem.IsRecording</visible>
                <control type="image">
                <posx>820</posx>
                <posy>8</posy>
                <width>66</width>
                <height>80</height>
                <texture>windows/pvr/epg-recording.png</texture>
                </control>
                <control type="image">
                <posx>820</posx>
                <posy>8</posy>
                <width>66</width>
                <height>80</height>
                <texture>windows/pvr/epg-recording-pulse.png</texture>
                <animation effect="fade" start="65" end="100" time="750" tween="sine" easing="in" pulse="true" condition="true">Conditional</animation>
                </control>
                </control>
                <control type="image">
                <posx>820</posx>
                <posy>8</posy>
                <width>66</width>
                <height>80</height>
                <texture>windows/pvr/epg-timer.png</texture>
                <visible>ListItem.HasTimer + !ListItem.IsRecording</visible>
                </control>
            -->
        </itemlayout>
        <focusedlayout height="100">
            <control type="image">
                <posx>0</posx>
                <posy>0</posy>
                <width>992</width>
                <height>100</height>
                <texture>dialogs/listitem_nofocus.png</texture>
            </control>
            <control type="image">
                <posx>0</posx>
                <posy>0</posy>
                <width>992</width>
                <height>100</height>
                <texture>dialogs/listitem_focus.png</texture>
            </control>
            <control type="image">
                <posx>20</posx>
                <posy>8</posy>
                <width>80</width>
                <height>80</height>
                <texture background="true" fallback="icons/channel.png">$VAR[ListItem.Icon]</texture>
                <aspectratio>keep</aspectratio>
                <visible>ListItem.HasEpg</visible>
            </control>
            <control type="progress">
                <posx>8</posx>
                <posy>80</posy>
                <width>80</width>
                <height>20</height>
                <reveal>true</reveal>
                <texturebg>settings/texturebg_cache.png</texturebg>
                <info>ListItem.Progress</info>
                <colordiffuse>Selected</colordiffuse>
            </control>
            <control type="label">
                <description>Label</description>
                <posx>20</posx>
                <posy>0</posy>
                <width>735</width>
                <height>96</height>
                <font>Medium_Bold_Floor_Caps</font>
                <align>left</align>
                <label>$VAR[ListItem.Label]</label>
                <textcolor>White2</textcolor>
                <scroll>false</scroll>
                <visible>!ListItem.HasEpg</visible>
            </control>
            <control type="label">
                <description>Label</description>
                <posx>120</posx>
                <posy>0</posy>
                <width>735</width>
                <height>58</height>
                <font>Medium</font>
                <align>left</align>
                <label>$VAR[ListItem.Label]</label>
                <textcolor>White2</textcolor>
                <scroll>false</scroll>
                <visible>ListItem.HasEpg</visible>
            </control>
            <control type="label">
                <description>Time + Channel</description>
                <posx>120</posx>
                <posy>44</posy>
                <width>735</width>
                <height>50</height>
                <font>Medium_Small</font>
                <align>left</align>
                <label>$VAR[ListItem.StartTime]$VAR[ListItem.EndTime, - ]$VAR[ListItem.ChannelName, • ]</label>
                <textcolor>White</textcolor>
                <scroll>false</scroll>
                <visible>ListItem.HasEpg</visible>
            </control>
            <!--
                <control type="group">
                <visible>ListItem.IsRecording</visible>
                <control type="image">
                <posx>820</posx>
                <posy>8</posy>
                <width>66</width>
                <height>80</height>
                <texture>windows/pvr/epg-recording.png</texture>
                </control>
                <control type="image">
                <posx>820</posx>
                <posy>8</posy>
                <width>66</width>
                <height>80</height>
                <texture>windows/pvr/epg-recording-pulse.png</texture>
                <animation effect="fade" start="65" end="100" time="750" tween="sine" easing="in" pulse="true" condition="true">Conditional</animation>
                </control>
                </control>
                <control type="image">
                <posx>820</posx>
                <posy>8</posy>
                <width>66</width>
                <height>80</height>
                <texture>windows/pvr/epg-timer.png</texture>
                <visible>ListItem.HasTimer + !ListItem.IsRecording</visible>
                </control>
            -->
        </focusedlayout>
    </include>

    <include name="PVRView_ListItemLayout">
        <itemlayout height="100">
            <control type="image">
                <posx>0</posx>
                <posy>0</posy>
                <width>992</width>
                <height>100</height>
                <texture>dialogs/listitem_nofocus.png</texture>
            </control>
            <control type="label">
                <description>Label</description>
                <posx>20</posx>
                <posy>0</posy>
                <width>735</width>
                <height>96</height>
                <font>Medium_Bold_Floor_Caps</font>
                <align>left</align>
                <label>$VAR[ListItem.Label]</label>
                <textcolor>White2</textcolor>
                <scroll>false</scroll>
                <visible>!ListItem.HasEpg</visible>
            </control>
            <control type="label">
                <description>Label</description>
                <posx>20</posx>
                <posy>0</posy>
                <width>735</width>
                <height>58</height>
                <font>Medium</font>
                <align>left</align>
                <label>$VAR[ListItem.Label]</label>
                <textcolor>White2</textcolor>
                <scroll>false</scroll>
                <visible>ListItem.HasEpg</visible>
            </control>
            <control type="label">
                <description>Time + Genre</description>
                <posx>20</posx>
                <posy>44</posy>
                <width>735</width>
                <height>50</height>
                <font>Medium_Small</font>
                <align>left</align>
                <label>$VAR[ListItem.StartTime]$VAR[ListItem.EndTime, - ]$VAR[ListItem.Genre, • ]</label>
                <textcolor>White2</textcolor>
                <selectedcolor>White</selectedcolor>
                <scroll>false</scroll>
                <visible>ListItem.HasEpg</visible>
            </control>
            <!--
                <control type="group">
                <visible>ListItem.IsRecording</visible>
                <control type="image">
                <posx>820</posx>
                <posy>8</posy>
                <width>66</width>
                <height>80</height>
                <texture>windows/pvr/epg-recording.png</texture>
                </control>
                <control type="image">
                <posx>820</posx>
                <posy>8</posy>
                <width>66</width>
                <height>80</height>
                <texture>windows/pvr/epg-recording-pulse.png</texture>
                <animation effect="fade" start="65" end="100" time="750" tween="sine" easing="in" pulse="true" condition="true">Conditional</animation>
                </control>
                </control>
                <control type="image">
                <posx>820</posx>
                <posy>8</posy>
                <width>66</width>
                <height>80</height>
                <texture>windows/pvr/epg-timer.png</texture>
                <visible>ListItem.HasTimer + !ListItem.IsRecording</visible>
                </control>
            -->
        </itemlayout>
        <focusedlayout height="100">
            <control type="image">
                <posx>0</posx>
                <posy>0</posy>
                <width>992</width>
                <height>100</height>
                <texture>dialogs/listitem_nofocus.png</texture>
            </control>
            <control type="image">
                <posx>0</posx>
                <posy>0</posy>
                <width>992</width>
                <height>100</height>
                <texture>dialogs/listitem_focus.png</texture>
            </control>
            <control type="label">
                <description>Label</description>
                <posx>20</posx>
                <posy>0</posy>
                <width>735</width>
                <height>96</height>
                <font>Medium_Bold_Floor_Caps</font>
                <align>left</align>
                <label>$VAR[ListItem.Label]</label>
                <textcolor>White2</textcolor>
                <scroll>false</scroll>
                <visible>!ListItem.HasEpg</visible>
            </control>
            <control type="label">
                <description>Label</description>
                <posx>20</posx>
                <posy>0</posy>
                <width>735</width>
                <height>58</height>
                <font>Medium</font>
                <align>left</align>
                <label>$VAR[ListItem.Label]</label>
                <textcolor>White2</textcolor>
                <scroll>false</scroll>
                <visible>ListItem.HasEpg</visible>
            </control>
            <control type="label">
                <description>Time + Genre</description>
                <posx>20</posx>
                <posy>44</posy>
                <width>735</width>
                <height>50</height>
                <font>Medium_Small</font>
                <align>left</align>
                <label>$VAR[ListItem.StartTime]$VAR[ListItem.EndTime, - ]$VAR[ListItem.Genre, • ]</label>
                <textcolor>White2</textcolor>
                <selectedcolor>White</selectedcolor>
                <scroll>false</scroll>
                <visible>ListItem.HasEpg</visible>
            </control>
            <!--
                <control type="group">
                <visible>ListItem.IsRecording</visible>
                <control type="image">
                <posx>820</posx>
                <posy>8</posy>
                <width>66</width>
                <height>80</height>
                <texture>windows/pvr/epg-recording.png</texture>
                </control>
                <control type="image">
                <posx>820</posx>
                <posy>8</posy>
                <width>66</width>
                <height>80</height>
                <texture>windows/pvr/epg-recording-pulse.png</texture>
                <animation effect="fade" start="65" end="100" time="750" tween="sine" easing="in" pulse="true" condition="true">Conditional</animation>
                </control>
                </control>
                <control type="image">
                <posx>820</posx>
                <posy>8</posy>
                <width>66</width>
                <height>80</height>
                <texture>windows/pvr/epg-timer.png</texture>
                <visible>ListItem.HasTimer + !ListItem.IsRecording</visible>
                </control>
            -->
        </focusedlayout>
    </include>
    
    <include name="PVRMenu">
        <control type="group" id="9999">
            <desription>Menu</desription>
            <include>MediaMenuOverlay</include>
            <control type="grouplist">
                <include>MediaMenuGrouplist</include>
                <control type="button">
                    <description>TV Channels</description>
                    <label>19019</label>
                    <include>MediaMenuButton</include>
                    <onclick condition="IsEmpty(Window.Property(IsRadio))">ActivateWindow(TVChannels)</onclick>
                    <onclick condition="!IsEmpty(Window.Property(IsRadio))">ActivateWindow(RadioChannels)</onclick>
                    <visible>!Window.IsActive(TVChannels) + !Window.IsActive(RadioChannels)</visible>
                </control>
                <control type="button">
                    <description>EPG View</description>
                    <label>22020</label>
                    <include>MediaMenuButton</include>
                    <onclick condition="IsEmpty(Window.Property(IsRadio))">ActivateWindow(TVGuide)</onclick>
                    <onclick condition="!IsEmpty(Window.Property(IsRadio))">ActivateWindow(RadioGuide)</onclick>
                    <visible>!Window.IsActive(TVGuide) + !Window.IsActive(RadioGuide)</visible>
                </control>
                <control type="button">
                    <description>Recordings</description>
                    <label>19163</label>
                    <include>MediaMenuButton</include>
                    <onclick condition="IsEmpty(Window.Property(IsRadio))">ActivateWindow(TVRecordings)</onclick>
                    <onclick condition="!IsEmpty(Window.Property(IsRadio))">ActivateWindow(RadioRecordings)</onclick>
                    <visible>!Window.IsActive(TVRecordings) + !Window.IsActive(RadioRecordings)</visible>
                </control>
                <control type="button">
                    <description>Timer</description>
                    <label>19040</label>
                    <include>MediaMenuButton</include>
                    <onclick condition="IsEmpty(Window.Property(IsRadio))">ActivateWindow(TVTimers)</onclick>
                    <onclick condition="!IsEmpty(Window.Property(IsRadio))">ActivateWindow(RadioTimers)</onclick>
                    <visible>!Window.IsActive(TVTimers) + !Window.IsActive(RadioTimers)</visible>
                </control>
                <control type="button">
                    <description>Search</description>
                    <label>137</label>
                    <include>MediaMenuButton</include>
                    <onclick condition="IsEmpty(Window.Property(IsRadio))">ActivateWindow(TVSearch)</onclick>
                    <onclick condition="!IsEmpty(Window.Property(IsRadio))">ActivateWindow(RadioSearch)</onclick>
                    <visible>!Window.IsActive(TVSearch) + !Window.IsActive(RadioSearch)</visible>
                </control>
                <control type="button" id="28">
                    <description>Channel Groups</description>
                    <label>235</label>
                    <include>MediaMenuButton</include>
                </control>
                <control type="button" id="2">
                    <description>View As button</description>
                    <label>-</label>
                    <include>MediaMenuButton</include>
                </control>
                <control type="button" id="3">
                    <description>Sort by button</description>
                    <label>103</label>
                    <include>MediaMenuButton</include>
                </control>
                <control type="togglebutton" id="4">
                    <description>Sort asc</description>
                    <label>584</label>
                    <altlabel>585</altlabel>
                    <usealttexture>Container.SortDirection(Ascending)</usealttexture>
                    <include>MediaMenuButton</include>
                </control>
                <control type="radiobutton" id="5">
                    <description>Group recording items by folder structure</description>
                    <label>19270</label>
                    <include>MediaMenuButton</include>
                    <visible>Window.IsActive(TVRecordings) | Window.IsActive(RadioRecordings)</visible>
                </control>
                <!--
                <control type="radiobutton" id="6">
                    <description>Show hidden channels</description>
                    <label>19051</label>
                    <include>MediaMenuButton</include>
                    <visible>Window.IsActive(TVChannels) | Window.IsActive(RadioChannels)</visible>
                </control>
                <control type="radiobutton" id="7">
                    <description>Show deleted recordings</description>
                    <label>19184</label>
                    <include>MediaMenuButton</include>
                    <visible>Window.IsActive(TVRecordings) | Window.IsActive(RadioRecordings)</visible>
                </control>
                <control type="radiobutton" id="31">
                    <description>Filter</description>
                    <label>587</label>
                    <selected>Container.Filtered</selected>
                    <onclick>right</onclick>
                    <include>MediaMenuButton</include>
                    <visible>Window.IsActive(TVChannels) | Window.IsActive(RadioChannels)</visible>
                </control>
                -->
                <include>MediaMenuBottomButton</include>
            </control>
        </control>
    </include>
    
    <include name="PVRBreadcrumb">
        <control type="grouplist">
            <include>WindowEffect</include>
            <left>40</left>
            <top>75r</top>
            <width>1880</width>
            <height>90</height>
            <align>left</align>
            <itemgap>5</itemgap>
            <aligny>top</aligny>
            <orientation>horizontal</orientation>
            <control type="label">
                <width min="0" max="300">auto</width>
                <label>$LOCALIZE[19020]</label>
                <visible>IsEmpty(Window.Property(IsRadio))</visible>
            </control>
            <control type="label">
                <width min="0" max="300">auto</width>
                <label>$LOCALIZE[19021]</label>
                <visible>!IsEmpty(Window.Property(IsRadio))</visible>
            </control>
            <control type="label">
                <width min="0" max="300">auto</width>
                <label>$LOCALIZE[19019,: ]</label>
                <visible>Window.IsActive(TVChannels) | Window.IsActive(RadioChannels)</visible>
            </control>
            <control type="label">
                <width min="0" max="300">auto</width>
                <label>$LOCALIZE[22020,: ]</label>
                <visible>Window.IsActive(TVGuide) | Window.IsActive(RadioGuide)</visible>
            </control>
            <control type="label">
                <width min="0" max="300">auto</width>
                <label>$LOCALIZE[19017,: ]</label>
                <visible>Window.IsActive(TVRecordings) | Window.IsActive(RadioRecordings)</visible>
            </control>
            <control type="label">
                <width min="0" max="300">auto</width>
                <label>$LOCALIZE[19040,: ]</label>
                <visible>Window.IsActive(TVTimers) | Window.IsActive(RadioTimers)</visible>
            </control>
            <control type="label">
                <width min="0" max="300">auto</width>
                <label>$LOCALIZE[137,: ]</label>
                <visible>Window.IsActive(TVSearch) | Window.IsActive(RadioSearch)</visible>
            </control>
            <control type="label">
                <width min="0" max="300">auto</width>
                <label>$INFO[Control.GetLabel(29),: ]</label>
            </control>
            <control type="label">
                <width min="0" max="300">auto</width>
                <label>$INFO[Control.GetLabel(30),: ]</label>
            </control>
        </control>
        <control type="label">
            <left>0</left>
            <top>75r</top>
            <width>1880</width>
            <align>right</align>
            <label>$INFO[Container.NumItems,, $LOCALIZE[31027]]</label>
            <include>WindowEffect</include>
        </control>
        <control type="label" id="29">
            <description>Hidden labels to can pass the values up one level</description>
            <visible>False</visible>
        </control>
        <control type="label" id="30">
            <description>Hidden labels to can pass the values up one level</description>
            <visible>False</visible>
        </control>
    </include>

    <!-- Variables -->
    <variable name="ListItem.Icon">
        <value>$INFO[ListItem.Thumb]</value>
    </variable>

    <variable name="ListItem.Label">
        <value condition="ListItem.IsPlaying | [StringCompare(ListItem.Title,VideoPlayer.Title) + StringCompare(ListItem.ChannelNumber,VideoPlayer.ChannelNumber) + StringCompare(ListItem.EndTime,VideoPlayer.EndTime)]">[COLOR=Selected]$INFO[ListItem.Label][/COLOR]</value>
        <value>$INFO[ListItem.Label]</value>
    </variable>

    <variable name="ListItem.Title">
        <value condition="ListItem.IsPlaying | [StringCompare(ListItem.Title,VideoPlayer.Title) + StringCompare(ListItem.ChannelNumber,VideoPlayer.ChannelNumber) + StringCompare(ListItem.EndTime,VideoPlayer.EndTime)]">[COLOR=Selected]$INFO[ListItem.Title][/COLOR]</value>
        <value>$INFO[ListItem.Title]</value>
    </variable>

    <variable name="ListItem.ChannelNumber">
        <value condition="ListItem.IsPlaying | [StringCompare(ListItem.Title,VideoPlayer.Title) + StringCompare(ListItem.ChannelNumber,VideoPlayer.ChannelNumber) + StringCompare(ListItem.EndTime,VideoPlayer.EndTime)]">[COLOR=Selected]$INFO[ListItem.ChannelNumber][/COLOR]</value>
        <value>$INFO[ListItem.ChannelNumber]</value>
    </variable>

    <variable name="ListItem.StartDate">
        <value condition="ListItem.IsPlaying | [StringCompare(ListItem.Title,VideoPlayer.Title) + StringCompare(ListItem.ChannelNumber,VideoPlayer.ChannelNumber) + StringCompare(ListItem.EndTime,VideoPlayer.EndTime)]">[COLOR=Selected]$INFO[ListItem.StartDate][/COLOR]</value>
        <value>$INFO[ListItem.StartDate]</value>
    </variable>

    <variable name="ListItem.StartTime">
        <value condition="ListItem.IsPlaying | [StringCompare(ListItem.Title,VideoPlayer.Title) + StringCompare(ListItem.ChannelNumber,VideoPlayer.ChannelNumber) + StringCompare(ListItem.EndTime,VideoPlayer.EndTime)]">[COLOR=Selected]$INFO[ListItem.StartTime][/COLOR]</value>
        <value>$INFO[ListItem.StartTime]</value>
    </variable>

    <variable name="ListItem.EndTime">
        <value condition="ListItem.IsPlaying | [StringCompare(ListItem.Title,VideoPlayer.Title) + StringCompare(ListItem.ChannelNumber,VideoPlayer.ChannelNumber) + StringCompare(ListItem.EndTime,VideoPlayer.EndTime)]">[COLOR=Selected]$INFO[ListItem.EndTime][/COLOR]</value>
        <value>$INFO[ListItem.EndTime]</value>
    </variable>

    <variable name="ListItem.Genre">
        <value condition="ListItem.IsPlaying | [StringCompare(ListItem.Title,VideoPlayer.Title) + StringCompare(ListItem.ChannelNumber,VideoPlayer.ChannelNumber) + StringCompare(ListItem.EndTime,VideoPlayer.EndTime)]">[COLOR=Selected]$INFO[ListItem.Genre][/COLOR]</value>
        <value>$INFO[ListItem.Genre]</value>
    </variable>

    <variable name="ListItem.ChannelName">
        <value condition="ListItem.IsPlaying | [StringCompare(ListItem.Title,VideoPlayer.Title) + StringCompare(ListItem.ChannelNumber,VideoPlayer.ChannelNumber) + StringCompare(ListItem.EndTime,VideoPlayer.EndTime)]">[COLOR=Selected]$INFO[ListItem.ChannelName][/COLOR]</value>
        <value>$INFO[ListItem.ChannelName]</value>
    </variable>

    <variable name="PVRChannelsOSDTitleLabel">
        <value condition="PVR.IsPlayingRadio">$LOCALIZE[19024]$INFO[VideoPlayer.ChannelGroup, • ,]</value>
        <value>$LOCALIZE[19023]$INFO[VideoPlayer.ChannelGroup, • ,]</value>
    </variable>
</includes>