<?xml version="1.0" encoding="UTF-8"?>
<window id="131">
    <defaultcontrol always="true">5</defaultcontrol>
    <allowoverlay>yes</allowoverlay>
    <animation type="WindowOpen" reversible="false">
        <effect type="fade" start="0" end="100" time="200" />
    </animation>
    <animation type="WindowClose" reversible="false">
        <effect type="fade" start="100" end="0" time="200" />
    </animation>
    <controls>
        <control type="group">
            <control type="image">
                <posx>0</posx>
                <posy>72</posy>
                <width>480</width>
                <height>54</height>
                <include>toast_back</include>
            </control>
            <control type="label" id="2">
                <description>header label</description>
                <posx>480</posx>
                <posy>72</posy>
                <width>1440</width>
                <height>54</height>
                <font>Small</font>
                <textcolor>grey</textcolor>
                <disabledcolor>Blue2</disabledcolor>
                <label>20043</label>
                <textoffsetx>30</textoffsetx>
                <enable>no</enable>
            </control>
            <control type="image">
                <posx>480</posx>
                <posy>126</posy>
                <width>1440</width>
                <height>864</height>
                <include>toast_back</include>
            </control>
            <control type="grouplist" id="9001">
                <posx>0</posx>
                <posy>126</posy>
                <width>480</width>
                <height>864</height>
                <itemgap>0</itemgap>
                <onright>5</onright>
                <onleft>5</onleft>
                <onup>9001</onup>
                <ondown>9001</ondown>
                <control type="button" id="28">
                    <description>Ok Button</description>
                    <width>480</width>
                    <label>186</label>
                </control>
                <control type="button" id="29">
                    <description>Cancel Button</description>
                    <width>480</width>
                    <label>222</label>
                </control>
                <control type="button" id="4000">
                    <description>Filler</description>
                    <width>480</width>
                    <height>720</height>
                    <font>-</font>
                    <enable>no</enable>
                </control>
            </control>
            <control type="grouplist" id="5">
                <description>Control Area</description>
                <posx>480</posx>
                <posy>126</posy>
                <width>1440</width>
                <height>864</height>
                <itemgap>0</itemgap>
                <orientation>vertical</orientation>
                <onleft>28</onleft>
                <onright>28</onright>
                <onup>28</onup>
                <ondown>28</ondown>
            </control>
            <control type="button" id="7">
                <description>button</description>
                <width>1440</width>
            </control>
            <control type="radiobutton" id="8">
                <description>radio_button</description>
                <width>1440</width>
            </control>

            <control type="spincontrolex" id="9">
                <description>spin_controlex</description>
                <width>1440</width>
            </control>

            <control type="sliderex" id="10">
                <description>slider</description>
                <width>1440</width>
            </control>
        </control>
    </controls>
</window>