<?xml version="1.0" encoding="UTF-8"?>
<window id="29">
    <defaultcontrol always="true">52</defaultcontrol>
    <allowoverlay>yes</allowoverlay>
    <controls>
        <include>GlobalBackground</include>
        <include>NotificationCenter</include>
        <control type="wraplist" id="52">
            <posx>0</posx>
            <posy>530</posy>
            <width>1920</width>
            <height>680</height>
            <onleft>52</onleft>
            <onright>52</onright>
            <onup>9010</onup>
            <ondown>60</ondown>
            <pagecontrol>60</pagecontrol>
            <focusposition>1</focusposition>
            <orientation>horizontal</orientation>
            <viewtype label="Landscape">bigwrap</viewtype>
            <scrolltime tween="quadratic">300</scrolltime>
            <itemlayout width="642" height="680">
                <control type="image">
                    <width>642</width>
                    <height>382</height>
                    <aspectratio>scale</aspectratio>
                    <texture>$INFO[ListItem.Icon]</texture>
                    <bordertexture border="21">thumbs/thumb_shadow.png</bordertexture>
                    <bordersize>21</bordersize>
                </control>
                <control type="image">
                    <posx>21</posx>
                    <posy>361</posy>
                    <width>600</width>
                    <height>340</height>
                    <aspectratio>scale</aspectratio>
                    <texture flipy="true" diffuse="views/landscape/mask_reflect.png">$INFO[ListItem.Icon]</texture>
                </control>
            </itemlayout>
            <focusedlayout width="636" height="680">
                <control type="group">
                    <posx>20</posx>
                    <posy>44</posy>
                    <animation type="Conditional" reversible="false" condition="true">
                        <effect type="zoom" start="100" end="113" center="auto" easing="out" tween="cubic" time="0" />
                    </animation>
                    <animation type="Focus" reversible="false">
                        <effect type="zoom" start="88.4" end="100" center="auto" easing="out" tween="cubic" time="200" />
                    </animation>
                    <control type="image">
                        <posx>-21</posx>
                        <posy>-21</posy>
                        <width>642</width>
                        <height>382</height>
                        <aspectratio>scale</aspectratio>
                        <texture>$INFO[ListItem.Icon]</texture>
                        <bordertexture border="21">thumbs/thumb_shadow.png</bordertexture>
                        <bordersize>21</bordersize>
                    </control>
                    <control type="image">
                        <posy>340</posy>
                        <width>600</width>
                        <height>340</height>
                        <aspectratio>scale</aspectratio>
                        <texture flipy="true" diffuse="views/landscape/mask_reflect.png">$INFO[ListItem.Icon]</texture>
                    </control>
                </control>
            </focusedlayout>
        </control>
        <control type="label">
            <posx>0</posx>
            <posy>970</posy>
            <width>1920</width>
            <height>40</height>
            <align>center</align>
            <font>Small_Caps</font>
            <textcolor>Floor</textcolor>
            <shadowcolor>FF444644</shadowcolor>
            <wrapmultiline>true</wrapmultiline>
            <label>$INFO[ListItem.Label2]</label>
            <textoffsetx>18</textoffsetx>
        </control>
        <control type="label">
            <posx>0</posx>
            <posy>995</posy>
            <width>1920</width>
            <height>80</height>
            <align>center</align>
            <font>Large_Heading</font>
            <textcolor>Floor</textcolor>
            <shadowcolor>FF646464</shadowcolor>
            <wrapmultiline>true</wrapmultiline>
            <label>$INFO[ListItem.Label]</label>
            <textoffsetx>18</textoffsetx>
        </control>
    </controls>
</window>