<?xml version="1.0" encoding="UTF-8"?>
<window id="2006">
    <defaultcontrol always="true">-</defaultcontrol>
    <allowoverlay>no</allowoverlay>
    <onload condition="system.hasaddon(script.artistslideshow) + IsEmpty(Window(Home).Property(ArtistSlideShowLoaded))">RunScript(script.artistslideshow, daemon=True)</onload>
    <controls>
        <control type="fadelabel" id="6056">
            <posy>-100</posy>
            <width>3640</width>
            <height>60</height>
            <textcolor>-</textcolor>
            <pauseatend>10000</pauseatend>
            <label>$INFO[Window(Visualisation).Property(ArtistSlideshow.1.SimilarThumb)]</label>
            <label>$INFO[Window(Visualisation).Property(ArtistSlideshow.2.SimilarThumb)]</label>
            <label>$INFO[Window(Visualisation).Property(ArtistSlideshow.3.SimilarThumb)]</label>
            <label>$INFO[Window(Visualisation).Property(ArtistSlideshow.4.SimilarThumb)]</label>
            <label>$INFO[Window(Visualisation).Property(ArtistSlideshow.5.SimilarThumb)]</label>
            <label>$INFO[Window(Visualisation).Property(ArtistSlideshow.6.SimilarThumb)]</label>
            <label>$INFO[Window(Visualisation).Property(ArtistSlideshow.7.SimilarThumb)]</label>
            <label>$INFO[Window(Visualisation).Property(ArtistSlideshow.8.SimilarThumb)]</label>
            <label>$INFO[Window(Visualisation).Property(ArtistSlideshow.9.SimilarThumb)]</label>
            <label>$INFO[Window(Visualisation).Property(ArtistSlideshow.10.SimilarThumb)]</label>
            <label>$INFO[Window(Visualisation).Property(ArtistSlideshow.11.SimilarThumb)]</label>
            <label>$INFO[Window(Visualisation).Property(ArtistSlideshow.12.SimilarThumb)]</label>
            <label>$INFO[Window(Visualisation).Property(ArtistSlideshow.13.SimilarThumb)]</label>
            <label>$INFO[Window(Visualisation).Property(ArtistSlideshow.14.SimilarThumb)]</label>
            <label>$INFO[Window(Visualisation).Property(ArtistSlideshow.15.SimilarThumb)]</label>
            <label>$INFO[Window(Visualisation).Property(ArtistSlideshow.16.SimilarThumb)]</label>
            <label>$INFO[Window(Visualisation).Property(ArtistSlideshow.17.SimilarThumb)]</label>
            <label>$INFO[Window(Visualisation).Property(ArtistSlideshow.18.SimilarThumb)]</label>
            <label>$INFO[Window(Visualisation).Property(ArtistSlideshow.19.SimilarThumb)]</label>
            <label>$INFO[Window(Visualisation).Property(ArtistSlideshow.20.SimilarThumb)]</label>
            <label>$INFO[Window(Visualisation).Property(ArtistSlideshow.21.SimilarThumb)]</label>
            <label>$INFO[Window(Visualisation).Property(ArtistSlideshow.22.SimilarThumb)]</label>
            <label>$INFO[Window(Visualisation).Property(ArtistSlideshow.23.SimilarThumb)]</label>
            <label>$INFO[Window(Visualisation).Property(ArtistSlideshow.24.SimilarThumb)]</label>
            <label>$INFO[Window(Visualisation).Property(ArtistSlideshow.25.SimilarThumb)]</label>
            <label>$INFO[Window(Visualisation).Property(ArtistSlideshow.26.SimilarThumb)]</label>
            <label>$INFO[Window(Visualisation).Property(ArtistSlideshow.27.SimilarThumb)]</label>
            <label>$INFO[Window(Visualisation).Property(ArtistSlideshow.28.SimilarThumb)]</label>
            <label>$INFO[Window(Visualisation).Property(ArtistSlideshow.29.SimilarThumb)]</label>
            <label>$INFO[Window(Visualisation).Property(ArtistSlideshow.30.SimilarThumb)]</label>
            <label>$INFO[Window(Visualisation).Property(ArtistSlideshow.31.SimilarThumb)]</label>
            <label>$INFO[Window(Visualisation).Property(ArtistSlideshow.32.SimilarThumb)]</label>
            <label>$INFO[Window(Visualisation).Property(ArtistSlideshow.33.SimilarThumb)]</label>
            <label>$INFO[Window(Visualisation).Property(ArtistSlideshow.34.SimilarThumb)]</label>
            <label>$INFO[Window(Visualisation).Property(ArtistSlideshow.35.SimilarThumb)]</label>
            <label>$INFO[Window(Visualisation).Property(ArtistSlideshow.36.SimilarThumb)]</label>
            <label>$INFO[Window(Visualisation).Property(ArtistSlideshow.37.SimilarThumb)]</label>
            <label>$INFO[Window(Visualisation).Property(ArtistSlideshow.38.SimilarThumb)]</label>
            <label>$INFO[Window(Visualisation).Property(ArtistSlideshow.39.SimilarThumb)]</label>
            <label>$INFO[Window(Visualisation).Property(ArtistSlideshow.40.SimilarThumb)]</label>
        </control>
        <control type="image">
            <include>Dimensions_Fullscreen</include>
            <fadetime>800</fadetime>
            <texture background="true">special://skin/backgrounds/speakergrill.jpg</texture>
            <!--<visible>IsEmpty(Player.Art(fanart))</visible> -->
            <include>WindowEffect</include>
        </control>
        <control type="group">
            <animation effect="fade" time="600">VisibleChange</animation>
            <!--<visible>IsEmpty(Player.Art(fanart))</visible> -->
            <include>WindowEffect</include>
            <control type="group">
                <posx>-200</posx>
                <control type="group">
                    <posx>1120</posx>
                    <posy>700</posy>
                    <animation effect="zoom" start="150" end="150" center="auto" time="0" condition="true">Conditional</animation>
                    <animation effect="rotate" center="auto" start="9" end="9" time="0" condition="true">Conditional</animation>
                    <control type="image">
                        <posx>54</posx>
                        <posy>17</posy>
                        <width>302</width>
                        <height>302</height>
                        <fadetime>600</fadetime>
                        <texture background="true" diffuse="thumbs/boxes/cdcover_mask_aa.png" fallback="DefaultAudio.png">$VAR[CDCase1Var]</texture>
                        <aspectratio scalediffuse="false">scale</aspectratio>
                    </control>
                    <control type="image">
                        <width>375</width>
                        <height>342</height>
                        <bordertexture>thumbs/boxes/cd_shadow_light.png</bordertexture>
                        <texture background="true">thumbs/boxes/cd_glass.png</texture>
                    </control>
                </control>
                <control type="group">
                    <posx>700</posx>
                    <animation effect="zoom" start="150" end="150" center="auto" time="0" condition="true">Conditional</animation>
                    <animation effect="rotate" center="auto" start="65" end="65" time="0" condition="true">Conditional</animation>
                    <control type="image">
                        <posx>54</posx>
                        <posy>17</posy>
                        <width>302</width>
                        <height>302</height>
                        <fadetime>600</fadetime>
                        <texture background="true" diffuse="thumbs/boxes/cdcover_mask_aa.png" fallback="DefaultAudio.png">$VAR[CDCase2Var]</texture>
                        <aspectratio scalediffuse="false">scale</aspectratio>
                    </control>
                    <control type="image">
                        <width>375</width>
                        <height>342</height>
                        <bordertexture>thumbs/boxes/cd_shadow_light.png</bordertexture>
                        <texture background="true">thumbs/boxes/cd_glass.png</texture>
                    </control>
                </control>
                <control type="group">
                    <posx>430</posx>
                    <posy>150</posy>
                    <animation effect="zoom" start="150" end="150" center="auto" time="0" condition="true">Conditional</animation>
                    <animation effect="rotate" center="auto" start="10" end="10" time="0" condition="true">Conditional</animation>
                    <control type="image">
                        <posx>54</posx>
                        <posy>17</posy>
                        <width>302</width>
                        <height>302</height>
                        <texture background="true" diffuse="thumbs/boxes/cdcover_mask_aa.png" fallback="DefaultAudio.png">$VAR[CDCase3Var]</texture>
                        <fadetime>600</fadetime>
                        <aspectratio scalediffuse="false">scale</aspectratio>
                    </control>
                    <control type="image">
                        <width>375</width>
                        <height>342</height>
                        <bordertexture>thumbs/boxes/cd_shadow_light.png</bordertexture>
                        <texture background="true">thumbs/boxes/cd_glass.png</texture>
                    </control>
                </control>
                <control type="group">
                    <posx>1600</posx>
                    <posy>200</posy>
                    <animation effect="zoom" start="150" end="150" center="auto" time="0" condition="true">Conditional</animation>
                    <animation effect="rotate" center="auto" start="-20" end="-20" time="0" condition="true">Conditional</animation>
                    <control type="image">
                        <posx>54</posx>
                        <posy>17</posy>
                        <width>302</width>
                        <height>302</height>
                        <fadetime>600</fadetime>
                        <texture background="true" diffuse="thumbs/boxes/cdcover_mask_aa.png" fallback="DefaultAudio.png">$VAR[CDCase4Var]</texture>
                        <aspectratio scalediffuse="false">scale</aspectratio>
                    </control>
                    <control type="image">
                        <width>375</width>
                        <height>342</height>
                        <bordertexture>thumbs/boxes/cd_shadow_light.png</bordertexture>
                        <texture background="true">thumbs/boxes/cd_glass.png</texture>
                    </control>
                </control>
                <control type="group">
                    <posx>1000</posx>
                    <posy>100</posy>
                    <animation effect="zoom" start="150" end="150" center="auto" time="0" condition="true">Conditional</animation>
                    <animation effect="rotate" center="auto" start="25" end="25" time="0" condition="true">Conditional</animation>
                    <control type="image">
                        <posx>54</posx>
                        <posy>17</posy>
                        <width>302</width>
                        <height>302</height>
                        <texture background="true" diffuse="thumbs/boxes/cdcover_mask_aa.png" fallback="DefaultAudio.png">$VAR[CDCase5Var]</texture>
                        <fadetime>600</fadetime>
                        <aspectratio scalediffuse="false">scale</aspectratio>
                    </control>
                    <control type="image">
                        <width>375</width>
                        <height>342</height>
                        <bordertexture>thumbs/boxes/cd_shadow_light.png</bordertexture>
                        <texture background="true">thumbs/boxes/cd_glass.png</texture>
                    </control>
                </control>
                <control type="group">
                    <posx>1950</posx>
                    <posy>-100</posy>
                    <animation effect="zoom" start="150" end="150" center="auto" time="0" condition="true">Conditional</animation>
                    <animation effect="rotate" center="auto" start="75" end="75" time="0" condition="true">Conditional</animation>
                    <control type="image">
                        <posx>54</posx>
                        <posy>17</posy>
                        <width>302</width>
                        <height>302</height>
                        <fadetime>600</fadetime>
                        <texture background="true" diffuse="thumbs/boxes/cdcover_mask_aa.png" fallback="DefaultAudio.png">$VAR[CDCase6Var]</texture>
                        <aspectratio scalediffuse="false">scale</aspectratio>
                    </control>
                    <control type="image">
                        <width>375</width>
                        <height>342</height>
                        <bordertexture>thumbs/boxes/cd_shadow_light.png</bordertexture>
                        <texture background="true">thumbs/boxes/cd_glass.png</texture>
                    </control>
                </control>
                <control type="group">
                    <posx>1700</posx>
                    <posy>800</posy>
                    <animation effect="zoom" start="150" end="150" center="auto" time="0" condition="true">Conditional</animation>
                    <animation effect="rotate" center="auto" start="45" end="45" time="0" condition="true">Conditional</animation>
                    <control type="image">
                        <posx>54</posx>
                        <posy>17</posy>
                        <width>302</width>
                        <height>302</height>
                        <fadetime>600</fadetime>
                        <texture background="true" diffuse="thumbs/boxes/cdcover_mask_aa.png" fallback="DefaultAudio.png">$VAR[CDCase7Var]</texture>
                        <aspectratio scalediffuse="false">scale</aspectratio>
                    </control>
                    <control type="image">
                        <width>375</width>
                        <height>342</height>
                        <bordertexture>thumbs/boxes/cd_shadow_light.png</bordertexture>
                        <texture background="true">thumbs/boxes/cd_glass.png</texture>
                    </control>
                </control>
                <control type="group">
                    <posx>1470</posx>
                    <posy>510</posy>
                    <animation effect="zoom" start="150" end="150" center="auto" time="0" condition="true">Conditional</animation>
                    <animation effect="rotate" center="auto" start="-15" end="-15" time="0" condition="true">Conditional</animation>
                    <control type="image">
                        <posx>22</posx>
                        <posy>14</posy>
                        <width>335</width>
                        <fadetime>600</fadetime>
                        <height>308</height>
                        <texture background="true" diffuse="thumbs/boxes/cdcover_mask_aa.png" fallback="DefaultAudio.png">$VAR[CDCase8Var]</texture>
                        <aspectratio scalediffuse="false">scale</aspectratio>
                    </control>
                    <control type="image">
                        <posx>22</posx>
                        <posy>14</posy>
                        <width>335</width>
                        <fadetime>600</fadetime>
                        <height>308</height>
                        <texture diffuse="thumbs/boxes/cdcover_mask_aa.png">common/black.png</texture>
                        <colordiffuse>88ffffff</colordiffuse>
                        <visible>!IsEmpty(MusicPlayer.Offset(1).Title)</visible>
                    </control>
                    <control type="image">
                        <width>375</width>
                        <height>342</height>
                        <!--<bordertexture>thumbs/boxes/cd_shadow_light.png</bordertexture> -->
                        <texture background="true">thumbs/boxes/cd_shadow_light.png</texture>
                    </control>
                    <control type="grouplist">
                        <posx>22</posx>
                        <posy>20</posy>
                        <width>335</width>
                        <height>300</height>
                        <orientation>vertical</orientation>
                        <visible>!IsEmpty(MusicPlayer.Offset(1).Title)</visible>
                        <itemgap>10</itemgap>
                        <control type="label">
                            <width>335</width>
                            <height>20</height>
                            <align>left</align>
                            <label>$INFO[MusicPlayer.Offset(1).TrackNumber,,: ]$INFO[MusicPlayer.Offset(1).Title]</label>
                            <font>Very_Small_Caps</font>
                            <textcolor>White2</textcolor>
                            <textoffsetx>4</textoffsetx>
                        </control>
                        <control type="label">
                            <width>335</width>
                            <height>20</height>
                            <align>left</align>
                            <label>$INFO[MusicPlayer.Offset(2).TrackNumber,,: ]$INFO[MusicPlayer.Offset(2).Title]</label>
                            <font>Very_Small_Caps</font>
                            <textcolor>White2</textcolor>
                            <textoffsetx>4</textoffsetx>
                        </control>
                        <control type="label">
                            <width>335</width>
                            <height>20</height>
                            <align>left</align>
                            <label>$INFO[MusicPlayer.Offset(3).TrackNumber,,: ]$INFO[MusicPlayer.Offset(3).Title]</label>
                            <font>Very_Small_Caps</font>
                            <textcolor>White2</textcolor>
                            <textoffsetx>4</textoffsetx>
                        </control>
                        <control type="label">
                            <width>335</width>
                            <height>20</height>
                            <align>left</align>
                            <label>$INFO[MusicPlayer.Offset(4).TrackNumber,,: ]$INFO[MusicPlayer.Offset(4).Title]</label>
                            <font>Very_Small_Caps</font>
                            <textcolor>White2</textcolor>
                            <textoffsetx>4</textoffsetx>
                        </control>
                        <control type="label">
                            <width>335</width>
                            <height>20</height>
                            <align>left</align>
                            <label>$INFO[MusicPlayer.Offset(5).TrackNumber,,: ]$INFO[MusicPlayer.Offset(5).Title]</label>
                            <font>Very_Small_Caps</font>
                            <textcolor>White2</textcolor>
                            <textoffsetx>4</textoffsetx>
                        </control>
                        <control type="label">
                            <width>335</width>
                            <height>20</height>
                            <align>left</align>
                            <label>$INFO[MusicPlayer.Offset(6).TrackNumber,,: ]$INFO[MusicPlayer.Offset(6).Title]</label>
                            <font>Very_Small_Caps</font>
                            <textcolor>White2</textcolor>
                            <textoffsetx>4</textoffsetx>
                        </control>
                        <control type="label">
                            <width>335</width>
                            <height>20</height>
                            <align>left</align>
                            <label>$INFO[MusicPlayer.Offset(7).TrackNumber,,: ]$INFO[MusicPlayer.Offset(7).Title]</label>
                            <font>Very_Small_Caps</font>
                            <textcolor>White2</textcolor>
                            <textoffsetx>4</textoffsetx>
                        </control>
                        <control type="label">
                            <width>335</width>
                            <height>20</height>
                            <align>left</align>
                            <label>$INFO[MusicPlayer.Offset(8).TrackNumber,,: ]$INFO[MusicPlayer.Offset(8).Title]</label>
                            <font>Very_Small_Caps</font>
                            <textcolor>White2</textcolor>
                            <textoffsetx>4</textoffsetx>
                        </control>
                        <control type="label">
                            <width>335</width>
                            <height>20</height>
                            <align>left</align>
                            <label>$INFO[MusicPlayer.Offset(9).TrackNumber,,: ]$INFO[MusicPlayer.Offset(9).Title]</label>
                            <font>Very_Small_Caps</font>
                            <textcolor>White2</textcolor>
                            <textoffsetx>4</textoffsetx>
                        </control>
                        <control type="label">
                            <width>335</width>
                            <height>20</height>
                            <align>left</align>
                            <label>$INFO[MusicPlayer.Offset(10).TrackNumber,,: ]$INFO[MusicPlayer.Offset(10).Title]</label>
                            <font>Very_Small_Caps</font>
                            <textcolor>White2</textcolor>
                            <textoffsetx>4</textoffsetx>
                        </control>
                    </control>
                </control>
                <control type="group">
                    <posx>1050</posx>
                    <posy>400</posy>
                    <animation effect="zoom" start="150" end="150" center="auto" time="0" condition="true">Conditional</animation>
                    <animation effect="rotate" center="auto" start="-10" end="-10" time="0" condition="true">Conditional</animation>
                    <control type="multiimage">
                        <posx>22</posx>
                        <posy>14</posy>
                        <width>335</width>
                        <fadetime>600</fadetime>
                        <height>308</height>
                        <timeperimage>10000</timeperimage>
                        <randomize>true</randomize>
                        <imagepath background="true" diffuse="thumbs/boxes/cdcover_mask_aa.png" fallback="DefaultAudio.png">$VAR[CDCase9Var]</imagepath>
                        <aspectratio scalediffuse="false">scale</aspectratio>
                    </control>
                    <control type="image">
                        <width>375</width>
                        <height>342</height>
                        <!--<bordertexture>thumbs/boxes/cd_shadow_light.png</bordertexture> -->
                        <texture background="true">thumbs/boxes/cd_shadow_light.png</texture>
                    </control>
                </control>
                <control type="group">
                    <posx>600</posx>
                    <posy>400</posy>
                    <animation effect="zoom" start="150" end="150" center="auto" time="0" condition="true">Conditional</animation>
                    <animation effect="rotate" center="auto" start="3" end="3" time="0" condition="true">Conditional</animation>
                    <control type="image">
                        <posx>54</posx>
                        <posy>17</posy>
                        <width>302</width>
                        <height>302</height>
                        <texture background="true" diffuse="thumbs/boxes/cdcover_mask_aa.png" fallback="DefaultAudio.png">$VAR[CDCase10Var]</texture>
                        <fadetime>600</fadetime>
                        <aspectratio scalediffuse="false">scale</aspectratio>
                    </control>
                    <control type="image">
                        <width>375</width>
                        <height>342</height>
                        <bordertexture>thumbs/boxes/cd_shadow_light.png</bordertexture>
                        <texture background="true">thumbs/boxes/cd_glass.png</texture>
                    </control>
                </control>
            </control>
        </control>
        <control type="visualisation" id="2">
            <description>visualisation</description>
            <include>Dimensions_Fullscreen</include>
            <include>WindowEffect</include>
        </control>
        <control type="group">
            <control type="group">
                <posx>867</posx>
                <posy>447</posy>
                <animation type="VisibleChange" reversible="false">
                    <effect type="fade" start="0" end="100" time="200" />
                </animation>
                <animation type="WindowOpen" reversible="false">
                    <effect type="fade" start="0" end="100" time="200" />
                </animation>
                <animation type="WindowClose" reversible="false">
                    <effect type="fade" start="100" end="0" time="200" />
                </animation>
                <visible>!Window.IsVisible(videoosd)</visible>
                <visible>Player.Paused</visible>
                <control type="button" id="14">
                    <description>Play/Pause</description>
                    <posx>0</posx>
                    <posy>0</posy>
                    <width>186</width>
                    <height>186</height>
                    <label>-</label>
                    <font>-</font>
                    <texturefocus>osd/bg_play_large_fo.png</texturefocus>
                    <texturenofocus>osd/bg_play_large.png</texturenofocus>
                    <colordiffuse>Blue2</colordiffuse>
                    <onclick>PlayerControl(Play)</onclick>
                    <onleft>100</onleft>
                    <onright>100</onright>
                    <onup>100</onup>
                    <ondown>401</ondown>
                </control>
                <control type="image">
                    <posx>0</posx>
                    <posy>0</posy>
                    <width>186</width>
                    <height>186</height>
                    <texture>osd/btn_play.png</texture>
                </control>
            </control>
        </control>
    </controls>
</window>
