<?xml version="1.0" encoding="UTF-8"?>
<window id="120">
    <defaultcontrol always="true">4</defaultcontrol>
    <onload condition="Player.ShowInfo">Action(Info)</onload>
    <controls>
        <control type="button">
            <include>TouchOverlay</include>
            <onclick>Dialog.Close(musicosd)</onclick>
            <animation effect="fade" start="0" end="100" time="0" delay="500">WindowOpen</animation>
        </control>
        <control type="group">
            <visible>!Window.IsActive(visualisationpresetlist) + !Window.IsActive(pvrosdchannels) + !Window.IsActive(pvrosdguide) + !Window.IsActive(osdaudiosettings)</visible>
            <control type="group">
                <posx>0</posx>
                <posy>0</posy>
                <animation effect="slide" start="120" end="0" time="200" tween="cubic" easing="out">WindowOpen</animation>
                <animation effect="slide" start="0" end="120" time="200" tween="cubic" easing="out">WindowClose</animation>
                <control type="image">
                    <posx>1803</posx>
                    <posy>183</posy>
                    <width>138</width>
                    <height>714</height>
                    <texture border="21">thumbs/thumb_shadow.png</texture>
                </control>
                <control type="grouplist" id="100">
                    <posx>96r</posx>
                    <posy>0</posy>
                    <width>96</width>
                    <height>1080</height>
                    <itemgap>0</itemgap>
                    <orientation>vertical</orientation>
                    <align>center</align>
                    <control type="group">
                        <width>96</width>
                        <height>96</height>
                        <control type="button" id="500">
                            <description>Bookmarks</description>
                            <include>VideoOSDButton</include>
                            <label>298</label>
                            <font>-</font>
                            <onleft>14</onleft>
                            <onright>101</onright>
                            <onup>7</onup>
                            <ondown>2</ondown>
                        </control>
                        <control type="image">
                            <posx>16</posx>
                            <posy>16</posy>
                            <width>64</width>
                            <height>64</height>
                            <texture>icons/display.png</texture>
                        </control>
                    </control>
                    <control type="group">
                        <width>96</width>
                        <height>96</height>
                        <control type="button" id="2">
                            <description>Audio Settings</description>
                            <include>VideoOSDButton</include>
                            <label>13396</label>
                            <font>-</font>
                            <onclick>Addon.Default.OpenSettings(xbmc.player.musicviz)</onclick>
                            <onleft>14</onleft>
                            <onright>101</onright>
                            <onup>500</onup>
                            <ondown>3</ondown>
                        </control>
                        <control type="image">
                            <posx>16</posx>
                            <posy>16</posy>
                            <width>64</width>
                            <height>64</height>
                            <texture>icons/settings_nf.png</texture>
                        </control>
                    </control>
                    <control type="group">
                        <width>96</width>
                        <height>96</height>
                        <control type="button" id="3">
                            <description>Video Settings</description>
                            <include>VideoOSDButton</include>
                            <label>13395</label>
                            <align>left</align>
                            <font>-</font>
                            <onclick>ActivateWindow(visualisationpresetlist)</onclick>
                            <onleft>14</onleft>
                            <onright>101</onright>
                            <onup>2</onup>
                            <ondown>4</ondown>
                            <enable>!Visualisation.Locked</enable>
                        </control>
                        <control type="image">
                            <posx>16</posx>
                            <posy>16</posy>
                            <width>64</width>
                            <height>64</height>
                            <texture>icons/equalizer.png</texture>
                            <animation type="Conditional" reversible="false" condition="!Control.IsEnabled(3)">
                                <effect type="fade" start="80" end="20" time="50" />
                            </animation>
                        </control>
                    </control>
                    <control type="group">
                        <width>96</width>
                        <height>96</height>
                        <control type="button" id="4">
                            <description>Subtitles</description>
                            <include>VideoOSDButton</include>
                            <label>287</label>
                            <font>-</font>
                            <onclick>Close</onclick>
                            <onclick condition="IsEmpty(Skin.String(LyricsPath))">Skin.SetAddon(LyricsPath,xbmc.python.lyrics)</onclick>
                            <onclick condition="!IsEmpty(Skin.String(LyricsPath))">XBMC.RunScript($INFO[Skin.String(LyricsPath)])</onclick>
                            <onleft>14</onleft>
                            <onright>101</onright>
                            <onup>3</onup>
                            <ondown>18</ondown>
                        </control>
                        <control type="image">
                            <posx>16</posx>
                            <posy>16</posy>
                            <width>64</width>
                            <height>64</height>
                            <texture>icons/lyrics.png</texture>
                        </control>
                    </control>
                    <control type="group">
                        <width>96</width>
                        <height>96</height>
                        <control type="button" id="18">
                            <description>Toggle Info</description>
                            <include>VideoOSDButton</include>
                            <label>31038</label>
                            <font>-</font>
                            <onclick>Info</onclick>
                            <onleft>14</onleft>
                            <onright>101</onright>
                            <onup>4</onup>
                            <ondown>6</ondown>
                        </control>
                        <control type="image">
                            <posx>16</posx>
                            <posy>16</posy>
                            <width>64</width>
                            <height>64</height>
                            <texture>icons/info.png</texture>
                        </control>
                    </control>
                    <control type="group">
                        <width>96</width>
                        <height>96</height>
                        <control type="button" id="6">
                            <description>Shuffle</description>
                            <include>VideoOSDButton</include>
                            <label>31041</label>
                            <font>-</font>
                            <onclick>PlayerControl(Random)</onclick>
                            <onleft>14</onleft>
                            <onright>101</onright>
                            <onup>18</onup>
                            <ondown>7</ondown>
                        </control>
                        <control type="image">
                            <posx>16</posx>
                            <posy>16</posy>
                            <width>64</width>
                            <height>64</height>
                            <texture>$VAR[ShuffleButtonVar]</texture>
                        </control>
                    </control>
                    <control type="group">
                        <width>96</width>
                        <height>96</height>
                        <control type="button" id="7">
                            <description>Repeat</description>
                            <include>VideoOSDButton</include>
                            <label>31041</label>
                            <font>-</font>
                            <onclick>PlayerControl(Repeat)</onclick>
                            <onleft>14</onleft>
                            <onright>101</onright>
                            <onup>6</onup>
                            <ondown>500</ondown>
                        </control>
                        <control type="image">
                            <posx>16</posx>
                            <posy>16</posy>
                            <width>64</width>
                            <height>64</height>
                            <texture>$VAR[RepeatButton2Var]</texture>
                        </control>
                    </control>
                </control>
            </control>
            <control type="group">
                <animation effect="slide" start="-120" end="0" time="200" tween="cubic" easing="out">WindowOpen</animation>
                <animation effect="slide" start="0" end="-120" time="200" tween="cubic" easing="out">WindowClose</animation>
                <control type="image">
                    <posx>-21</posx>
                    <posy>375</posy>
                    <width>138</width>
                    <height>330</height>
                    <texture border="21">thumbs/thumb_shadow.png</texture>
                </control>
                <control type="grouplist" id="101">
                    <posx>0</posx>
                    <posy>0</posy>
                    <width>96</width>
                    <height>1080</height>
                    <itemgap>0</itemgap>
                    <orientation>vertical</orientation>
                    <align>center</align>
                    <control type="group">
                        <width>96</width>
                        <height>96</height>
                        <control type="button" id="13">
                            <description>Forward</description>
                            <include>VideoOSDButton</include>
                            <label>298</label>
                            <onclick>PlayerControl(forward)</onclick>
                            <onleft>100</onleft>
                            <onright>14</onright>
                            <onup>12</onup>
                            <ondown>16</ondown>
                            <enable>Player.SeekEnabled</enable>
                        </control>
                        <control type="image">
                            <posx>16</posx>
                            <posy>16</posy>
                            <width>64</width>
                            <height>64</height>
                            <texture>osd/ff_nf.png</texture>
                            <visible>Player.SeekEnabled</visible>
                        </control>
                        <control type="image">
                            <posx>16</posx>
                            <posy>16</posy>
                            <width>64</width>
                            <height>64</height>
                            <texture>osd/ff_nf.png</texture>
                            <colordiffuse>77FFFFFF</colordiffuse>
                            <visible>!Player.SeekEnabled</visible>
                        </control>
                    </control>
                    <control type="group">
                        <width>96</width>
                        <height>96</height>
                        <control type="button" id="16">
                            <description>Skip Next</description>
                            <include>VideoOSDButton</include>
                            <label>298</label>
                            <onclick>SkipNext</onclick>
                            <onleft>100</onleft>
                            <onright>14</onright>
                            <onup>13</onup>
                            <ondown>15</ondown>
                            <enable>MusicPlayer.HasNext</enable>
                        </control>
                        <control type="image">
                            <posx>16</posx>
                            <posy>16</posy>
                            <width>64</width>
                            <height>64</height>
                            <texture>osd/next_nf.png</texture>
                            <visible>MusicPlayer.HasNext</visible>
                        </control>
                        <control type="image">
                            <posx>16</posx>
                            <posy>16</posy>
                            <width>64</width>
                            <height>64</height>
                            <texture>osd/next_nf.png</texture>
                            <colordiffuse>77FFFFFF</colordiffuse>
                            <visible>!MusicPlayer.HasNext</visible>
                        </control>
                    </control>
                    <control type="group">
                        <width>96</width>
                        <height>96</height>
                        <control type="button" id="15">
                            <description>Stop</description>
                            <include>VideoOSDButton</include>
                            <label>31038</label>
                            <onclick>PlayerControl(Stop)</onclick>
                            <onleft>100</onleft>
                            <onright>14</onright>
                            <onup>16</onup>
                            <ondown>17</ondown>
                        </control>
                        <control type="image">
                            <posx>16</posx>
                            <posy>16</posy>
                            <width>64</width>
                            <height>64</height>
                            <texture>osd/stop_nf.png</texture>
                        </control>
                    </control>
                    <control type="group">
                        <width>96</width>
                        <height>96</height>
                        <control type="button" id="17">
                            <description>Skip Previous</description>
                            <include>VideoOSDButton</include>
                            <label>13396</label>
                            <onclick>SkipPrevious</onclick>
                            <onleft>100</onleft>
                            <onright>14</onright>
                            <onup>15</onup>
                            <ondown>12</ondown>
                            <enable>MusicPlayer.HasPrevious</enable>
                        </control>
                        <control type="image">
                            <posx>16</posx>
                            <posy>16</posy>
                            <width>64</width>
                            <height>64</height>
                            <texture>osd/previous_nf.png</texture>
                            <visible>MusicPlayer.HasPrevious</visible>
                        </control>
                        <control type="image">
                            <posx>16</posx>
                            <posy>16</posy>
                            <width>64</width>
                            <height>64</height>
                            <texture>osd/previous_nf.png</texture>
                            <colordiffuse>77FFFFFF</colordiffuse>
                            <visible>!MusicPlayer.HasPrevious</visible>
                        </control>
                    </control>
                    <control type="group">
                        <width>96</width>
                        <height>96</height>
                        <control type="button" id="12">
                            <description>Forward</description>
                            <include>VideoOSDButton</include>
                            <label>298</label>
                            <onclick>PlayerControl(rewind)</onclick>
                            <onleft>100</onleft>
                            <onright>14</onright>
                            <onup>17</onup>
                            <ondown>13</ondown>
                            <enable>Player.SeekEnabled</enable>
                        </control>
                        <control type="image">
                            <posx>16</posx>
                            <posy>16</posy>
                            <width>64</width>
                            <height>64</height>
                            <texture>osd/rew_nf.png</texture>
                            <visible>Player.SeekEnabled</visible>
                        </control>
                        <control type="image">
                            <posx>16</posx>
                            <posy>16</posy>
                            <width>64</width>
                            <height>64</height>
                            <texture>osd/rew_nf.png</texture>
                            <colordiffuse>77FFFFFF</colordiffuse>
                            <visible>!Player.SeekEnabled</visible>
                        </control>
                    </control>
                </control>
            </control>
            <control type="group">
                <animation type="WindowOpen" reversible="false">
                    <effect type="fade" start="0" end="100" time="500" />
                </animation>
                <animation type="WindowClose" reversible="false">
                    <effect type="fade" start="100" end="0" time="500" />
                </animation>
                <control type="group">
                    <posx>867</posx>
                    <posy>447</posy>
                    <control type="button" id="14">
                        <description>Play/Pause</description>
                        <posx>0</posx>
                        <posy>0</posy>
                        <width>186</width>
                        <height>186</height>
                        <label>-</label>
                        <font>-</font>
                        <texturefocus>osd/bg_play_large_fo.png</texturefocus>
                        <texturenofocus>osd/bg_play_large.png</texturenofocus>
                        <colordiffuse>Blue2</colordiffuse>
                        <onclick>PlayerControl(Play)</onclick>
                        <onleft>101</onleft>
                        <onright>100</onright>
                        <onup>100</onup>
                        <ondown>101</ondown>
                    </control>
                    <control type="image">
                        <posx>0</posx>
                        <posy>0</posy>
                        <width>186</width>
                        <height>186</height>
                        <texture>osd/btn_pause.png</texture>
                        <visible>!Player.Paused + !Player.Forwarding + !Player.Rewinding</visible>
                    </control>
                    <control type="image">
                        <posx>0</posx>
                        <posy>0</posy>
                        <width>186</width>
                        <height>186</height>
                        <texture>osd/btn_play.png</texture>
                        <visible>Player.Paused | Player.Forwarding | Player.Rewinding</visible>
                    </control>
                </control>
                <control type="image">
                    <posx>0</posx>
                    <posy>800</posy>
                    <width>1920</width>
                    <height>280</height>
                    <texture>views/landscape/shade.png</texture>
                </control>
                <include>SliderControl</include>
            </control>
        </control>
    </controls>
</window>