<?xml version="1.0" encoding="UTF-8"?>
<window id="501">
    <defaultcontrol always="true">50</defaultcontrol>
    <allowoverlay>yes</allowoverlay>
    <views>50,51,55</views>
    <include>MediaMenuReset</include>
    <controls>
        <include>GlobalBackground</include>
        <include>NotificationCenter</include>
        <control type="group">
            <include>WindowEffect</include>
            <include>View_50_List</include>
            <include>View_51_Icons</include>
            <include>View_55_SmallIcons</include>
        </control>
        <include>BreadcrumbsLabel</include>
        <control type="group" id="9999">
            <include>MediaMenuOverlay</include>
            <control type="grouplist">
                <include>MediaMenuGrouplist</include>
                <control type="button" id="2">
                    <description>View</description>
                    <include>MediaMenuButton</include>
                </control>
                <control type="button" id="3">
                    <description>Sort</description>
                    <include>MediaMenuButton</include>
                </control>
                <control type="togglebutton" id="4">
                    <description>Ascending</description>
                    <label>584</label>
                    <altlabel>585</altlabel>
                    <include>MediaMenuButton</include>
                </control>
                <control type="button" id="99">
                    <description>Library</description>
                    <label>29800</label>
                    <onclick>ReplaceWindow(MusicLibrary)</onclick>
                    <onclick>SetFocus(50)</onclick>
                    <enable>Library.HasContent(Music)</enable>
                    <include>MediaMenuButton</include>
                </control>
                <control type="button" id="7">
                    <description>Playlists</description>
                    <label>136</label>
                    <include>MediaMenuButton</include>
                </control>
                <control type="button" id="11">
                    <description>Search</description>
                    <label>600</label>
                    <include>MediaMenuButton</include>
                </control>
                <include>MediaMenuBottomButton</include>
            </control>
        </control>
    </controls>
</window>