<?xml version="1.0" encoding="UTF-8"?>
<window id="502">
    <defaultcontrol always="true">50</defaultcontrol>
    <allowoverlay>yes</allowoverlay>
    <views>50,51,55,56</views>
    <include>MediaMenuReset</include>
    <controls>
        <include>GlobalBackground</include>
        <include>NotificationCenter</include>
        <control type="group">
            <include>WindowEffect</include>
            <include>View_50_List</include>
            <include>View_51_Icons</include>
            <include>View_55_SmallIcons</include>
            <include>View_56_SquareInfoList</include>
        </control>
        <include>BreadcrumbsLabel</include>
        <control type="group" id="9999">
            <include>MediaMenuOverlay</include>
            <control type="grouplist">
                <include>MediaMenuGrouplist</include>
                <control type="button" id="2">
                    <description>View</description>
                    <include>MediaMenuButton</include>
                </control>
                <control type="button" id="3">
                    <description>Sort</description>
                    <include>MediaMenuButton</include>
                </control>
                <control type="togglebutton" id="4">
                    <description>Ascending</description>
                    <label>584</label>
                    <altlabel>585</altlabel>
                    <include>MediaMenuButton</include>
                </control>
                <control type="button" id="5">
                    <description>Files</description>
                    <label>31001</label>
                    <include>MediaMenuButton</include>
                    <onclick>SetFocus(50)</onclick>
                </control>
                <control type="button" id="8">
                    <description>Search</description>
                    <label>137</label>
                    <include>MediaMenuButton</include>
                </control>
                <control type="radiobutton" id="16">
                    <description>PartyMode</description>
                    <label>589</label>
                    <include>MediaMenuButton</include>
                </control>
                <control type="edit" id="21">
                    <description>Activate Filter</description>
                    <label>587</label>
                    <include>MediaMenuButton</include>
                </control>
                <include>MediaMenuBottomButton</include>
            </control>
        </control>
    </controls>

</window>