<?xml version="1.0" encoding="UTF-8"?>
<window id="503">
    <defaultcontrol allways="true">6</defaultcontrol>
    <allowoverlay>yes</allowoverlay>
    <views>50</views>
    <include>MediaMenuReset</include>
    <controls>
        <include>NotificationCenter</include>
        <control type="group">
            <include>WindowEffect</include>
            <control type="group">
                <description>Left panel</description>
                <posx>0</posx>
                <posy>72</posy>
                <control type="button">
                    <width>960</width>
                    <label>31022</label>
                    <disabledcolor>Blue2</disabledcolor>
                    <enable>no</enable>
                </control>
                <control type="image">
                    <posy>72</posy>
                    <width>960</width>
                    <height>846</height>
                    <include>toast_back</include>
                </control>
                <control type="list" id="50">
                    <posx>0</posx>
                    <posy>72</posy>
                    <width>960</width>
                    <height>846</height>
                    <onleft>9010</onleft>
                    <onright>100</onright>
                    <onup>50</onup>
                    <ondown>50</ondown>
                    <viewtype label="">list</viewtype>
                    <scrolltime>200</scrolltime>
                    <itemlayout height="72" width="960">
                        <control type="image">
                            <width>960</width>
                            <height>72</height>
                            <include>toast_back</include>
                        </control>
                        <control type="label">
                            <width>960</width>
                            <height>72</height>
                            <font>Small</font>
                            <label>$INFO[ListItem.Label]</label>
                            <textoffsetx>30</textoffsetx>
                            <textcolor>White2</textcolor>
                        </control>
                        <control type="label">
                            <posx>960</posx>
                            <width>960</width>
                            <height>72</height>
                            <font>Small</font>
                            <align>right</align>
                            <label>$INFO[ListItem.Label2]</label>
                            <textoffsetx>30</textoffsetx>
                        </control>
                    </itemlayout>
                    <focusedlayout height="72" width="960">
                        <control type="image">
                            <width>960</width>
                            <height>72</height>
                            <include>toast_back</include>
                        </control>
                        <control type="image">
                            <width>960</width>
                            <height>72</height>
                            <texture>dialogs/listitem_focus.png</texture>
                            <visible>Control.HasFocus(50)</visible>
                        </control>
                        <control type="label">
                            <width>960</width>
                            <height>72</height>
                            <font>Small</font>
                            <label>$INFO[ListItem.Label]</label>
                            <textoffsetx>30</textoffsetx>
                        </control>
                        <control type="label">
                            <posx>960</posx>
                            <width>960</width>
                            <height>72</height>
                            <font>Small</font>
                            <align>right</align>
                            <label>$INFO[ListItem.Label2]</label>
                            <textoffsetx>30</textoffsetx>
                        </control>
                    </focusedlayout>
                </control>
            </control>
            <control type="group">
                <description>Right Panel</description>
                <posx>960</posx>
                <posy>72</posy>
                <control type="button">
                    <width>960</width>
                    <label>31029</label>
                    <disabledcolor>Blue2</disabledcolor>
                    <enable>no</enable>
                </control>
                <control type="image">
                    <posy>72</posy>
                    <width>960</width>
                    <height>846</height>
                    <include>toast_back</include>
                </control>
                <control type="list" id="100">
                    <posx>0</posx>
                    <posy>72</posy>
                    <width>960</width>
                    <height>846</height>
                    <onleft>50</onleft>
                    <onright>9010</onright>
                    <onup>100</onup>
                    <ondown>100</ondown>
                    <viewtype label="">list</viewtype>
                    <scrolltime>200</scrolltime>
                    <itemlayout height="72" width="960">
                        <control type="image">
                            <width>960</width>
                            <height>72</height>
                            <include>toast_back</include>
                        </control>
                        <control type="label">
                            <width>960</width>
                            <height>72</height>
                            <font>Small</font>
                            <label>$INFO[ListItem.Label]</label>
                            <textoffsetx>30</textoffsetx>
                            <textcolor>White2</textcolor>
                        </control>
                        <control type="label">
                            <posx>960</posx>
                            <width>960</width>
                            <height>72</height>
                            <font>Small</font>
                            <align>right</align>
                            <label>$INFO[ListItem.Label2]</label>
                            <textoffsetx>30</textoffsetx>
                        </control>
                    </itemlayout>
                    <focusedlayout height="72" width="960">
                        <control type="image">
                            <width>960</width>
                            <height>72</height>
                            <include>toast_back</include>
                        </control>
                        <control type="image">
                            <width>960</width>
                            <height>72</height>
                            <texture>dialogs/listitem_focus.png</texture>
                            <visible>Control.HasFocus(100)</visible>
                        </control>
                        <control type="label">
                            <width>960</width>
                            <height>72</height>
                            <font>Small</font>
                            <label>$INFO[ListItem.Label]</label>
                            <textoffsetx>30</textoffsetx>
                        </control>
                        <control type="label">
                            <posx>960</posx>
                            <width>960</width>
                            <height>72</height>
                            <font>Small</font>
                            <align>right</align>
                            <label>$INFO[ListItem.Label2]</label>
                            <textoffsetx>30</textoffsetx>
                        </control>
                    </focusedlayout>
                </control>
            </control>
            <include>BreadcrumbsLabel</include>
            <control type="group" id="9999">
                <include>MediaMenuOverlay</include>
                <control type="grouplist">
                    <include>MediaMenuGrouplist</include>
                    <control type="button" id="6">
                        <description>Open Button</description>
                        <label>31019</label>
                        <include>MediaMenuButton</include>
                    </control>
                    <control type="button" id="7">
                        <description>Save Button</description>
                        <label>31020</label>
                        <include>MediaMenuButton</include>
                    </control>
                    <control type="button" id="8">
                        <description>Clear button</description>
                        <label>31021</label>
                        <include>MediaMenuButton</include>
                    </control>
                    <include>MediaMenuBottomButton</include>
                </control>
            </control>
        </control>
    </controls>
</window>
