<?xml version="1.0" encoding="UTF-8"?>
<window id="2">
    <defaultcontrol always="true">50</defaultcontrol>
    <allowoverlay>yes</allowoverlay>
    <views>50,51,55</views>
    <include>MediaMenuReset</include>
    <controls>
        <include>GlobalBackground</include>
        <include>NotificationCenter</include>
        <control type="group">
            <include>WindowEffect</include>
            <include>View_50_PictureList</include>
            <include>View_51_Icons</include>
            <include>View_55_SmallIcons</include>
        </control>
        <include>BreadcrumbsLabel</include>
        <control type="group">
            <posx>0</posx>
            <posy>90r</posy>
            <width>1920</width>
            <visible>no</visible>
            <control type="group">
                <posx>0</posx>
                <visible>!IsEmpty(ListItem.PictureResolution)</visible>
                <control type="label">
                    <posy>4</posy>
                    <width>240</width>
                    <height>60</height>
                    <align>center</align>
                    <label>[B]$INFO[ListItem.PictureResolution][/B]</label>
                    <font>Medium</font>
                    <textoffsetx>4</textoffsetx>
                    <textcolor>$VAR[FloorDiffuseVar]</textcolor>
                </control>
                <control type="label">
                    <posy>52</posy>
                    <width>240</width>
                    <height>30</height>
                    <align>center</align>
                    <label>[LOWERCASE]$LOCALIZE[21805][/LOWERCASE]</label>
                    <font>Medium_Small</font>
                    <textoffsetx>4</textoffsetx>
                    <textcolor>$VAR[FloorDiffuseVar]</textcolor>
                </control>
            </control>
            <control type="group">
                <posx>240</posx>
                <visible>!IsEmpty(ListItem.PictureIso)</visible>
                <control type="label">
                    <posy>4</posy>
                    <width>240</width>
                    <height>60</height>
                    <align>center</align>
                    <label>[B]$INFO[ListItem.PictureIso][/B]</label>
                    <font>Medium</font>
                    <textoffsetx>4</textoffsetx>
                    <textcolor>$VAR[FloorDiffuseVar]</textcolor>
                </control>
                <control type="label">
                    <posy>52</posy>
                    <width>240</width>
                    <height>30</height>
                    <align>center</align>
                    <label>[LOWERCASE]$LOCALIZE[21837][/LOWERCASE]</label>
                    <font>Medium_Small</font>
                    <textoffsetx>4</textoffsetx>
                    <textcolor>$VAR[FloorDiffuseVar]</textcolor>
                </control>
            </control>
            <control type="group">
                <posx>480</posx>
                <visible>!IsEmpty(ListItem.PictureAperture)</visible>
                <control type="label">
                    <posy>4</posy>
                    <width>240</width>
                    <height>60</height>
                    <align>center</align>
                    <label>[B]$INFO[ListItem.PictureAperture][/B]</label>
                    <font>Medium</font>
                    <textoffsetx>4</textoffsetx>
                    <textcolor>$VAR[FloorDiffuseVar]</textcolor>
                </control>
                <control type="label">
                    <posy>52</posy>
                    <width>240</width>
                    <height>30</height>
                    <align>center</align>
                    <label>[LOWERCASE]$LOCALIZE[21826][/LOWERCASE]</label>
                    <font>Medium_Small</font>
                    <textoffsetx>4</textoffsetx>
                    <textcolor>$VAR[FloorDiffuseVar]</textcolor>
                </control>
            </control>
            <control type="group">
                <posx>720</posx>
                <control type="label">
                    <posy>4</posy>
                    <width>240</width>
                    <height>82</height>
                    <align>center</align>
                    <label>$INFO[ListItem.PictureCamModel]</label>
                    <font>Very_Small_Caps</font>
                    <textoffsetx>4</textoffsetx>
                    <wrapmultiline>true</wrapmultiline>
                    <textcolor>$VAR[FloorDiffuseVar]</textcolor>
                </control>
            </control>
            <control type="group">
                <posx>960</posx>
                <control type="label">
                    <posy>4</posy>
                    <width>240</width>
                    <height>90</height>
                    <align>center</align>
                    <label>[B]$INFO[ListItem.PictureExpMode][/B]</label>
                    <font>Medium_Floor_Caps</font>
                    <textoffsetx>4</textoffsetx>
                    <wrapmultiline>true</wrapmultiline>
                    <textcolor>$VAR[FloorDiffuseVar]</textcolor>
                </control>
            </control>
            <control type="group">
                <posx>1200</posx>
                <visible>!IsEmpty(ListItem.PictureExpTime)</visible>
                <control type="label">
                    <posy>4</posy>
                    <width>240</width>
                    <height>50</height>
                    <align>center</align>
                    <label>[B]$INFO[ListItem.PictureExpTime][/B]</label>
                    <font>Medium_Floor</font>
                    <textoffsetx>4</textoffsetx>
                    <wrapmultiline>true</wrapmultiline>
                    <textcolor>$VAR[FloorDiffuseVar]</textcolor>
                </control>
                <control type="label">
                    <posy>52</posy>
                    <width>240</width>
                    <height>30</height>
                    <align>center</align>
                    <label>[LOWERCASE]$LOCALIZE[21830][/LOWERCASE]</label>
                    <font>Medium_Small</font>
                    <textcolor>$VAR[FloorDiffuseVar]</textcolor>
                </control>
            </control>
            <control type="label">
                <posx>1442</posx>
                <posy>4</posy>
                <width>240</width>
                <height>82</height>
                <align>center</align>
                <label>[B]$INFO[ListItem.PictureDateTime][/B]</label>
                <wrapmultiline>true</wrapmultiline>
                <font>Medium_Floor_Caps</font>
                <textcolor>$VAR[FloorDiffuseVar]</textcolor>
            </control>
            <control type="label">
                <posx>1682</posx>
                <posy>4</posy>
                <width>240</width>
                <height>82</height>
                <align>center</align>
                <label>[B]$INFO[ListItem.Size][/B]</label>
                <wrapmultiline>true</wrapmultiline>
                <font>Medium_Floor_Caps</font>
                <textcolor>$VAR[FloorDiffuseVar]</textcolor>
            </control>
        </control>


        <control type="group" id="9999">
            <include>MediaMenuOverlay</include>
            <control type="grouplist">
                <include>MediaMenuGrouplist</include>
                <control type="button" id="2">
                    <description>View</description>
                    <include>MediaMenuButton</include>
                </control>
                <control type="button" id="3">
                    <description>Sort</description>
                    <include>MediaMenuButton</include>
                </control>
                <control type="togglebutton" id="4">
                    <description>Ascending</description>
                    <label>584</label>
                    <altlabel>585</altlabel>
                    <include>MediaMenuButton</include>
                </control>
                <control type="button" id="6">
                    <description>Slideshow</description>
                    <label>108</label>
                    <include>MediaMenuButton</include>
                    <visible>!ListItem.IsFolder</visible>
                </control>
                <control type="button" id="7">
                    <description>Recursive Slideshow</description>
                    <label>108</label>
                    <include>MediaMenuButton</include>
                    <visible>ListItem.IsFolder</visible>
                </control>
                <control type="radiobutton" id="9">
                    <description>Randomise</description>
                    <label>13319</label>
                    <include>MediaMenuButton</include>
                </control>
                <include>MediaMenuBottomButton</include>
            </control>
        </control>
    </controls>
</window>