<window id="600">
    <defaultcontrol always="true">50</defaultcontrol>
    <allowoverlay>no</allowoverlay>
    <views>50</views>
    <include>MediaMenuReset</include>
    <controls>
        <include>GlobalBackground</include>
        <include>NotificationCenter</include>
        <control type="group">
            <include>WindowEffect</include>
            <control type="group" id="110">
                <description>Search</description>
                <control type="group">
                    <posy>72</posy>
                    <control type="image">
                        <posx>30</posx>
                        <posy>40</posy>
                        <width>992</width>
                        <height>899</height>
                        <texture>dialogs/background_dark.png</texture>
                        <colordiffuse>BBFFFFFF</colordiffuse>
                    </control>
                    <control type="list" id="50">
                        <posx>30</posx>
                        <posy>40</posy>
                        <width>992</width>
                        <height>899</height>
                        <pagecontrol>60</pagecontrol>
                        <onleft>9010</onleft>
                        <onright>60</onright>
                        <onup>50</onup>
                        <ondown>50</ondown>
                        <viewtype label="535">list</viewtype>
                        <preloaditems>2</preloaditems>
                        <scrolltime tween="cubic" easing="out">500</scrolltime>
                        <include>PVRView_ListItemLayoutGuide</include>
                    </control>
                    <control type="scrollbar" id="60">
                        <description>Scrollbar</description>
                        <posx>1016</posx>
                        <posy>40</posy>
                        <height>899</height>
                        <width>6</width>
                        <onleft>50</onleft>
                        <onright>11122</onright>
                        <texturesliderbar>dialogs/scrollbar.png</texturesliderbar>
                        <texturesliderbarfocus>dialogs/scrollbar.png</texturesliderbarfocus>
                        <orientation>vertical</orientation>
                        <showonepage>false</showonepage>
                        <animation effect="fade" start="65" end="0" time="300" tween="sine" easing="inout" condition="!Control.IsVisible(9772) + !Control.HasFocus(60)">Conditional</animation>
                    </control>
                    <control type="group">
                        <description>Channel Info</description>
                        <posx>1022</posx>
                        <posy>40</posy>
                        <control type="image">
                            <width>868</width>
                            <height>899</height>
                            <texture>dialogs/background_grey.png</texture>
                            <colordiffuse>EFFFFFFF</colordiffuse>
                        </control>
                        <control type="group">
                            <visible>Container(50).ListItem.HasEpg</visible>
                            <control type="label">
                                <posx>30</posx>
                                <posy>20</posy>
                                <width>806</width>
                                <font>Medium_Caps3</font>
                                <label>$INFO[Container(50).ListItem.Title]</label>
                                <textcolor>White</textcolor>
                                <shadowcolor>22000000</shadowcolor>
                                <scroll>false</scroll>
                            </control>
                            <control type="label">
                                <posx>30</posx>
                                <posy>80</posy>
                                <width>806</width>
                                <font>Smaller</font>
                                <label>$INFO[Container(50).ListItem.StartTime,$LOCALIZE[142] ,]$INFO[Container(50).ListItem.EndTime, - ]$INFO[Container(50).ListItem.StartDate, • ]</label>
                                <textcolor>White2</textcolor>
                                <shadowcolor>22000000</shadowcolor>
                                <scroll>false</scroll>
                            </control>
                            <control type="label">
                                <posx>30</posx>
                                <posy>125</posy>
                                <width>806</width>
                                <font>Smaller</font>
                                <label>$INFO[Container(50).ListItem.NextTitle,$LOCALIZE[19031]: ,]</label>
                                <textcolor>White2</textcolor>
                                <shadowcolor>22000000</shadowcolor>
                                <scroll>false</scroll>
                            </control>
                            <control type="textbox">
                                <description>Plot</description>
                                <posx>30</posx>
                                <posy>200</posy>
                                <width>806</width>
                                <height>550</height>
                                <info>Container(50).ListItem.Plot</info>
                                <align>justify</align>
                                <textcolor>White</textcolor>
                                <shadowcolor>33000000</shadowcolor>
                                <autoscroll delay="13000" time="3000" repeat="13000">True</autoscroll>
                                <font>Normal</font>
                            </control>
                            <control type="label">
                                <description>Empty Plot</description>
                                <visible>IsEmpty(Container(50).ListItem.Plot)</visible>
                                <posx>30</posx>
                                <posy>300</posy>
                                <width>806</width>
                                <height>72</height>
                                <font>Medium_Caps3</font>
                                <label>$LOCALIZE[19055]</label>
                                <textcolor>White</textcolor>
                                <shadowcolor>22000000</shadowcolor>
                                <scroll>false</scroll>
                                <align>center</align>
                                <aligny>center</aligny>
                            </control>
                            <control type="label">
                                <posx>30</posx>
                                <posy>820</posy>
                                <height>60</height>
                                <width>766</width>
                                <font>Medium_Bold_Floor_Caps</font>
                                <label>$INFO[Container(50).ListItem.Genre]</label>
                                <textcolor>77FFFFFF</textcolor>
                                <shadowcolor>22000000</shadowcolor>
                                <scroll>false</scroll>
                            </control>
                        </control>
                        <control type="label">
                            <visible>!Container(50).ListItem.HasEpg</visible>
                            <posx>30</posx>
                            <posy>300</posy>
                            <width>766</width>
                            <height>72</height>
                            <font>Medium_Caps3</font>
                            <label>$LOCALIZE[19055]</label>
                            <textcolor>White</textcolor>
                            <shadowcolor>22000000</shadowcolor>
                            <scroll>false</scroll>
                            <align>center</align>
                            <aligny>center</aligny>
                        </control>
                    </control>
                </control>
            </control>
        </control>
        
        <include>BreadcrumbsLabel</include>
        <include>PVRMenu</include>

        <control type="label" id="29">
            <description>Hidden labels to can pass the values up one level</description>
            <visible>False</visible>
        </control>
        <control type="label" id="30">
            <description>Hidden labels to can pass the values up one level</description>
            <visible>False</visible>
        </control>

        <!-- Scrollbar visibility controls -->
        <control type="image" id="9773">
            <animation effect="fade" start="100" end="0" time="0" delay="1500">WindowOpen</animation>
        </control>
        <control type="image" id="9772">
            <animation effect="fade" start="0" end="100" time="0">Visible</animation>
            <animation effect="fade" start="100" end="0" time="0">Hidden</animation>
            <visible>Control.HasFocus(60) | !Control.IsVisible(9773)</visible>
        </control>
        <control type="image" id="9772">
            <animation effect="fade" start="0" end="100" time="0">Visible</animation>
            <animation effect="fade" start="100" end="0" time="0" delay="1500">Hidden</animation>
            <visible>!Control.HasFocus(60) + [[Container(10).Scrolling | Container(10).OnScrollNext | Container(10).OnScrollPrevious] | [Container(50).Scrolling | Container(50).OnScrollNext | Container(50).OnScrollPrevious] | [Container(12).Scrolling | Container(12).OnScrollNext | Container(12).OnScrollPrevious] | [Container(50).Scrolling | Container(50).OnScrollNext | Container(50).OnScrollPrevious] | [Container(50).Scrolling | Container(50).OnScrollNext | Container(50).OnScrollPrevious] | [Container(15).Scrolling | Container(15).OnScrollNext | Container(15).OnScrollPrevious] | [Container(16).Scrolling | Container(16).OnScrollNext | Container(16).OnScrollPrevious] | [Container(50).Scrolling | Container(50).OnScrollNext | Container(50).OnScrollPrevious]]</visible>
        </control>
    </controls>
</window>
