<window id="600">
    <defaultcontrol always="true">10</defaultcontrol>
    <allowoverlay>no</allowoverlay>
    <views>10,11,12,13</views>
    <include>MediaMenuReset</include>
    <controls>
        <include>GlobalBackground</include>
        <include>NotificationCenter</include>
        <control type="group">
            <include>WindowEffect</include>
            <include>PVRGuideViews</include>
        </control>
        
        <include>PVRBreadcrumb</include>
        <include>PVRMenu</include>

        <!-- Scrollbar visibility controls -->
        <control type="image" id="9773">
            <animation effect="fade" start="100" end="0" time="0" delay="1500">WindowOpen</animation>
        </control>
        <control type="image" id="9772">
            <animation effect="fade" start="0" end="100" time="0">Visible</animation>
            <animation effect="fade" start="100" end="0" time="0">Hidden</animation>
            <visible>Control.HasFocus(60) | !Control.IsVisible(9773)</visible>
        </control>
        <control type="image" id="9772">
            <animation effect="fade" start="0" end="100" time="0">Visible</animation>
            <animation effect="fade" start="100" end="0" time="0" delay="1500">Hidden</animation>
            <visible>!Control.HasFocus(60) + [[Container(10).Scrolling | Container(10).OnScrollNext | Container(10).OnScrollPrevious] | [Container(50).Scrolling | Container(50).OnScrollNext | Container(50).OnScrollPrevious] | [Container(12).Scrolling | Container(12).OnScrollNext | Container(12).OnScrollPrevious] | [Container(13).Scrolling | Container(13).OnScrollNext | Container(13).OnScrollPrevious] | [Container(14).Scrolling | Container(14).OnScrollNext | Container(14).OnScrollPrevious] | [Container(15).Scrolling | Container(15).OnScrollNext | Container(15).OnScrollPrevious] | [Container(16).Scrolling | Container(16).OnScrollNext | Container(16).OnScrollPrevious] | [Container(17).Scrolling | Container(17).OnScrollNext | Container(17).OnScrollPrevious]]</visible>
        </control>
    </controls>
</window>
