<?xml version="1.0" encoding="UTF-8"?>
<window id="6">
    <defaultcontrol always="true">50</defaultcontrol>
    <allowoverlay>yes</allowoverlay>
    <views>50,51,52,53,54,55</views>
    <onload>RunScript(script.tv.show.next.aired,backend=True)</onload>
    <include>MediaMenuReset</include>
    <controls>
        <include>GlobalBackground</include>
        <include>NotificationCenter</include>
        <control type="group">
            <include>WindowEffect</include>
            <include>View_50_List</include>
            <include>View_51_Icons</include>
            <include>View_52_ThumbWrap</include>
            <include>View_53_ShowCase</include>
            <include>View_54_InfoList</include>
            <include>View_55_SmallIcons</include>
        </control>
        <include>BreadcrumbsLabel</include>
        <control type="group" id="9999">
            <include>MediaMenuOverlay</include>
            <control type="grouplist">
                <include>MediaMenuGrouplist</include>
                <control type="button" id="2">
                    <description>View</description>
                    <include>MediaMenuButton</include>
                </control>
                <control type="button" id="3">
                    <description>Sort</description>
                    <include>MediaMenuButton</include>
                </control>
                <control type="togglebutton" id="4">
                    <description>Ascending</description>
                    <label>584</label>
                    <altlabel>585</altlabel>
                    <include>MediaMenuButton</include>
                </control>
                <control type="radiobutton" id="7">
                    <description>Stack</description>
                    <label>14000</label>
                    <include>MediaMenuButton</include>
                    <visible>Control.IsEnabled(7)</visible>
                </control>
                <control type="button" id="8">
                    <description>Search</description>
                    <label>137</label>
                    <include>MediaMenuButton</include>
                </control>
                <control type="button" id="10">
                    <description>Hide Watched</description>
                    <label>-</label>
                    <label2>[COLOR Blue2]$INFO[Container.NumItems][/COLOR]</label2>
                    <include>MediaMenuButton</include>
                </control>
                <control type="radiobutton" id="11">
                    <description>Unlock Shares</description>
                    <label>20336</label>
                    <onclick>xbmc.mastermode</onclick>
                    <selected>system.ismaster</selected>
                    <visible>system.haslocks</visible>
                    <include>MediaMenuButton</include>
                </control>
                <control type="radiobutton" id="16">
                    <description>PartyMode</description>
                    <label>589</label>
                    <include>MediaMenuButton</include>
                    <visible>Container.Content(MusicVideos)</visible>
                </control>
                <control type="radiobutton" id="17">
                    <description>Flatten</description>
                    <label>20411</label>
                    <include>MediaMenuButton</include>
                </control>
                <control type="edit" id="19">
                    <description>Activate Filter</description>
                    <label>587</label>
                    <hinttext></hinttext>
                    <height>72</height>
                    <include>MediaMenuButton</include>
                    <visible>Container.CanFilter + !Container.CanFilterAdvanced</visible>
                </control>
                <control type="radiobutton" id="20">
                    <description>Advanced Filter</description>
                    <label>587</label>
                    <height>72</height>
                    <include>MediaMenuButton</include>
                    <onclick condition="Control.IsVisible(52) | Control.IsVisible(53)">SetProperty(SlideFilterDialogup,True,Home)</onclick>
                    <onclick>ClearProperty(MediaMenu,Home)</onclick>
                    <onclick>Filter</onclick>
                    <visible>Container.CanFilterAdvanced</visible>
                </control>
                <control type="button" id="4001">
                    <description>ShowCaseWrap</description>
                    <label>$LOCALIZE[31046]:</label>
                    <label2>[COLOR Blue2]$VAR[ShowCaseNavLabelVar][/COLOR]</label2>
                    <onclick>Skin.ToggleSetting(showcasewrap)</onclick>
                    <onclick>ActivateWindow(1113)</onclick>
                    <onclick>ActivateWindow(videos)</onclick>
                    <include>MediaMenuButton</include>
                    <visible>Control.IsVisible(53)</visible>
                </control>
                <control type="button" id="4002">
                    <description>ShowCaseWrap</description>
                    <label>31006</label>
                    <onclick>ClearProperty(MediaMenu,Home)</onclick>
                    <onclick>ActivateWindow(1114)</onclick>
                    <include>MediaMenuButton</include>
                    <visible>Control.IsVisible(53) + system.getbool(input.enablemouse)</visible>
                </control>
                <control type="radiobutton" id="4003">
                    <description>ShowCase InfoPanel Toggle</description>
                    <label>31007</label>
                    <height>72</height>
                    <include>MediaMenuButton</include>
                    <onclick>Skin.ToggleSetting(ShowCase.InfoPanel)</onclick>
                    <selected>Skin.HasSetting(ShowCase.InfoPanel)</selected>
                    <visible>Control.IsVisible(53) + Container.Content(movies)</visible>
                </control>
                <control type="button" id="4004">
                    <description>InfoList.Plot toggle</description>
                    <label>31008</label>
                    <label2>[COLOR Blue2]$VAR[InfoList.NoPlotVar][/COLOR]</label2>
                    <onclick>ClearProperty(MediaMenu,Home)</onclick>
                    <onclick>Skin.ToggleSetting(InfoList.NoPlot)</onclick>
                    <include>MediaMenuButton</include>
                    <visible>Control.IsVisible(54) + !Container.Content(episodes)</visible>
                </control>
                <include>MediaMenuBottomButton</include>
            </control>
        </control>
    </controls>

</window>