<?xml version="1.0" encoding="UTF-8"?>
<window id="6">
    <defaultcontrol always="true">50</defaultcontrol>
    <allowoverlay>yes</allowoverlay>
    <views>50,52,53,54,55</views>
    <include>MediaMenuReset</include>
    <controls>
        <include>GlobalBackground</include>
        <include>NotificationCenter</include>
        <control type="group">
            <include>WindowEffect</include>
            <include>View_50_List</include>
            <include>View_52_ThumbWrap</include>
            <include>View_53_ShowCase</include>
            <include>View_54_InfoList</include>
            <include>View_55_SmallIcons</include>
        </control>
        <control type="group">
            <visible>Control.IsVisible(50)</visible>
            <include>FloorFlagsBack</include>
        </control>
        <control type="grouplist" id="6050">
            <posx>52</posx>
            <posy>90r</posy>
            <width>1816</width>
            <align>center</align>
            <orientation>horizontal</orientation>
            <itemgap>104</itemgap>
            <control type="label">
                <posx>0</posx>
                <posy>0</posy>
                <width>135</width>
                <height>90</height>
                <align>center</align>
                <label>[B]$INFO[ListItem.VideoResolution][/B]</label>
                <font>Large</font>
                <textcolor>$VAR[FloorDiffuseVar]</textcolor>
                <visible>!IsEmpty(ListItem.VideoResolution)</visible>
            </control>
            <control type="label">
                <posx>0</posx>
                <posy>0</posy>
                <width>135</width>
                <height>90</height>
                <align>center</align>
                <label>[B]$INFO[ListItem.VideoAspect,,:1][/B]</label>
                <font>Large</font>
                <textcolor>$VAR[FloorDiffuseVar]</textcolor>
                <visible>!IsEmpty(ListItem.VideoAspect)</visible>
            </control>
            <control type="group">
                <visible>!IsEmpty(ListItem.AudioChannels)</visible>
                <width>135</width>
                <control type="label">
                    <posy>2</posy>
                    <width>135</width>
                    <height>60</height>
                    <align>center</align>
                    <label>[B]$INFO[ListItem.AudioChannels][/B]</label>
                    <font>Large</font>
                    <textcolor>$VAR[FloorDiffuseVar]</textcolor>
                </control>
                <control type="label">
                    <posy>52</posy>
                    <width>135</width>
                    <height>30</height>
                    <align>center</align>
                    <label>[LOWERCASE]$LOCALIZE[19019][/LOWERCASE]</label>
                    <font>Medium_Small</font>
                    <textcolor>$VAR[FloorDiffuseVar]</textcolor>
                </control>
            </control>
            <control type="image">
                <include>MediaFlagVars</include>
                <texture>$INFO[ListItem.AudioCodec,flags/audio/,.png]</texture>
                <visible>!IsEmpty(ListItem.AudioCodec)</visible>
            </control>
            <control type="group">
                <width>135</width>
                <control type="image" id="800011">
                    <include>MediaFlagVars</include>
                    <bordersize>2</bordersize>
                    <texture>$INFO[ListItem.Studio,flags/studios/,.png]</texture>
                </control>
                <control type="label">
                    <posx>-10</posx>
                    <width>155</width>
                    <height>90</height>
                    <align>center</align>
                    <label>$INFO[ListItem.Studio]</label>
                    <font>Very_Small_Caps</font>
                    <textcolor>$VAR[FloorDiffuseVar]</textcolor>
                    <wrapmultiline>true</wrapmultiline>
                    <visible>IsEmpty(Control.GetLabel(800011))</visible>
                </control>
            </control>
            <control type="group">
                <width>135</width>
                <control type="label">
                    <posx>0</posx>
                    <posy>0</posy>
                    <width>135</width>
                    <height>90</height>
                    <align>center</align>
                    <label>[B]$INFO[ListItem.Year][/B]</label>
                    <font>Large</font>
                    <textcolor>$VAR[FloorDiffuseVar]</textcolor>
                </control>
            </control>
            <control type="group">
                <width>135</width>
                <control type="label">
                    <posx>-30</posx>
                    <posy>2</posy>
                    <width>195</width>
                    <height>60</height>
                    <align>center</align>
                    <label>[B]$VAR[DurationVar][/B]</label>
                    <font>Large</font>
                    <textcolor>$VAR[FloorDiffuseVar]</textcolor>
                </control>
                <control type="label">
                    <posy>52</posy>
                    <width>135</width>
                    <height>30</height>
                    <align>center</align>
                    <label>[LOWERCASE]$LOCALIZE[12391][/LOWERCASE]</label>
                    <font>Medium_Small</font>
                    <textcolor>$VAR[FloorDiffuseVar]</textcolor>
                </control>
            </control>
            <control type="image">
                <include>MediaFlagVars</include>
                <texture fallback="flags/stars/0.0.png">$INFO[ListItem.Rating,flags/stars/,.png]</texture>
                <animation type="Conditional" reversible="false" condition="true">
                    <effect type="zoom" start="100" end="130" center="auto" easing="in" tween="cubic" time="0" />
                </animation>
            </control>
        </control>
        <control type="group" id="9999">
            <include>MediaMenuOverlay</include>
            <control type="grouplist">
                <include>MediaMenuGrouplist</include>
                <control type="button" id="2">
                    <description>View</description>
                    <include>MediaMenuButton</include>
                </control>
                <control type="button" id="3">
                    <description>Sort</description>
                    <include>MediaMenuButton</include>
                </control>
                <control type="togglebutton" id="4">
                    <description>Ascending</description>
                    <label>584</label>
                    <altlabel>585</altlabel>
                    <include>MediaMenuButton</include>
                </control>
                <control type="radiobutton" id="20">
                    <description>Shuffle</description>
                    <label>191</label>
                    <include>MediaMenuButton</include>
                </control>
                <control type="button" id="21">
                    <description>Save</description>
                    <label>190</label>
                    <include>MediaMenuButton</include>
                </control>
                <control type="button" id="22">
                    <description>Clear</description>
                    <label>192</label>
                    <include>MediaMenuButton</include>
                </control>
                <control type="button" id="23">
                    <description>Play</description>
                    <label>208</label>
                    <include>MediaMenuButton</include>
                </control>
                <include>MediaMenuBottomButton</include>
            </control>
        </control>
    </controls>
</window>