<?xml version="1.0" encoding="UTF-8"?>
<window id="2600">
    <defaultcontrol always="true">2</defaultcontrol>
    <allowoverlay>yes</allowoverlay>
    <include>MediaMenuReset</include>
    <controls>
        <control type="group">
            <control type="label" id="223">
                <posy>0</posy>
                <posx>0</posx>
                <width>700</width>
                <height>115</height>
                <font>-</font>
                <textcolor>White2</textcolor>
                <textoffsetx>15</textoffsetx>
            </control>
            <control type="label" id="224">
                <posy>0</posy>
                <posx>0</posx>
                <width>700</width>
                <height>115</height>
                <font>-</font>
                <textcolor>White2</textcolor>
                <textoffsetx>15</textoffsetx>
            </control>
            <control type="label" id="225">
                <posy>0</posy>
                <posx>0</posx>
                <width>700</width>
                <height>115</height>
                <font>-</font>
                <textcolor>White2</textcolor>
                <textoffsetx>15</textoffsetx>
            </control>
            <control type="label" id="226">
                <posy>0</posy>
                <posx>0</posx>
                <width>700</width>
                <height>115</height>
                <font>-</font>
                <textcolor>White2</textcolor>
                <textoffsetx>15</textoffsetx>
            </control>
            <control type="label" id="227">
                <posy>0</posy>
                <posx>0</posx>
                <width>700</width>
                <height>115</height>
                <font>-</font>
                <textcolor>White2</textcolor>
                <textoffsetx>15</textoffsetx>
            </control>
            <control type="label" id="228">
                <posy>0</posy>
                <posx>0</posx>
                <width>700</width>
                <height>115</height>
                <font>-</font>
                <textcolor>White2</textcolor>
                <textoffsetx>15</textoffsetx>
            </control>
        </control>
        <control type="fadelabel" id="6053">
            <posy>-100</posy>
            <width>3640</width>
            <height>60</height>
            <textcolor>-</textcolor>
            <pauseatend>10000</pauseatend>
            <label>$INFO[Window(Home).Property(RandomMovie.1.Art(fanart))]</label>
            <label>$INFO[Window(Home).Property(RandomMovie.2.Art(fanart))]</label>
            <label>$INFO[Window(Home).Property(RandomMovie.3.Art(fanart))]</label>
            <label>$INFO[Window(Home).Property(RandomMovie.4.Art(fanart))]</label>
            <label>$INFO[Window(Home).Property(RandomMovie.5.Art(fanart))]</label>
            <label>$INFO[Window(Home).Property(RandomMovie.6.Art(fanart))]</label>
            <label>$INFO[Window(Home).Property(RandomMovie.7.Art(fanart))]</label>
            <label>$INFO[Window(Home).Property(RandomMovie.8.Art(fanart))]</label>
            <label>$INFO[Window(Home).Property(RandomMovie.9.Art(fanart))]</label>
            <label>$INFO[Window(Home).Property(RandomMovie.10.Art(fanart))]</label>
            <label>$INFO[Window(Home).Property(RandomMovie.11.Art(fanart))]</label>
            <label>$INFO[Window(Home).Property(RandomMovie.12.Art(fanart))]</label>
            <label>$INFO[Window(Home).Property(RandomMovie.13.Art(fanart))]</label>
            <label>$INFO[Window(Home).Property(RandomMovie.14.Art(fanart))]</label>
            <label>$INFO[Window(Home).Property(RandomMovie.15.Art(fanart))]</label>
            <label>$INFO[Window(Home).Property(RandomMovie.16.Art(fanart))]</label>
            <label>$INFO[Window(Home).Property(RandomMovie.17.Art(fanart))]</label>
            <label>$INFO[Window(Home).Property(RandomMovie.18.Art(fanart))]</label>
            <label>$INFO[Window(Home).Property(RandomMovie.19.Art(fanart))]</label>
            <label>$INFO[Window(Home).Property(RandomMovie.20.Art(fanart))]</label>
            <visible>StringCompare(Skin.String(DefaultBG),1)</visible>
        </control>
        <control type="fadelabel" id="6054">
            <posy>-100</posy>
            <width>3640</width>
            <height>60</height>
            <textcolor>-</textcolor>
            <pauseatend>10000</pauseatend>
            <label>$INFO[Window(Home).Property(RandomAlbum.1.Art(fanart))]</label>
            <label>$INFO[Window(Home).Property(RandomAlbum.2.Art(fanart))]</label>
            <label>$INFO[Window(Home).Property(RandomAlbum.3.Art(fanart))]</label>
            <label>$INFO[Window(Home).Property(RandomAlbum.4.Art(fanart))]</label>
            <label>$INFO[Window(Home).Property(RandomAlbum.5.Art(fanart))]</label>
            <label>$INFO[Window(Home).Property(RandomAlbum.6.Art(fanart))]</label>
            <label>$INFO[Window(Home).Property(RandomAlbum.7.Art(fanart))]</label>
            <label>$INFO[Window(Home).Property(RandomAlbum.8.Art(fanart))]</label>
            <label>$INFO[Window(Home).Property(RandomAlbum.9.Art(fanart))]</label>
            <label>$INFO[Window(Home).Property(RandomAlbum.10.Art(fanart))]</label>
            <label>$INFO[Window(Home).Property(RandomAlbum.11.Art(fanart))]</label>
            <label>$INFO[Window(Home).Property(RandomAlbum.12.Art(fanart))]</label>
            <label>$INFO[Window(Home).Property(RandomAlbum.13.Art(fanart))]</label>
            <label>$INFO[Window(Home).Property(RandomAlbum.14.Art(fanart))]</label>
            <label>$INFO[Window(Home).Property(RandomAlbum.15.Art(fanart))]</label>
            <label>$INFO[Window(Home).Property(RandomAlbum.16.Art(fanart))]</label>
            <label>$INFO[Window(Home).Property(RandomAlbum.17.Art(fanart))]</label>
            <label>$INFO[Window(Home).Property(RandomAlbum.18.Art(fanart))]</label>
            <label>$INFO[Window(Home).Property(RandomAlbum.19.Art(fanart))]</label>
            <label>$INFO[Window(Home).Property(RandomAlbum.20.Art(fanart))]</label>
            <label>$INFO[Window(Home).Property(RandomArtist.1.Art(fanart))]</label>
            <label>$INFO[Window(Home).Property(RandomArtist.2.Art(fanart))]</label>
            <label>$INFO[Window(Home).Property(RandomArtist.3.Art(fanart))]</label>
            <label>$INFO[Window(Home).Property(RandomArtist.4.Art(fanart))]</label>
            <label>$INFO[Window(Home).Property(RandomArtist.5.Art(fanart))]</label>
            <label>$INFO[Window(Home).Property(RandomArtist.6.Art(fanart))]</label>
            <label>$INFO[Window(Home).Property(RandomArtist.7.Art(fanart))]</label>
            <label>$INFO[Window(Home).Property(RandomArtist.8.Art(fanart))]</label>
            <label>$INFO[Window(Home).Property(RandomArtist.9.Art(fanart))]</label>
            <label>$INFO[Window(Home).Property(RandomArtist.10.Art(fanart))]</label>
            <label>$INFO[Window(Home).Property(RandomArtist.11.Art(fanart))]</label>
            <label>$INFO[Window(Home).Property(RandomArtist.12.Art(fanart))]</label>
            <label>$INFO[Window(Home).Property(RandomArtist.13.Art(fanart))]</label>
            <label>$INFO[Window(Home).Property(RandomArtist.14.Art(fanart))]</label>
            <label>$INFO[Window(Home).Property(RandomArtist.15.Art(fanart))]</label>
            <label>$INFO[Window(Home).Property(RandomArtist.16.Art(fanart))]</label>
            <label>$INFO[Window(Home).Property(RandomArtist.17.Art(fanart))]</label>
            <label>$INFO[Window(Home).Property(RandomArtist.18.Art(fanart))]</label>
            <label>$INFO[Window(Home).Property(RandomArtist.19.Art(fanart))]</label>
            <label>$INFO[Window(Home).Property(RandomArtist.20.Art(fanart))]</label>
            <visible>StringCompare(Skin.String(DefaultBG),1)</visible>
        </control>
        <control type="fadelabel" id="6055">
            <posy>-100</posy>
            <width>1920</width>
            <height>60</height>
            <textcolor>-</textcolor>
            <pauseatend>10000</pauseatend>
            <label>$INFO[Window(Home).Property(RandomEpisode.1.Art(tvshow.fanart))]</label>
            <label>$INFO[Window(Home).Property(RandomEpisode.2.Art(tvshow.fanart))]</label>
            <label>$INFO[Window(Home).Property(RandomEpisode.3.Art(tvshow.fanart))]</label>
            <label>$INFO[Window(Home).Property(RandomEpisode.4.Art(tvshow.fanart))]</label>
            <label>$INFO[Window(Home).Property(RandomEpisode.5.Art(tvshow.fanart))]</label>
            <label>$INFO[Window(Home).Property(RandomEpisode.6.Art(tvshow.fanart))]</label>
            <label>$INFO[Window(Home).Property(RandomEpisode.7.Art(tvshow.fanart))]</label>
            <label>$INFO[Window(Home).Property(RandomEpisode.8.Art(tvshow.fanart))]</label>
            <label>$INFO[Window(Home).Property(RandomEpisode.9.Art(tvshow.fanart))]</label>
            <label>$INFO[Window(Home).Property(RandomEpisode.10.Art(tvshow.fanart))]</label>
            <label>$INFO[Window(Home).Property(RandomEpisode.11.Art(tvshow.fanart))]</label>
            <label>$INFO[Window(Home).Property(RandomEpisode.12.Art(tvshow.fanart))]</label>
            <label>$INFO[Window(Home).Property(RandomEpisode.13.Art(tvshow.fanart))]</label>
            <label>$INFO[Window(Home).Property(RandomEpisode.14.Art(tvshow.fanart))]</label>
            <label>$INFO[Window(Home).Property(RandomEpisode.15.Art(tvshow.fanart))]</label>
            <label>$INFO[Window(Home).Property(RandomEpisode.16.Art(tvshow.fanart))]</label>
            <label>$INFO[Window(Home).Property(RandomEpisode.17.Art(tvshow.fanart))]</label>
            <label>$INFO[Window(Home).Property(RandomEpisode.18.Art(tvshow.fanart))]</label>
            <label>$INFO[Window(Home).Property(RandomEpisode.19.Art(tvshow.fanart))]</label>
            <label>$INFO[Window(Home).Property(RandomEpisode.20.Art(tvshow.fanart))]</label>
            <visible>StringCompare(Skin.String(DefaultBG),1)</visible>
        </control>
        <control type="multiimage">
            <include>Dimensions_Fullscreen</include>
            <fadetime>800</fadetime>
            <randomize>true</randomize>
            <imagepath background="true">$VAR[GlobalBackgroundVar]</imagepath>
            <colordiffuse>$VAR[FanartDiffuseVar]</colordiffuse>
            <visible>![Skin.HasSetting(ShowWeatherFanart) + !IsEmpty(Skin.String(WeatherFanartDir))]</visible>
        </control>
        <control type="multiimage">
            <include>Dimensions_Fullscreen</include>
            <fadetime>800</fadetime>
            <randomize>true</randomize>
            <imagepath background="true">$INFO[Skin.String(WeatherFanartDir)]$INFO[Window(Weather).Property(Current.FanartCode)]</imagepath>
            <visible>Skin.HasSetting(ShowWeatherFanart) + !IsEmpty(Skin.String(WeatherFanartDir))</visible>
        </control>
        <control type="group">
            <control type="image">
                <posy>0</posy>
                <animation effect="slide" start="0,0" end="0,20" time="500" tween="cubic" easing="out" condition="Control.IsVisible(53)">Conditional</animation>
                <include>Dimensions_Fullscreen</include>
                <texture border="1">background/floor_back.png</texture>
                <animation type="WindowOpen" reversible="false">
                    <effect type="fade" start="0" end="100" time="300" />
                </animation>
                <animation type="WindowClose" reversible="false">
                    <effect type="fade" start="100" end="0" time="300" />
                </animation>
            </control>
            <control type="image">
                <posx>185</posx>
                <posy>740</posy>
                <width>1550</width>
                <height>262</height>
                <texture>background/mid_fade.png</texture>
                <colordiffuse>$VAR[ThemeColorVar]</colordiffuse>
                <animation effect="slide" start="0,0" end="0,20" time="500" tween="cubic" easing="out" condition="Control.IsVisible(53)">Conditional</animation>
                <animation type="WindowOpen" reversible="false">
                    <effect type="fade" start="0" end="100" time="300" />
                </animation>
                <animation type="WindowClose" reversible="false">
                    <effect type="fade" start="100" end="0" time="300" />
                </animation>
            </control>
            <control type="image">
                <posy>160r</posy>
                <width>1920</width>
                <height>160</height>
                <texture>background/bottom_fade_under.png</texture>
            </control>
            <control type="image">
                <posy>219r</posy>
                <width>1920</width>
                <height>219</height>
                <texture>background/bottom_fade.png</texture>
            </control>
        </control>
        <include>NotificationCenter</include>
        <control type="grouplist" id="5000">
            <posx>0</posx>
            <posy>0</posy>
            <width>1830</width>
            <height>68</height>
            <itemgap>0</itemgap>
            <align>right</align>
            <onup>50</onup>
            <ondown condition="Control.IsEnabled(13)">13</ondown>
            <ondown condition="!Control.IsEnabled(13)">4002</ondown>
            <orientation>horizontal</orientation>
            <control type="group">
                <description>Refresh Button</description>
                <width>90</width>
                <height>72</height>
                <control type="button" id="2">
                    <posx>0</posx>
                    <posy>0</posy>
                    <width>90</width>
                    <height>72</height>
                    <onleft>11119</onleft>
                    <onright>11122</onright>
                    <font>-</font>
                    <ondown>600</ondown>
                </control>
                <control type="image">
                    <posx>21</posx>
                    <posy>12</posy>
                    <width>48</width>
                    <height>48</height>
                    <texture>icons/sync.png</texture>
                </control>
            </control>
        </control>
        <control type="group" id="8000">
            <include>WindowEffect</include>
            <control type="group">
                <posx>0</posx>
                <posy>230</posy>
                <control type="image">
                    <posx>0</posx>
                    <posy>341</posy>
                    <width>642</width>
                    <height>342</height>
                    <texture border="21">thumbs/thumb_shadow.png</texture>
                </control>
                <control type="image">
                    <posx>21</posx>
                    <posy>362</posy>
                    <width>600</width>
                    <height>100</height>
                    <texture>dialogs/toast_back.png</texture>
                </control>
                <control type="image">
                    <posx>21</posx>
                    <posy>462</posy>
                    <width>600</width>
                    <height>100</height>
                    <texture>dialogs/toast_back.png</texture>
                </control>
                <control type="image">
                    <posx>21</posx>
                    <posy>562</posy>
                    <width>600</width>
                    <height>100</height>
                    <texture>dialogs/toast_back.png</texture>
                </control>
                <control type="image">
                    <posx>21</posx>
                    <posy>362</posy>
                    <width>600</width>
                    <height>300</height>
                    <texture flipx="true">dialogs/panel_overlay.png</texture>
                </control>
                <control type="panel" id="700">
                    <posx>21</posx>
                    <posy>362</posy>
                    <width>600</width>
                    <height>620</height>
                    <onleft>600</onleft>
                    <onright>800</onright>
                    <onup>9010</onup>
                    <ondown>9010</ondown>
                    <scrolltime>0</scrolltime>
                    <preloaditems>2</preloaditems>
                    <orientation>vertical</orientation>
                    <visible>Weather.IsFetched</visible>
                    <itemlayout width="600" height="100">
                        <control type="label">
                            <posy>0</posy>
                            <posx>0</posx>
                            <width>600</width>
                            <height>100</height>
                            <font>Medium_Caps</font>
                            <info>ListItem.Label</info>
                            <textcolor>White2</textcolor>
                            <textoffsetx>15</textoffsetx>
                        </control>
                        <control type="label">
                            <posy>0</posy>
                            <posx>600</posx>
                            <width>600</width>
                            <height>100</height>
                            <align>right</align>
                            <font>Medium_Caps</font>
                            <info>ListItem.Label2</info>
                            <textcolor>White2</textcolor>
                            <textoffsetx>15</textoffsetx>
                        </control>
                        <control type="image">
                            <posx>526</posx>
                            <posy>18</posy>
                            <width>64</width>
                            <height>64</height>
                            <texture>$INFO[ListItem.Icon]</texture>
                            <colordiffuse>White2</colordiffuse>
                        </control>
                    </itemlayout>
                    <focusedlayout width="600" height="100">
                        <control type="label">
                            <posy>0</posy>
                            <posx>0</posx>
                            <width>600</width>
                            <height>100</height>
                            <font>Medium_Caps</font>
                            <info>ListItem.Label</info>
                            <textoffsetx>15</textoffsetx>
                        </control>
                        <control type="label">
                            <posy>0</posy>
                            <posx>600</posx>
                            <width>600</width>
                            <height>100</height>
                            <align>right</align>
                            <font>Medium_Caps</font>
                            <info>ListItem.Label2</info>
                            <textoffsetx>15</textoffsetx>
                        </control>
                        <control type="image">
                            <posx>526</posx>
                            <posy>18</posy>
                            <width>64</width>
                            <height>64</height>
                            <texture>$INFO[ListItem.Icon]</texture>
                        </control>
                    </focusedlayout>
                    <content>
                        <item id="1">
                            <label>$INFO[Control.GetLabel(225)]</label>
                            <label2>$INFO[Window(weather).Property(Current.UVIndex)]</label2>
                            <icon>-</icon>
                            <onclick>noop</onclick>
                        </item>
                        <item id="2">
                            <label>$INFO[Control.GetLabel(226)]</label>
                            <label2>$INFO[Window(weather).Property(Current.Wind)]</label2>
                            <icon>-</icon>
                            <onclick>noop</onclick>
                        </item>
                        <item id="3">
                            <label>$INFO[Control.GetLabel(227)]</label>
                            <label2>$INFO[Window(weather).Property(Current.DewPoint)]$INFO[System.TemperatureUnits, ]</label2>
                            <icon>-</icon>
                            <onclick>noop</onclick>
                        </item>
                    </content>
                </control>
                <control type="image">
                    <posx>21</posx>
                    <posy>662</posy>
                    <width>589</width>
                    <height>119</height>
                    <texture>reflect.png</texture>
                </control>
            </control>
            <control type="group">
                <posx>1278</posx>
                <posy>230</posy>
                <control type="image">
                    <posx>0</posx>
                    <posy>341</posy>
                    <width>642</width>
                    <height>342</height>
                    <texture border="21">thumbs/thumb_shadow.png</texture>
                </control>
                <control type="image">
                    <posx>21</posx>
                    <posy>362</posy>
                    <width>600</width>
                    <height>100</height>
                    <texture>dialogs/toast_back.png</texture>
                </control>
                <control type="image">
                    <posx>21</posx>
                    <posy>462</posy>
                    <width>600</width>
                    <height>100</height>
                    <texture>dialogs/toast_back.png</texture>
                </control>
                <control type="image">
                    <posx>21</posx>
                    <posy>562</posy>
                    <width>600</width>
                    <height>100</height>
                    <texture>dialogs/toast_back.png</texture>
                </control>
                <control type="image">
                    <posx>21</posx>
                    <posy>362</posy>
                    <width>600</width>
                    <height>300</height>
                    <texture>dialogs/panel_overlay.png</texture>
                </control>
                <control type="panel" id="600">
                    <posx>21</posx>
                    <posy>362</posy>
                    <width>600</width>
                    <height>300</height>
                    <onleft>9010</onleft>
                    <onright>9010</onright>
                    <onup>600</onup>
                    <ondown>600</ondown>
                    <scrolltime>0</scrolltime>
                    <preloaditems>2</preloaditems>
                    <orientation>vertical</orientation>
                    <visible>Weather.IsFetched</visible>
                    <itemlayout width="600" height="100">
                        <control type="label">
                            <posy>0</posy>
                            <posx>0</posx>
                            <width>600</width>
                            <height>100</height>
                            <font>Medium_Caps</font>
                            <info>ListItem.Label</info>
                            <textcolor>White2</textcolor>
                            <textoffsetx>15</textoffsetx>
                        </control>
                        <control type="label">
                            <posy>0</posy>
                            <posx>600</posx>
                            <width>600</width>
                            <height>100</height>
                            <align>right</align>
                            <font>Medium_Caps</font>
                            <info>ListItem.Label2</info>
                            <textcolor>White2</textcolor>
                            <textoffsetx>15</textoffsetx>
                        </control>
                        <control type="image">
                            <posx>526</posx>
                            <posy>18</posy>
                            <width>64</width>
                            <height>64</height>
                            <texture>$INFO[ListItem.Icon]</texture>
                            <visible>Container(800).HasFocus(3)</visible>
                            <colordiffuse>White2</colordiffuse>
                        </control>
                    </itemlayout>
                    <focusedlayout width="600" height="100">
                        <control type="image">
                            <posx>0</posx>
                            <posy>0</posy>
                            <width>600</width>
                            <height>100</height>
                            <texture>dialogs/listitem_focus.png</texture>
                        </control>
                        <control type="label">
                            <posy>0</posy>
                            <posx>0</posx>
                            <width>600</width>
                            <height>100</height>
                            <font>Medium_Caps</font>
                            <info>ListItem.Label</info>
                            <textoffsetx>15</textoffsetx>
                        </control>
                        <control type="label">
                            <posy>0</posy>
                            <posx>600</posx>
                            <width>600</width>
                            <height>100</height>
                            <align>right</align>
                            <font>Medium_Caps</font>
                            <info>ListItem.Label2</info>
                            <textoffsetx>15</textoffsetx>
                        </control>
                    </focusedlayout>
                    <content>
                        <item>
                            <label>$INFO[Window(weather).Property(Day1.Title)]</label>
                            <label2>$INFO[Window(weather).Property(Day1.LowTemp),[COLOR Blue]]$INFO[System.TemperatureUnits, ,[/COLOR]]$INFO[Window(weather).Property(Day1.HighTemp), | [COLOR Red]]$INFO[System.TemperatureUnits, ,[/COLOR]]</label2>
                            <icon>-</icon>
                            <onclick>noop</onclick>
                        </item>
                        <item>
                            <label>$INFO[Window(weather).Property(Day2.Title)]</label>
                            <label2>$INFO[Window(weather).Property(Day2.LowTemp),[COLOR Blue]]$INFO[System.TemperatureUnits, ,[/COLOR]]$INFO[Window(weather).Property(Day3.HighTemp), | [COLOR Red]]$INFO[System.TemperatureUnits, ,[/COLOR]]</label2>
                            <icon>-</icon>
                            <onclick>noop</onclick>
                        </item>
                        <item>
                            <label>$INFO[Window(weather).Property(Day3.Title)]</label>
                            <label2>$INFO[Window(weather).Property(Day3.LowTemp),[COLOR Blue]]$INFO[System.TemperatureUnits, ,[/COLOR]]$INFO[Window(weather).Property(Day3.HighTemp), | [COLOR Red]]$INFO[System.TemperatureUnits, ,[/COLOR]]</label2>
                            <icon>-</icon>
                            <onclick>noop</onclick>
                        </item>
                        <item>
                            <label>$INFO[Window(weather).Property(Day4.Title)]</label>
                            <label2>$INFO[Window(weather).Property(Day4.LowTemp),[COLOR Blue]]$INFO[System.TemperatureUnits, ,[/COLOR]]$INFO[Window(weather).Property(Day4.HighTemp), | [COLOR Red]]$INFO[System.TemperatureUnits, ,[/COLOR]]</label2>
                            <icon>-</icon>
                            <onclick>noop</onclick>
                        </item>
                        <item>
                            <label>$INFO[Window(weather).Property(Day5.Title)]</label>
                            <label2>$INFO[Window(weather).Property(Day5.LowTemp),[COLOR Blue]]$INFO[System.TemperatureUnits, ,[/COLOR]]$INFO[Window(weather).Property(Day5.HighTemp), | [COLOR Red]]$INFO[System.TemperatureUnits, ,[/COLOR]]</label2>
                            <icon>-</icon>
                            <onclick>noop</onclick>
                        </item>
                        <item>
                            <label>$INFO[Window(weather).Property(Day6.Title)]</label>
                            <label2>$INFO[Window(weather).Property(Day6.LowTemp),[COLOR Blue]]$INFO[System.TemperatureUnits, ,[/COLOR]]$INFO[Window(weather).Property(Day6.HighTemp), | [COLOR Red]]$INFO[System.TemperatureUnits, ,[/COLOR]]</label2>
                            <icon>-</icon>
                            <onclick>noop</onclick>
                        </item>
                    </content>
                </control>
                <control type="image">
                    <posx>32</posx>
                    <posy>662</posy>
                    <width>589</width>
                    <height>119</height>
                    <texture>reflect.png</texture>
                </control>
            </control>
            <control type="group">
                <!-- Movies -->
                <posx>589</posx>
                <posy>210</posy>
                <control type="image">
                    <posx>0</posx>
                    <posy>341</posy>
                    <width>742</width>
                    <height>387</height>
                    <texture border="21">thumbs/thumb_shadow.png</texture>
                </control>
                <control type="image">
                    <posx>21</posx>
                    <posy>362</posy>
                    <width>700</width>
                    <height>115</height>
                    <texture>dialogs/toast_back.png</texture>
                </control>
                <control type="image">
                    <posx>21</posx>
                    <posy>477</posy>
                    <width>700</width>
                    <height>115</height>
                    <texture>dialogs/toast_back.png</texture>
                </control>
                <control type="image">
                    <posx>21</posx>
                    <posy>592</posy>
                    <width>700</width>
                    <height>115</height>
                    <texture>dialogs/toast_back.png</texture>
                </control>
                <control type="image">
                    <posx>21</posx>
                    <posy>362</posy>
                    <width>700</width>
                    <height>345</height>
                    <texture>dialogs/panel_overlay.png</texture>
                </control>
                <control type="panel" id="800">
                    <posx>21</posx>
                    <posy>362</posy>
                    <width>700</width>
                    <height>345</height>
                    <onleft>700</onleft>
                    <onright>600</onright>
                    <onup>9010</onup>
                    <ondown>9010</ondown>
                    <scrolltime>0</scrolltime>
                    <preloaditems>2</preloaditems>
                    <orientation>vertical</orientation>
                    <visible>Weather.IsFetched</visible>
                    <itemlayout width="700" height="115">
                        <control type="label">
                            <posy>0</posy>
                            <posx>0</posx>
                            <width>700</width>
                            <height>115</height>
                            <font>Medium_Caps3</font>
                            <info>ListItem.Label</info>
                            <textcolor>White2</textcolor>
                            <textoffsetx>15</textoffsetx>
                        </control>
                        <control type="label">
                            <posy>0</posy>
                            <posx>700</posx>
                            <width>700</width>
                            <height>115</height>
                            <align>right</align>
                            <font>Medium_Caps3</font>
                            <info>ListItem.Label2</info>
                            <textcolor>White2</textcolor>
                            <textoffsetx>15</textoffsetx>
                        </control>
                        <control type="image">
                            <posx>626</posx>
                            <posy>25</posy>
                            <width>64</width>
                            <height>64</height>
                            <texture>$INFO[ListItem.Icon]</texture>
                            <colordiffuse>White2</colordiffuse>
                        </control>
                    </itemlayout>
                    <focusedlayout width="700" height="115">
                        <control type="label">
                            <posy>0</posy>
                            <posx>0</posx>
                            <width>700</width>
                            <height>115</height>
                            <font>Medium_Caps3</font>
                            <info>ListItem.Label</info>
                            <textoffsetx>15</textoffsetx>
                        </control>
                        <control type="label">
                            <posy>0</posy>
                            <posx>700</posx>
                            <width>700</width>
                            <height>115</height>
                            <align>right</align>
                            <font>Medium_Caps3</font>
                            <info>ListItem.Label2</info>
                            <textoffsetx>15</textoffsetx>
                        </control>
                        <control type="image">
                            <posx>626</posx>
                            <posy>25</posy>
                            <width>64</width>
                            <height>64</height>
                            <texture>$INFO[ListItem.Icon]</texture>
                        </control>
                    </focusedlayout>
                    <content>
                        <item id="1">
                            <label>$INFO[Control.GetLabel(223)]</label>
                            <label2>$INFO[Window(weather).Property(Current.Temperature)]$INFO[System.TemperatureUnits, ]</label2>
                            <icon>-</icon>
                            <onclick>noop</onclick>
                        </item>
                        <item id="2">
                            <label>$INFO[Control.GetLabel(224)]</label>
                            <label2>$INFO[Window(weather).Property(Current.FeelsLike)]$INFO[System.TemperatureUnits, ]</label2>
                            <icon>-</icon>
                            <onclick>noop</onclick>
                        </item>
                        <item id="3">
                            <label>$INFO[Control.GetLabel(228)]</label>
                            <label2>$INFO[Window(weather).Property(Current.Humidity)]</label2>
                            <icon>-</icon>
                            <onclick>noop</onclick>
                        </item>
                    </content>
                </control>
                <control type="image">
                    <posx>21</posx>
                    <posy>707</posy>
                    <width>700</width>
                    <height>119</height>
                    <texture>reflect.png</texture>
                </control>
            </control>
        </control>
        <control type="button">
            <posy>90r</posy>
            <width>1920</width>
            <height>90</height>
            <font>Medium_Bold_Floor_Caps</font>
            <label>$LOCALIZE[31037]</label>
            <label2>$INFO[Window(Weather).Property(WeatherProvider)]</label2>
            <aligny>top</aligny>
            <textoffsety>28</textoffsety>
            <textoffsetx>30</textoffsetx>
            <texturenofocus border="18">-</texturenofocus>
            <disabledcolor>Floor</disabledcolor>
            <enable>no</enable>
            <visible>![Control.IsVisible(50) | Control.IsVisible(51) | Control.IsVisible(55)]</visible>
            <include>WindowEffect</include>
        </control>
        <control type="group" id="9999">
            <include>MediaMenuOverlay</include>
            <control type="grouplist">
                <include>MediaMenuGrouplist</include>
                <control type="spincontrolex" id="3">
                    <description>Change location</description>
                    <include>MediaMenuButton</include>
                </control>
                <control type="radiobutton" id="4001">
                    <description>Fanart Toggle</description>
                    <include>MediaMenuButton</include>
                    <label>31036</label>
                    <onclick>Skin.ToggleSetting(ShowWeatherFanart)</onclick>
                    <selected>Skin.HasSetting(ShowWeatherFanart)</selected>
                </control>
                <control type="button" id="4002">
                    <description>Multi image</description>
                    <label>31035</label>
                    <onclick>Skin.SetPath(WeatherFanartDir)</onclick>
                    <include>MediaMenuButton</include>
                </control>
                <include>MediaMenuBottomButton</include>
            </control>
        </control>
    </controls>
</window>