<?xml version="1.0" encoding="UTF-8"?>
<window type="dialog" id="400">
    <defaultcontrol>20</defaultcontrol>
    <include>PopUpEffect</include>
    <controls>
        <include>GlobalOverlay</include>
        <control type="button">
            <include>TouchOverlay</include>
            <onclick>Dialog.Close(playercontrols)</onclick>
        </control>
        <control type="group">
            <posx>548</posx>
            <posy>310</posy>
            <visible>!Window.IsActive(visualisation) + !Window.IsActive(karaoke)</visible>
            <control type="group">
                <visible>!Player.HasVideo</visible>
                <control type="image">
                    <posx>-9</posx>
                    <posy>-9</posy>
                    <width>842</width>
                    <height>478</height>
                    <texture border="4">dialogs/background_grey.png</texture>
                    <bordertexture border="21">thumbs/thumb_shadow.png</bordertexture>
                    <bordersize>21</bordersize>
                </control>
                <control type="image">
                    <posx>12</posx>
                    <posy>12</posy>
                    <width>294</width>
                    <height>294</height>
                    <bordersize>2</bordersize>
                    <aspectratio align="center">scale</aspectratio>
                    <texture>$INFO[MusicPlayer.Cover]</texture>
                </control>
                <control type="label">
                    <posy>12</posy>
                    <posx>306</posx>
                    <height>98</height>
                    <width>470</width>
                    <font>Small</font>
                    <textcolor>White2</textcolor>
                    <aligny>center</aligny>
                    <label>$INFO[MusicPlayer.Title]</label>
                    <textoffsetx>15</textoffsetx>
                    <wrapmultiline>true</wrapmultiline>
                </control>
                <control type="label">
                    <posy>110</posy>
                    <posx>306</posx>
                    <height>98</height>
                    <width>470</width>
                    <font>Small</font>
                    <aligny>center</aligny>
                    <textcolor>White2</textcolor>
                    <label>$INFO[MusicPlayer.Artist]</label>
                    <textoffsetx>15</textoffsetx>
                    <wrapmultiline>true</wrapmultiline>
                </control>
                <control type="label">
                    <posy>208</posy>
                    <posx>306</posx>
                    <height>98</height>
                    <width>470</width>
                    <font>Small</font>
                    <aligny>center</aligny>
                    <textcolor>White2</textcolor>
                    <label>$INFO[MusicPlayer.Album]</label>
                    <textoffsetx>15</textoffsetx>
                    <wrapmultiline>true</wrapmultiline>
                </control>
            </control>
            <control type="group">
                <visible>Player.HasVideo</visible>
                <control type="image">
                    <posx>-9</posx>
                    <posy>-165</posy>
                    <width>842</width>
                    <height>633</height>
                    <texture border="4">dialogs/background_grey.png</texture>
                    <bordertexture border="21">thumbs/thumb_shadow.png</bordertexture>
                    <bordersize>21</bordersize>
                </control>
                <control type="videowindow" id="2">
                    <description>Home window video</description>
                    <posx>14</posx>
                    <posy>-142</posy>
                    <width>796</width>
                    <height>448</height>
                    <visible>Player.HasVideo</visible>
                </control>
            </control>
            <control type="image">
                <posx>13</posx>
                <posy>306</posy>
                <width>798</width>
                <height>2</height>
                <texture>common/blue2.png</texture>
            </control>
            <control type="grouplist" id="601">
                <posx>12</posx>
                <posy>320</posy>
                <width>800</width>
                <height>136</height>
                <itemgap>24</itemgap>
                <align>center</align>
                <orientation>horizontal</orientation>
                <control type="image">
                    <width>64</width>
                    <height>64</height>
                    <texture>dialogs/listitem_focus.png</texture>

                    <animation type="Conditional" reversible="false" condition="!Control.HasFocus(1)">
                        <effect type="fade" start="100" end="0" time="50" />
                    </animation>
                </control>
                <control type="image">
                    <width>64</width>
                    <height>64</height>
                    <texture>dialogs/listitem_focus.png</texture>

                    <animation type="Conditional" reversible="false" condition="!Control.HasFocus(2)">
                        <effect type="fade" start="100" end="0" time="50" />
                    </animation>
                </control>
                <control type="image">
                    <width>64</width>
                    <height>64</height>
                    <texture>dialogs/listitem_focus.png</texture>

                    <animation type="Conditional" reversible="false" condition="!Control.HasFocus(3)">
                        <effect type="fade" start="100" end="0" time="50" />
                    </animation>
                </control>
                <control type="image">
                    <width>64</width>
                    <height>64</height>
                    <texture>dialogs/listitem_focus.png</texture>

                    <animation type="Conditional" reversible="false" condition="!Control.HasFocus(4)">
                        <effect type="fade" start="100" end="0" time="50" />
                    </animation>
                </control>
                <control type="image">
                    <width>64</width>
                    <height>64</height>
                    <texture>dialogs/listitem_focus.png</texture>

                    <animation type="Conditional" reversible="false" condition="!Control.HasFocus(5)">
                        <effect type="fade" start="100" end="0" time="50" />
                    </animation>
                </control>
                <control type="image">
                    <width>64</width>
                    <height>64</height>
                    <texture>dialogs/listitem_focus.png</texture>

                    <animation type="Conditional" reversible="false" condition="!Control.HasFocus(6)">
                        <effect type="fade" start="100" end="0" time="50" />
                    </animation>
                </control>
                <control type="image">
                    <width>64</width>
                    <height>64</height>
                    <texture>dialogs/listitem_focus.png</texture>

                    <animation type="Conditional" reversible="false" condition="!Control.HasFocus(7)">
                        <effect type="fade" start="100" end="0" time="50" />
                    </animation>
                </control>
                <control type="image">
                    <width>64</width>
                    <height>64</height>
                    <texture>dialogs/listitem_focus.png</texture>

                    <animation type="Conditional" reversible="false" condition="!Control.HasFocus(11)">
                        <effect type="fade" start="100" end="0" time="50" />
                    </animation>
                </control>
                <control type="image">
                    <width>64</width>
                    <height>64</height>
                    <texture>dialogs/listitem_focus.png</texture>

                    <animation type="Conditional" reversible="false" condition="!Control.HasFocus(10)">
                        <effect type="fade" start="100" end="0" time="50" />
                    </animation>
                </control>
            </control>
            <control type="grouplist" id="600">
                <posx>12</posx>
                <posy>320</posy>
                <width>800</width>
                <height>136</height>
                <itemgap>24</itemgap>
                <align>center</align>
                <ondown>20</ondown>
                <onup>20</onup>
                <orientation>horizontal</orientation>
                <control type="button" id="1">
                    <description>Bookmarks</description>
                    <width>64</width>
                    <height>64</height>
                    <label>-</label>
                    <font>-</font>
                    <texturefocus>osd/previous_nf.png</texturefocus>
                    <texturenofocus>osd/previous_nf.png</texturenofocus>
                    <onclick>PlayerControl(Previous)</onclick>
                </control>
                <control type="button" id="2">
                    <description>Bookmarks</description>
                    <width>64</width>
                    <height>64</height>
                    <label>-</label>
                    <font>-</font>
                    <texturefocus>osd/rew_nf.png</texturefocus>
                    <texturenofocus>osd/rew_nf.png</texturenofocus>
                    <onclick>PlayerControl(Rewind)</onclick>
                </control>
                <control type="togglebutton" id="3">
                    <description>Play/Pause</description>
                    <width>64</width>
                    <height>64</height>
                    <label>31037</label>
                    <altlabel>208</altlabel>
                    <font>-</font>
                    <texturefocus>osd/play_nf.png</texturefocus>
                    <texturenofocus>osd/play_nf.png</texturenofocus>
                    <usealttexture>Player.Paused | Player.Forwarding | Player.Rewinding</usealttexture>
                    <alttexturefocus>osd/pause_nf.png</alttexturefocus>
                    <alttexturenofocus>osd/pause_nf.png</alttexturenofocus>
                    <onclick>PlayerControl(Play)</onclick>
                </control>
                <control type="button" id="4">
                    <description>Bookmarks</description>
                    <width>64</width>
                    <height>64</height>
                    <label>-</label>
                    <font>-</font>
                    <texturefocus>osd/stop_nf.png</texturefocus>
                    <texturenofocus>osd/stop_nf.png</texturenofocus>
                    <onclick>PlayerControl(Stop)</onclick>
                    <onclick>Dialog.Close(playercontrols)</onclick>
                </control>
                <control type="button" id="5">
                    <description>Bookmarks</description>
                    <width>64</width>
                    <height>64</height>
                    <label>-</label>
                    <font>-</font>
                    <texturefocus>osd/ff_nf.png</texturefocus>
                    <texturenofocus>osd/ff_nf.png</texturenofocus>
                    <onclick>PlayerControl(Forward)</onclick>
                </control>
                <control type="button" id="6">
                    <description>Bookmarks</description>
                    <width>64</width>
                    <height>64</height>
                    <label>-</label>
                    <font>-</font>
                    <texturefocus>osd/next_nf.png</texturefocus>
                    <texturenofocus>osd/next_nf.png</texturenofocus>
                    <onclick>PlayerControl(Next)</onclick>
                </control>
                <control type="togglebutton" id="7">
                    <description>Random</description>
                    <width>64</width>
                    <height>64</height>
                    <label>$LOCALIZE[590]$INFO[Playlist.Random, : ]</label>
                    <font>-</font>
                    <texturefocus>osd/shuffle__off_nf.png</texturefocus>
                    <texturenofocus>osd/shuffle__off_nf.png</texturenofocus>
                    <usealttexture>Playlist.IsRandom</usealttexture>
                    <alttexturefocus>osd/shuffle_nf.png</alttexturefocus>
                    <alttexturenofocus>osd/shuffle_nf.png</alttexturenofocus>
                    <onclick>XBMC.PlayerControl(Random)</onclick>
                </control>
                <control type="group" id="8">
                    <width>64</width>
                    <height>64</height>
                    <control type="button" id="11">
                        <description>Repeat</description>
                        <posx>0</posx>
                        <posy>0</posy>
                        <width>64</width>
                        <height>64</height>
                        <label>-</label>
                        <onleft>7</onleft>
                        <onright>10</onright>
                        <font>-</font>
                        <texturefocus>-</texturefocus>
                        <texturenofocus>-</texturenofocus>
                        <onclick>PlayerControl(Repeat)</onclick>
                    </control>
                    <control type="image">
                        <description>Bookmarks</description>
                        <posx>0</posx>
                        <posy>0</posy>
                        <width>64</width>
                        <height>64</height>
                        <texture>$VAR[RepeatButtonVar]</texture>
                        <fadetime>0</fadetime>
                    </control>
                </control>
                <control type="button" id="10">
                    <description>Bookmarks</description>
                    <width>64</width>
                    <height>64</height>
                    <label>-</label>
                    <font>-</font>
                    <texturefocus>osd/fullscreen_nf.png</texturefocus>
                    <texturenofocus>osd/fullscreen_nf.png</texturenofocus>
                    <onclick>Dialog.Close(all,true)</onclick>
                    <onclick>Fullscreen</onclick>
                </control>
            </control>
            <control type="label">
                <posy>400</posy>
                <posx>162</posx>
                <height>23</height>
                <width>160</width>
                <font>Small</font>
                <align>right</align>
                <aligny>center</aligny>
                <textcolor>White2</textcolor>
                <label>$INFO[Player.Time]</label>
                <textoffsetx>15</textoffsetx>
            </control>
            <control type="progress">
                <description>Progressbar</description>
                <posx>162</posx>
                <posy>404</posy>
                <width>500</width>
                <info>Player.Progress</info>
                <colordiffuse>Blue2</colordiffuse>
            </control>
            <control type="slider" id="20">
                <description>Progressbar</description>
                <posx>162</posx>
                <posy>384</posy>
                <height>66</height>
                <onup>600</onup>
                <ondown>600</ondown>
                <width>500</width>
                <texturesliderbar border="2">settings/texturebg_slider.png</texturesliderbar>
                <textureslidernib>osd/slider_nf.png</textureslidernib>
                <textureslidernibfocus>osd/slider.png</textureslidernibfocus>
                <info>Player.Progress</info>
                <action>seek</action>
                <colordiffuse>Blue2</colordiffuse>
            </control>
            <control type="label">
                <posy>400</posy>
                <posx>660</posx>
                <height>23</height>
                <width>160</width>
                <font>Small</font>
                <align>left</align>
                <aligny>center</aligny>
                <textcolor>White2</textcolor>
                <label>$INFO[Player.TimeRemaining]</label>
                <textoffsetx>15</textoffsetx>
            </control>
        </control>
    </controls>
</window>