<?xml version="1.0" encoding="UTF-8"?>
<window id="105">
    <allowoverlay>yes</allowoverlay>

    <controls>

        <control type="image" id="1">
            <description>Pointer</description>
            <width>44</width>
            <height>56</height>
            <texture>pointer_arrow.png</texture>
        </control>

        <control type="image" id="2">
            <description>Pointer Focus</description>
            <width>44</width>
            <height>56</height>
            <texture>pointer_arrow.png</texture>
        </control>

        <control type="image" id="3">
            <description>Pointer Drag</description>
            <width>45</width>
            <height>45</height>
            <texture>other_textures/PointerDrag.png</texture>
        </control>

        <control type="image" id="4">
            <description>pointer_click</description>
            <width>45</width>
            <height>45</height>
            <texture>other_textures/PointerClick.png</texture>
        </control>

    </controls>

</window>