<?xml version="1.0" encoding="UTF-8"?>
<window id="130">
    <defaultcontrol always="true">5</defaultcontrol>
    <allowoverlay>yes</allowoverlay>
    <controls>
        <control type="group">
            <include>WindowEffect</include>
            <control type="image">
                <posx>0</posx>
                <posy>72</posy>
                <width>480</width>
                <height>918</height>
                <include>toast_back</include>
            </control>
            <control type="image">
                <posx>480</posx>
                <posy>72</posy>
                <width>1440</width>
                <height>918</height>
                <include>toast_back</include>
            </control>
            
            <control type="label" id="2">
                <description>header label</description>
                <posx>480</posx>
                <posy>72</posy>
                <width>1440</width>
                <height>54</height>
                <font>Small</font>
                <textcolor>grey</textcolor>
                <disabledcolor>Blue2</disabledcolor>
                <label>-</label>
                <textoffsetx>30</textoffsetx>
                <enable>no</enable>
            </control>
            
            <control type="label" id="102">
                <description>Profile Directory</description>
                <posx>15</posx>
                <posy>96</posy>
                <width>450</width>
                <font>-</font>
            </control>

            <control type="image" id="101">
                <description>profile image</description>
                <posx>0</posx>
                <posy>72</posy>
                <width>480</width>
                <height>480</height>
                <texture>DefaultActor.png</texture>
                <aspectratio>keep</aspectratio>
            </control>
            <control type="button" id="103">
                <description>button</description>
                <posx>480</posx>
                <posy>126</posy>
                <width>1440</width>
                <label2>$INFO[Control.getLabel(1001)]</label2>
                <enable>no</enable>
                <disabledcolor>Blue2</disabledcolor>
            </control>

            <control type="grouplist" id="5">
                <description>Control Area</description>
                <posx>480</posx>
                <posy>198</posy>
                <width>1440</width>
                <height>792</height>
                <itemgap>0</itemgap>
                <orientation>vertical</orientation>
                <onleft>28</onleft>
                <onright>28</onright>
                <onup>5</onup>
                <ondown>5</ondown>
            </control>

            <control type="button" id="7">
                <description>button</description>
                <width>1440</width>
            </control>

            <control type="radiobutton" id="8">
                <description>radio_button</description>
                <radioposx>1282</radioposx>
                <width>1440</width>
                <align>left</align>
            </control>

            <control type="spincontrolex" id="9">
                <description>spin_controlex</description>
                <width>1440</width>
                <align>left</align>
            </control>

            <control type="button" id="28">
                <description>Ok</description>
                <posx>0</posx>
                <posy>552</posy>
                <width>480</width>
                <label>186</label>
                <onleft>5</onleft>
                <onright>5</onright>
                <onup>29</onup>
                <ondown>29</ondown>
            </control>

            <control type="button" id="29">
                <description>Cancel</description>
                <posx>0</posx>
                <posy>624</posy>
                <width>480</width>
                <label>222</label>
                <onleft>5</onleft>
                <onright>5</onright>
                <onup>28</onup>
                <ondown>28</ondown>
            </control>

        </control>

    </controls>

</window>