<?xml version="1.0" encoding="UTF-8"?>
<window id="129">
    <defaultcontrol always="true">15</defaultcontrol>
    <allowoverlay>no</allowoverlay>
    <animation type="WindowOpen" reversible="false">
        <effect type="fade" start="0" end="100" time="200" />
    </animation>
    <animation type="WindowClose" reversible="false">
        <effect type="fade" start="100" end="0" time="200" />
    </animation>
    <controls>
        <control type="group">
            <control type="image">
                <posx>0</posx>
                <posy>72</posy>
                <width>480</width>
                <height>54</height>
                <include>toast_back</include>
            </control>
            <control type="grouplist" id="9000">
                <posx>0</posx>
                <posy>126</posy>
                <width>480</width>
                <height>864</height>
                <itemgap>0</itemgap>
                <onright>9002</onright>
                <onleft>9002</onleft>
                <onup>9000</onup>
                <ondown>9000</ondown>
                <control type="button" id="18">
                    <description>Ok Button</description>
                    <width>480</width>
                    <label>186</label>
                </control>
                <control type="button" id="19">
                    <description>Cancel Button</description>
                    <width>480</width>
                    <label>222</label>
                </control>
                <control type="button" id="4000">
                    <description>Filler</description>
                    <width>480</width>
                    <height>720</height>
                    <font>-</font>
                    <enable>no</enable>
                </control>
            </control>
        </control>
        <control type="group" id="9002">
            <posx>480</posx>
            <posy>72</posy>
            <control type="button" id="2">
                <description>header label</description>
                <width>1440</width>
                <height>54</height>
                <font>Small</font>
                <textcolor>grey</textcolor>
                <disabledcolor>Blue2</disabledcolor>
                <label>21421</label>
                <textoffsetx>30</textoffsetx>
                <enable>no</enable>
            </control>
            <control type="image">
                <posy>54</posy>
                <width>1440</width>
                <height>72</height>
                <include>toast_back</include>
            </control>
            <control type="image">
                <posy>342</posy>
                <width>1440</width>
                <height>576</height>
                <include>toast_back</include>
            </control>
            <control type="button" id="0">
                <description>Rule match label</description>
                <posx>0</posx>
                <posy>126</posy>
                <width>1440</width>
                <disabledcolor>Blue2</disabledcolor>
                <label>21422</label>
                <enable>no</enable>
            </control>
            <control type="spincontrolex" id="15">
                <description>Rule Field</description>
                <posx>0</posx>
                <posy>198</posy>
                <width>720</width>
                <font>-</font>
                <onright>16</onright>
                <onleft>9000</onleft>
                <onup>17</onup>
                <ondown>17</ondown>
            </control>
            <control type="label">
                <description>Rule Field label</description>
                <posx>0</posx>
                <posy>195</posy>
                <width>720</width>
                <label>$INFO[Control.GetLabel(15)]</label>
                <textcolor>White2</textcolor>
                <textoffsetx>30</textoffsetx>
            </control>
            <control type="spincontrolex" id="16">
                <description>Rule operator</description>
                <posx>720</posx>
                <posy>198</posy>
                <width>720</width>
                <font>-</font>
                <onright>9000</onright>
                <onleft>15</onleft>
                <onup>17</onup>
                <ondown>17</ondown>
            </control>
            <control type="label">
                <description>Rule Field label</description>
                <posx>720</posx>
                <posy>198</posy>
                <width>720</width>
                <label>$INFO[Control.GetLabel(16)]</label>
                <textcolor>White2</textcolor>
                <textoffsetx>30</textoffsetx>
            </control>
            <control type="edit" id="17">
                <description>Value Button</description>
                <posx>0</posx>
                <posy>270</posy>
                <width>1184</width>
                <label>-</label>
                <onup>15</onup>
                <onleft>9000</onleft>
                <onright>20</onright>
                <ondown>15</ondown>
                <hinttext>21420</hinttext>
            </control>
            <control type="button" id="20">
                <description>Browse Button</description>
                <posx>1184</posx>
                <posy>270</posy>
                <width>256</width>
                <label>1024</label>
                <onup>16</onup>
                <onleft>17</onleft>
                <onright>9000</onright>
                <ondown>16</ondown>
            </control>
        </control>
    </controls>
</window>