<?xml version="1.0" encoding="UTF-8"?>
<window id="129">
    <defaultcontrol always="true">22</defaultcontrol>
    <allowoverlay>no</allowoverlay>
    <controls>
        <control type="group">
            <animation type="WindowOpen" reversible="false">
                <effect type="fade" start="0" end="100" time="200" />
            </animation>
            <animation type="WindowClose" reversible="false">
                <effect type="fade" start="100" end="0" time="200" />
            </animation>
            <control type="group">
                <control type="image">
                    <posx>0</posx>
                    <posy>72</posy>
                    <width>480</width>
                    <height>54</height>
                    <include>toast_back</include>
                </control>
                <control type="button" id="2">
                    <description>header label</description>
                    <posx>480</posx>
                    <posy>72</posy>
                    <width>1440</width>
                    <height>54</height>
                    <font>Small</font>
                    <textcolor>grey</textcolor>
                    <disabledcolor>Blue2</disabledcolor>
                    <label>21432</label>
                    <textoffsetx>30</textoffsetx>
                    <enable>no</enable>
                </control>
                <control type="image">
                    <posx>480</posx>
                    <posy>126</posy>
                    <width>1440</width>
                    <height>846</height>
                    <include>toast_back</include>
                </control>
                <control type="grouplist" id="9001">
                    <posx>0</posx>
                    <posy>126</posy>
                    <width>480</width>
                    <height>864</height>
                    <itemgap>0</itemgap>
                    <onright>9002</onright>
                    <onleft>9002</onleft>
                    <onup>9001</onup>
                    <ondown>9001</ondown>
                    <control type="button" id="20">
                        <description>Ok Button</description>
                        <width>480</width>
                        <label>186</label>
                    </control>
                    <control type="button" id="21">
                        <description>Cancel Button</description>
                        <width>480</width>
                        <label>222</label>
                    </control>
                    <control type="button" id="4000">
                        <description>Filler</description>
                        <width>480</width>
                        <height>720</height>
                        <font>-</font>
                        <enable>no</enable>
                    </control>
                </control>
            </control>
            <control type="group" id="9002">
                <control type="spincontrolex" id="22">
                    <description>Set Playlist type</description>
                    <posx>480</posx>
                    <posy>126</posy>
                    <width>1440</width>
                    <label>467</label>
                    <onright>9001</onright>
                    <onleft>9001</onleft>
                    <onup>19</onup>
                    <ondown>12</ondown>
                </control>
                <control type="edit" id="12">
                    <description>Name Button</description>
                    <posx>480</posx>
                    <posy>198</posy>
                    <width>1440</width>
                    <hinttext>21433</hinttext>
                    <label>-</label>
                    <onup>22</onup>
                    <onright>9001</onright>
                    <onleft>9001</onleft>
                    <ondown>10</ondown>
                </control>
                <control type="image">
                    <posx>480</posx>
                    <posy>270</posy>
                    <width>1440</width>
                    <height>72</height>
                    <include>toast_back</include>
                </control>
                <control type="button" id="0">
                    <description>header label</description>
                    <posx>480</posx>
                    <posy>342</posy>
                    <width>1440</width>
                    <font>Small</font>
                    <disabledcolor>Blue2</disabledcolor>
                    <label>21434</label>
                    <textoffsetx>30</textoffsetx>
                    <enable>no</enable>
                </control>


                <control type="list" id="10">
                    <description>Rules List Control</description>
                    <posx>480</posx>
                    <posy>414</posy>
                    <width>1184</width>
                    <height>216</height>
                    <onup>12</onup>
                    <onleft>9001</onleft>
                    <onright>9000</onright>
                    <ondown>16</ondown>
                    <itemlayout height="72" width="1184">
                        <control type="image">
                            <width>1184</width>
                            <height>72</height>
                            <include>toast_back</include>
                        </control>
                        <control type="label">
                            <width>1184</width>
                            <height>72</height>
                            <font>Small</font>
                            <label>$INFO[ListItem.Label]</label>
                            <textoffsetx>30</textoffsetx>
                            <textcolor>White2</textcolor>
                        </control>
                        <control type="label">
                            <posx>1184</posx>
                            <width>1184</width>
                            <height>72</height>
                            <font>Small</font>
                            <align>right</align>
                            <label>$INFO[ListItem.Label2]</label>
                            <textoffsetx>30</textoffsetx>
                            <textcolor>White2</textcolor>
                        </control>
                    </itemlayout>
                    <focusedlayout height="72" width="1184">
                        <control type="image">
                            <width>1184</width>
                            <height>72</height>
                            <include>toast_back</include>
                        </control>
                        <control type="image">
                            <width>1184</width>
                            <height>72</height>
                            <texture>dialogs/listitem_focus.png</texture>
                            <visible>Control.HasFocus(10)</visible>
                        </control>
                        <control type="label">
                            <width>1184</width>
                            <height>72</height>
                            <font>Small</font>
                            <label>$INFO[ListItem.Label]</label>
                            <textoffsetx>30</textoffsetx>
                        </control>
                        <control type="label">
                            <posx>1184</posx>
                            <width>1184</width>
                            <height>72</height>
                            <font>Small</font>
                            <align>right</align>
                            <label>$INFO[ListItem.Label2]</label>
                            <textoffsetx>30</textoffsetx>
                        </control>
                    </focusedlayout>
                </control>

                <control type="grouplist" id="9000">
                    <posx>1664</posx>
                    <posy>414</posy>
                    <width>256</width>
                    <height>216</height>
                    <itemgap>0</itemgap>
                    <onup>12</onup>
                    <onleft>10</onleft>
                    <onright>9001</onright>
                    <ondown>16</ondown>
                    <control type="button" id="13">
                        <description>Add Rule Button</description>
                        <width>256</width>
                        <label>15019</label>
                    </control>
                    <control type="button" id="14">
                        <description>Remove Rule Button</description>
                        <width>256</width>
                        <label>1210</label>
                    </control>
                    <control type="button" id="15">
                        <description>Edit Rule Button</description>
                        <width>256</width>
                        <label>21435</label>
                    </control>
                </control>
                <control type="image">
                    <posx>480</posx>
                    <posy>630</posy>
                    <width>1440</width>
                    <height>72</height>
                    <include>toast_back</include>
                </control>


                <control type="spincontrolex" id="16">
                    <posx>480</posx>
                    <posy>702</posy>
                    <width>1440</width>
                    <label>21424</label>
                    <onright>9001</onright>
                    <onleft>9001</onleft>
                    <onup>10</onup>
                    <ondown>17</ondown>
                </control>

                <control type="spincontrolex" id="17">
                    <posx>480</posx>
                    <posy>774</posy>
                    <width>1440</width>
                    <label>21427</label>
                    <onright>9001</onright>
                    <onleft>9001</onleft>
                    <onup>16</onup>
                    <ondown>18</ondown>
                </control>

                <control type="spincontrolex" id="18">
                    <posx>480</posx>
                    <posy>846</posy>
                    <width>1184</width>
                    <label>21429</label>
                    <onright>19</onright>
                    <onleft>9001</onleft>
                    <onup>17</onup>
                    <ondown>22</ondown>
                </control>

                <control type="togglebutton" id="19">
                    <posx>1664</posx>
                    <posy>846</posy>
                    <width>256</width>
                    <label>21431</label>
                    <altlabel>21430</altlabel>
                    <onright>9001</onright>
                    <onleft>18</onleft>
                    <onup>17</onup>
                    <ondown>22</ondown>
                </control>
                <control type="image">
                    <posx>480</posx>
                    <posy>918</posy>
                    <width>1440</width>
                    <height>72</height>
                    <include>toast_back</include>
                </control>
            </control>
        </control>
    </controls>
</window>