<?xml version="1.0" encoding="UTF-8"?>
<includes>
    <variable name="GlobalBackgroundVar">
        <value condition="Player.hasMedia  + !IsEmpty(Player.Art(fanart)) + !Skin.HasSetting(Disable.Fanart)">$INFO[Player.Art(fanart)]</value>
        <value condition="!IsEmpty(ListItem.Art(fanart)) + !Skin.HasSetting(Disable.Fanart)">$INFO[ListItem.Art(fanart)]</value>
        <value condition="Window.IsActive(videos) + Container.Content(genres)">$INFO[ListItem.Label,special://skin/extras/genre/videos/fanart/,.jpg]</value>
        <value condition="StringCompare(Skin.String(DefaultBG),1) + [Container(800).HasFocus(3) | Window.IsActive(musicfiles) | Window.IsActive(musiclibrary) | Window.IsActive(musicplaylist)]">$INFO[Control.GetLabel(6054)]</value>
        <value condition="StringCompare(Skin.String(DefaultBG),1) + [Container(800).HasFocus(2) | Container.Content(tvshows) | Container.Content(seasons) | Container.Content(episodes)]">$INFO[Control.GetLabel(6055)]</value>
        <value condition="StringCompare(Skin.String(DefaultBG),1)">$INFO[Control.GetLabel(6053)]</value>
        <value condition="!IsEmpty(Skin.String(DefaultBG))">$INFO[Skin.String(DefaultBG)]</value>
        <value>special://skin/backgrounds/default_bg.jpg</value>
    </variable>

    <variable name="RepeatButtonVar">
        <value condition="!Playlist.IsRepeat + !Playlist.IsRepeatOne">osd/repeat_nf.png</value>
        <value condition="Playlist.IsRepeatOne">osd/repeat_one_nf.png</value>
        <value condition="Playlist.IsRepeat">osd/repeat_all_nf.png</value>
    </variable>

    <variable name="RepeatButton2Var">
        <value condition="!Playlist.IsRepeat + !Playlist.IsRepeatOne">osd/repeat_nf.png</value>
        <value condition="Playlist.IsRepeatOne">osd/repeat_one_nf.png</value>
        <value condition="Playlist.IsRepeat">osd/repeat_all_nf.png</value>
    </variable>

    <variable name="ShuffleButtonVar">
        <value condition="Playlist.IsRandom">osd/shuffle_nf.png</value>
        <value>osd/shuffle__off_nf.png</value>
    </variable>

    <variable name="ThemeColorVar">
        <value>Blue2</value>
    </variable>

    <variable name="LandscapeThumbVar">
        <value condition="Container.Content(episodes)">$INFO[ListItem.Art(thumb)]</value>
        <value condition="!IsEmpty(ListItem.Art(landscape))">$INFO[ListItem.Art(landscape)]</value>
        <value condition="!IsEmpty(ListItem.Art(fanart))">$INFO[ListItem.Art(fanart)]</value>
        <value>$INFO[ListItem.Icon]</value>
    </variable>
    <variable name="InfoListThumbVar">
        <value condition="Container.Content(genres)">$INFO[ListItem.Label,special://skin/extras/genre/videos/fanart/,.jpg]</value>
        <value condition="Container.Content(episodes)">$INFO[ListItem.Art(thumb)]</value>
        <value>$INFO[ListItem.Art(fanart)]</value>
    </variable>
    <!--<variable name="BannerThumbVar">
        <value condition="!IsEmpty(ListItem.Art(banner))">$INFO[ListItem.Art(banner)]</value>
        <value>$INFO[ListItem.Icon]</value>
        </variable> -->
    <variable name="PosterThumbVar">
        <value condition="Container.Content(genres) + !StringCompare(ListItem.Label,..)">$INFO[ListItem.Label,special://skin/extras/genre/videos/icons/,.jpg]</value>
        <value condition="!IsEmpty(ListItem.Art(poster))">$INFO[ListItem.Art(poster)]</value>
        <value>$INFO[ListItem.Icon]</value>
    </variable>
    <variable name="InfoPosterThumbVar">
        <value condition="Container.Content(episodes) + !IsEmpty(ListItem.Art(season.poster))">$INFO[ListItem.Art(season.poster)]</value>
        <value condition="Container.Content(episodes) + !IsEmpty(ListItem.Art(tvshow.poster))">$INFO[ListItem.Art(tvshow.poster)]</value>
        <value condition="!IsEmpty(ListItem.Art(poster))">$INFO[ListItem.Art(poster)]</value>
        <value condition="Container.Content(genres)">$INFO[ListItem.Label,special://skin/extras/genre/videos/icons/,.jpg]</value>
        <value>$INFO[ListItem.Icon]</value>
    </variable>

    <variable name="OneOrMoreSeasonsVar">
        <value condition="StringCompare(ListItem.Property(TotalSeasons),1)">$LOCALIZE[20373]</value>
        <value>$LOCALIZE[33054]</value>
    </variable>
    <variable name="OneOrMoreEpisodesVar">
        <value condition="StringCompare(ListItem.Property(TotalEpisodes),1)">$LOCALIZE[20359]</value>
        <value>$LOCALIZE[20360]</value>
    </variable>

    <variable name="DurationVar">
        <value condition="Container.Content(tvshows) + !IsEmpty(Window(Home).Property(NextAired.Runtime))">$INFO[Window(Home).Property(NextAired.Runtime)]</value>
        <value condition="!IsEmpty(ListItem.Duration)">$INFO[ListItem.Duration]</value>
        <value>[B]?[/B]</value>
    </variable>

    <variable name="FloorDiffuseVar">
        <value condition="[Control.IsVisible(50) | Control.IsVisible(51)  | Control.IsVisible(55)]">White2</value>
        <value>Floor</value>
    </variable>

    <variable name="NotificationButtonActionsVar">
        <value condition="Window.IsActive(home)">SetFocus(8000)</value>
        <value condition="Window.IsActive(settings)">SetFocus(9000)</value>
        <value condition="Window.IsActive(SettingsCategory.xml) | Window.IsActive(profiles) | Window.IsActive(systeminfo)">SetFocus(6000)</value>
        <value>SetFocus(50)</value>
    </variable>

    <variable name="NotificationNowPlaying.Label2">
        <value condition="Player.HasAudio">$INFO[MusicPlayer.Artist]</value>
        <value condition="Player.HasVideo + VideoPlayer.Content(episodes)">$INFO[VideoPlayer.TvShowTitle]</value>
        <value condition="Player.HasVideo + VideoPlayer.Content(movies)">$INFO[VideoPlayer.Tagline]</value>
        <value></value>
    </variable>

    <variable name="ListItemSeasonVar">
        <value condition="!IntegerGreaterThan(ListItem.Season,9)">$INFO[ListItem.Season,0]</value>
        <value>$INFO[ListItem.Season]</value>
    </variable>
    <variable name="ListItemEpisodeVar">
        <value condition="!IntegerGreaterThan(ListItem.Episode,9)">$INFO[ListItem.Episode,0]</value>
        <value>$INFO[ListItem.Episode]</value>
    </variable>
    <variable name="VideoSeasonVar">
        <value condition="!IntegerGreaterThan(VideoPlayer.Season,9)">$INFO[VideoPlayer.Season,0]</value>
        <value>$INFO[VideoPlayer.Season]</value>
    </variable>
    <variable name="VideoEpisodeVar">
        <value condition="!IntegerGreaterThan(VideoPlayer.Episode,9)">$INFO[VideoPlayer.Episode,0]</value>
        <value>$INFO[VideoPlayer.Episode]</value>
    </variable>

    <variable name="PlayerArtworkVar">
        <value condition="VideoPlayer.Content(episodes) + !IsEmpty(Player.Art(tvshow.clearart))">$INFO[Player.Art(tvshow.clearart)]</value>
        <value>$INFO[Player.Art(clearart)]</value>
    </variable>

    <variable name="VideoPlayerForwardRewindVar">
        <value condition="Player.Forwarding2x | Player.Rewinding2x">2X</value>
        <value condition="Player.Forwarding4x | Player.Rewinding4x">4X</value>
        <value condition="Player.Forwarding8x | Player.Rewinding8x">8X</value>
        <value condition="Player.Forwarding16x | Player.Rewinding16x">16X</value>
        <value condition="Player.Forwarding32x | Player.Rewinding32x">32X</value>
    </variable>

    <variable name="IconOverlay-7Var">
        <value condition="ListItem(-7).IsResumable">overlays/showcase/resumable.png</value>
        <value>$INFO[ListItem(-7).Overlay,overlays/showcase/]</value>
    </variable>
    <variable name="IconOverlay-6Var">
        <value condition="ListItem(-6).IsResumable">overlays/showcase/resumable.png</value>
        <value>$INFO[ListItem(-6).Overlay,overlays/showcase/]</value>
    </variable>
    <variable name="IconOverlay-5Var">
        <value condition="ListItem(-5).IsResumable">overlays/showcase/resumable.png</value>
        <value>$INFO[ListItem(-5).Overlay,overlays/showcase/]</value>
    </variable>
    <variable name="IconOverlay-4Var">
        <value condition="ListItem(-4).IsResumable">overlays/showcase/resumable.png</value>
        <value>$INFO[ListItem(-4).Overlay,overlays/showcase/]</value>
    </variable>
    <variable name="IconOverlay-3Var">
        <value condition="ListItem(-3).IsResumable">overlays/showcase/resumable.png</value>
        <value>$INFO[ListItem(-3).Overlay,overlays/showcase/]</value>
    </variable>
    <variable name="IconOverlay-2Var">
        <value condition="ListItem(-2).IsResumable">overlays/showcase/resumable.png</value>
        <value>$INFO[ListItem(-2).Overlay,overlays/showcase/]</value>
    </variable>
    <variable name="IconOverlay-1Var">
        <value condition="ListItem(-1).IsResumable">overlays/showcase/resumable.png</value>
        <value>$INFO[ListItem(-1).Overlay,overlays/showcase/]</value>
    </variable>
    <variable name="IconOverlay0Var">
        <value condition="Container(53).ListItem.IsResumable">overlays/showcase/resumable.png</value>
        <value>$INFO[ListItem.Overlay,overlays/showcase/]</value>
    </variable>
    <variable name="IconOverlay1Var">
        <value condition="ListItem(1).IsResumable">overlays/showcase/resumable.png</value>
        <value>$INFO[ListItem(1).Overlay,overlays/showcase/]</value>
    </variable>
    <variable name="IconOverlay2Var">
        <value condition="ListItem(2).IsResumable">overlays/showcase/resumable.png</value>
        <value>$INFO[ListItem(2).Overlay,overlays/showcase/]</value>
    </variable>
    <variable name="IconOverlay3Var">
        <value condition="ListItem(3).IsResumable">overlays/showcase/resumable.png</value>
        <value>$INFO[ListItem(3).Overlay,overlays/showcase/]</value>
    </variable>
    <variable name="IconOverlay4Var">
        <value condition="ListItem(4).IsResumable">overlays/showcase/resumable.png</value>
        <value>$INFO[ListItem(4).Overlay,overlays/showcase/]</value>
    </variable>
    <variable name="IconOverlay5Var">
        <value condition="ListItem(5).IsResumable">overlays/showcase/resumable.png</value>
        <value>$INFO[ListItem(5).Overlay,overlays/showcase/]</value>
    </variable>
    <variable name="IconOverlay6Var">
        <value condition="ListItem(6).IsResumable">overlays/showcase/resumable.png</value>
        <value>$INFO[ListItem(6).Overlay,overlays/showcase/]</value>
    </variable>
    <variable name="IconOverlay7Var">
        <value condition="ListItem(7).IsResumable">overlays/showcase/resumable.png</value>
        <value>$INFO[ListItem(7).Overlay,overlays/showcase/]</value>
    </variable>

    <variable name="IconOverlayVar">
        <value condition="ListItem.IsResumable">overlays/resumable.png</value>
        <value>$INFO[ListItem.Overlay,overlays/]</value>
    </variable>

    <variable name="InfoIconOverlayVar">
        <value condition="Control.IsEnabled(9)">overlays/resumable.png</value>
        <value>$INFO[ListItem.Overlay,overlays/]</value>
    </variable>

    <!--<variable name="OverlayVar">
        <value condition="ListItem.IsResumable + IntegerGreaterThan(ListItem.PercentPlayed,82)">overlays/progress/82.5.png</value>
        <value condition="ListItem.IsResumable + IntegerGreaterThan(ListItem.PercentPlayed,74)">overlays/progress/75.png</value>
        <value condition="ListItem.IsResumable + IntegerGreaterThan(ListItem.PercentPlayed,62)">overlays/progress/62.5.png</value>
        <value condition="ListItem.IsResumable + IntegerGreaterThan(ListItem.PercentPlayed,49)">overlays/progress/50.png</value>
        <value condition="ListItem.IsResumable + IntegerGreaterThan(ListItem.PercentPlayed,37)">overlays/progress/37.5.png</value>
        <value condition="ListItem.IsResumable + IntegerGreaterThan(ListItem.PercentPlayed,24)">overlays/progress/25.png</value>
        <value condition="ListItem.IsResumable + IntegerGreaterThan(ListItem.PercentPlayed,12)">overlays/progress/12.5.png</value>
        <value>$INFO[ListItem.Overlay,overlays/progress/]</value>
        </variable> -->

    <variable name="ListItem.Overlay">
        <value condition="ListItem.IsResumable">overlays/list/resumable.png</value>
        <value>$INFO[ListItem.Overlay,overlays/list/]</value>
    </variable>

    <variable name="ShowCaseNavLabelVar">
        <value condition="!Skin.HasSetting(showcasewrap)">$LOCALIZE[31048]</value>
        <value>$LOCALIZE[31047]</value>
    </variable>

    <variable name="TVDayLabelMon">
        <value condition="!IntegerGreaterThan(Container(200).NumItems,0)">$LOCALIZE[11][CR]$INFO[Window(home).Property(NextAired.1.Date)]</value>
        <value>$LOCALIZE[11]$INFO[Container(200).NumItems, (,)][CR]$INFO[Window(home).Property(NextAired.1.Date)]</value>
    </variable>
    <variable name="TVDayLabelTue">
        <value condition="!IntegerGreaterThan(Container(201).NumItems,0)">$LOCALIZE[12][CR]$INFO[Window(home).Property(NextAired.2.Date)]</value>
        <value>$LOCALIZE[12]$INFO[Container(201).NumItems, (,)][CR]$INFO[Window(home).Property(NextAired.2.Date)]</value>
    </variable>
    <variable name="TVDayLabelWed">
        <value condition="!IntegerGreaterThan(Container(202).NumItems,0)">$LOCALIZE[13][CR]$INFO[Window(home).Property(NextAired.3.Date)]</value>
        <value>$LOCALIZE[13]$INFO[Container(202).NumItems, (,)][CR]$INFO[Window(home).Property(NextAired.3.Date)]</value>
    </variable>
    <variable name="TVDayLabelThu">
        <value condition="!IntegerGreaterThan(Container(203).NumItems,0)">$LOCALIZE[14][CR]$INFO[Window(home).Property(NextAired.4.Date)]</value>
        <value>$LOCALIZE[14]$INFO[Container(203).NumItems, (,)][CR]$INFO[Window(home).Property(NextAired.4.Date)]</value>
    </variable>
    <variable name="TVDayLabelFri">
        <value condition="!IntegerGreaterThan(Container(204).NumItems,0)">$LOCALIZE[15][CR]$INFO[Window(home).Property(NextAired.5.Date)]</value>
        <value>$LOCALIZE[15]$INFO[Container(204).NumItems, (,)][CR]$INFO[Window(home).Property(NextAired.5.Date)]</value>
    </variable>
    <variable name="TVDayLabelSat">
        <value condition="!IntegerGreaterThan(Container(205).NumItems,0)">$LOCALIZE[16][CR]$INFO[Window(home).Property(NextAired.6.Date)]</value>
        <value>$LOCALIZE[16]$INFO[Container(205).NumItems, (,)][CR]$INFO[Window(home).Property(NextAired.6.Date)]</value>
    </variable>
    <variable name="TVDayLabelSun">
        <value condition="!IntegerGreaterThan(Container(206).NumItems,0)">$LOCALIZE[17][CR]$INFO[Window(home).Property(NextAired.7.Date)]</value>
        <value>$LOCALIZE[17]$INFO[Container(206).NumItems, (,)][CR]$INFO[Window(home).Property(NextAired.7.Date)]</value>
    </variable>

    <variable name="GlobalPlotVar">
        <value condition="Container.Content(albums) + !IsEmpty(ListItem.Property(Album_Description))">$INFO[ListItem.Property(Album_Description)]</value>
        <value condition="Container.Content(albums)">$LOCALIZE[414]</value>
        <value condition="Container.Content(artists) + !IsEmpty(ListItem.Property(Artist_Description))">$INFO[ListItem.Property(Artist_Description)]</value>
        <value condition="Container.Content(artists)">$LOCALIZE[547]</value>
        <value condition="Container.Content(addons) + !IsEmpty(ListItem.Property(Addon.Description))">$INFO[ListItem.Property(Addon.Description)]</value>
        <value condition="!IsEmpty(ListItem.Comment)">$INFO[ListItem.Comment]</value>
    </variable>

    <variable name="MoviePlotVar">
        <value condition="!IsEmpty(ListItem.PlotOutline)">$INFO[ListItem.PlotOutline]</value>
        <value>$INFO[ListItem.Plot]</value>
    </variable>

    <variable name="VideoInfoPlotVar">
        <value condition="Skin.HasSetting(VideoInfoPlotToggle) + !IsEmpty(ListItem.PlotOutline)">$INFO[ListItem.PlotOutline]</value>
        <value>$INFO[ListItem.Plot]</value>
    </variable>

    <variable name="VideoInfoPlotLabelVar">
        <value condition="Skin.HasSetting(VideoInfoPlotToggle) + !IsEmpty(ListItem.PlotOutline)">$LOCALIZE[203]:</value>
        <value>$LOCALIZE[207]:</value>
    </variable>

    <variable name="FanartDiffuseVar">
        <value condition="!IsEmpty(Skin.String(Custom.Transparency))">$INFO[Skin.String(Custom.Transparency)]</value>
        <value condition="Window.IsActive(home) | Window.IsActive(weather) | Window.IsActive(settings)">FanartDiffuse</value>
        <value>AAFFFFFF</value>
    </variable>

    <variable name="BreadcrumbsVar">
        <value condition="Container.Content(movies)">$LOCALIZE[20342]: </value>
        <value condition="Container.Content(tvshows) | Container.Content(seasons) | StringCompare(Container.FolderPath,videodb://5/)">$LOCALIZE[20343]: </value>
        <value condition="Container.Content(episodes) + !StringCompare(Container.FolderName,ListItem.TvShowTitle)">$INFO[ListItem.TvShowTitle]: </value>
        <value condition="SubString(Container.FolderPath,videodb://2/,left) + !StringCompare(Container.FolderName,$LOCALIZE[20343])">$LOCALIZE[20343]: </value>
        <value condition="SubString(Container.FolderPath,videodb://1/,left) + !StringCompare(Container.FolderName,$LOCALIZE[20342])">$LOCALIZE[20342]: </value>
        <value condition="!IsEmpty(Container.FolderName)">$INFO[System.CurrentWindow]: </value>
        <value>$INFO[System.CurrentWindow]</value>
    </variable>

    <variable name="ListOverlayEpisodesVar">
        <value condition="IntegerGreaterThan(ListItem.Property(UnWatchedEpisodes),99)"> 99 +</value>
        <value>$INFO[ListItem.Property(UnWatchedEpisodes)]</value>
    </variable>

    <variable name="CDCase1Var">
        <value>$INFO[Window(home).Property(RandomAlbum.5.Art(thumb))]</value>
    </variable>
    <variable name="CDCase2Var">
        <value>$INFO[Window(home).Property(RandomAlbum.9.Art(thumb))]</value>
    </variable>
    <variable name="CDCase3Var">
        <value>$INFO[Window(home).Property(RandomAlbum.8.Art(thumb))]</value>
    </variable>
    <variable name="CDCase4Var">
        <value>$INFO[Window(home).Property(RandomAlbum.7.Art(thumb))]</value>
    </variable>
    <variable name="CDCase5Var">
        <value>$INFO[Window(home).Property(RandomAlbum.4.Art(thumb))]</value>
    </variable>
    <variable name="CDCase6Var">
        <value>$INFO[Window(home).Property(RandomAlbum.6.Art(thumb))]</value>
    </variable>
    <variable name="CDCase7Var">
        <value>$INFO[Window(home).Property(RandomAlbum.10.Art(thumb))]</value>
    </variable>
    <variable name="CDCase8Var">
        <value condition="!IsEmpty(Player.Art(fanart))">$INFO[Player.Art(fanart)]</value>
        <value condition="!IsEmpty(Control.GetLabel(6056))">$INFO[Control.GetLabel(6056)]</value>
        <value>$INFO[Window(home).Property(RandomAlbum.3.Art(thumb))]</value>
    </variable>
    <variable name="CDCase9Var">
        <value condition="!IsEmpty(Window(Visualisation).Property(ArtistSlideshow))">$INFO[Window(Visualisation).Property(ArtistSlideshow)]</value>
        <value>$INFO[Window(home).Property(RandomAlbum.2.Art(thumb))]</value>
    </variable>
    <variable name="CDCase10Var">
        <value>$INFO[Player.Art(thumb)]</value>
    </variable>

    <variable name="InfoList.NoPlotVar">
        <value condition="Skin.HasSetting(InfoList.NoPlot)">$LOCALIZE[31009]</value>
        <value>$LOCALIZE[203]</value>
    </variable>

    <variable name="InfoListButton1LabelVar">
        <value condition="Container.Content(movies) | Container.Content(tvshows) | Container.Content(seasons)">$INFO[ListItem.Genre]</value>
    </variable>
    <variable name="InfoListButton2Label1Var">
        <value condition="Container.Content(movies)">$INFO[ListItem.Director]</value>
        <value condition="Container.Content(tvshows) | Container.Content(seasons)">$INFO[ListItem.Studio]</value>
    </variable>
    <variable name="InfoListButton2Label2Var">
        <value condition="Container.Content(tvshows) | Container.Content(seasons)">$INFO[ListItem.Property(TotalEpisodes)] [LOWERCASE]$VAR[OneOrMoreEpisodesVar][/LOWERCASE]</value>
    </variable>
    <variable name="InfoListButton3Label1Var">
        <value condition="Container.Content(movies)">$INFO[ListItem.Duration,, $LOCALIZE[12391]]</value>
        <value condition="[Container.Content(tvshows) | Container.Content(seasons)]  + !IsEmpty(Window(Home).Property(NextAired.NextDate))">$LOCALIZE[31010]</value>
        <value condition="[Container.Content(tvshows) | Container.Content(seasons)]  + IsEmpty(Window(Home).Property(NextAired.NextDate))">$LOCALIZE[20416]</value>
    </variable>
    <variable name="InfoListButton3Label2Var">
        <value condition="Container.Content(movies)">$INFO[ListItem.Year]</value>
        <value condition="[Container.Content(tvshows) | Container.Content(seasons)] + !IsEmpty(Window(Home).Property(NextAired.NextDate))">$INFO[Window(Home).Property(NextAired.NextDate)]</value>
        <value condition="[Container.Content(tvshows) | Container.Content(seasons)] + IsEmpty(Window(Home).Property(NextAired.NextDate))">$INFO[ListItem.Premiered]</value>
        <!--<value>N/A</value> -->
    </variable>

    <variable name="TimeRemainingVar">
        <value condition="Player.HasDuration">$INFO[Player.TimeRemaining,-]</value>
        <value>∞</value>
    </variable>

    <variable name="RatingAndVotesVar">
        <value condition="IsEmpty(ListItem.Votes)">$LOCALIZE[563]</value>
        <value>$INFO[ListItem.Votes,, $LOCALIZE[31039]]</value>
    </variable>
    <variable name="VideoRatingAndVotesVar">
        <value condition="IsEmpty(VideoPlayer.Votes)">$LOCALIZE[563]</value>
        <value>$INFO[VideoPlayer.Votes,, $LOCALIZE[31039]]</value>
    </variable>
</includes>
