<?xml version="1.0" encoding="UTF-8"?>
<window id="123">
    <defaultcontrol always="true">5</defaultcontrol>
    <allowoverlay>yes</allowoverlay>
    <include>DialogEffect</include>
    <controls>
        <control type="button">
            <include>TouchOverlay</include>
            <onclick>Dialog.Close(osdaudiosettings)</onclick>
            <onclick>Dialog.Close(osdvideosettings)</onclick>
        </control>
        <control type="group">
            <posx>30</posx>
            <posy>52</posy>
            <control type="image">
                <width>860</width>
                <height>955</height>
                <texture>dialogs/background_grey.png</texture>
                <colordiffuse>FAFFFFFF</colordiffuse>
            </control>
            <control type="label" id="2">
                <description>Settings</description>
                <posx>0</posx>
                <posy>0</posy>
                <width>960</width>
                <height>72</height>
                <font>Medium</font>
                <textcolor>$VAR[ThemeColorVar]</textcolor>
                <textoffsetx>30</textoffsetx>
            </control>
            <control type="image">
                <description>Header Line</description>
                <posx>0</posx>
                <posy>76</posy>
                <width>860</width>
                <height>2</height>
                <texture>common/blue2.png</texture>
            </control>
            <control type="grouplist" id="5">
                <description>Control Area</description>
                <posx>0</posx>
                <posy>80</posy>
                <width>860</width>
                <height>864</height>
                <itemgap>0</itemgap>
                <orientation>vertical</orientation>
                <pagecontrol>60</pagecontrol>
                <onleft>28</onleft>
                <onright>28</onright>
                <onup>28</onup>
                <ondown>28</ondown>
            </control>
            <control type="button" id="7">
                <description>Default Button</description>
                <align>left</align>
            </control>
            <control type="radiobutton" id="8">
                <description>Default RadioButton</description>
                <align>left</align>
            </control>
            <control type="spincontrolex" id="9">
                <description>Default spincontrolex</description>
                <align>left</align>
                <reverse>yes</reverse>
            </control>
            <control type="sliderex" id="13">
                <description>Default Slider</description>
                <align>left</align>
            </control>
        </control>
    </controls>
</window>