<?xml version="1.0" encoding="UTF-8"?>
<window id="2901">
    <defaultcontrol>4</defaultcontrol>
    <allowoverlay>yes</allowoverlay>
    <onload condition="Player.ShowInfo">Action(Info)</onload>
    <controls>
        <control type="button">
            <include>TouchOverlay</include>
            <onclick>Dialog.Close(videoosd)</onclick>
            <animation effect="fade" start="0" end="100" time="0" delay="500">WindowOpen</animation>
        </control>
        <control type="group">
            <visible>!Window.IsActive(pvrosdchannels) + !Window.IsActive(pvrosdguide) + !Window.IsActive(osdaudiosettings) + !Window.IsActive(osdvideosettings)</visible>
            <control type="group">
                <posx>0</posx>
                <posy>0</posy>
                <control type="group">
                    <animation effect="slide" start="0" end="-120" time="200" tween="cubic" easing="out" condition="Window.IsVisible(videobookmarks)">Conditional</animation>
                    <animation effect="slide" start="-120" end="0" time="200" tween="cubic" easing="out">WindowOpen</animation>
                    <animation effect="slide" start="0" end="-120" time="200" tween="cubic" easing="out">WindowClose</animation>
                    <control type="image">
                        <posx>-21</posx>
                        <posy>375</posy>
                        <width>138</width>
                        <height>330</height>
                        <texture border="21">thumbs/thumb_shadow.png</texture>
                    </control>
                    <control type="grouplist" id="101">
                        <posx>0</posx>
                        <posy>0</posy>
                        <width>96</width>
                        <height>1080</height>
                        <itemgap>0</itemgap>
                        <orientation>vertical</orientation>
                        <align>center</align>
                        <control type="group">
                            <width>96</width>
                            <height>96</height>
                            <control type="button" id="13">
                                <description>Forward</description>
                                <include>VideoOSDButton</include>
                                <label>298</label>
                                <onclick>PlayerControl(forward)</onclick>
                                <onleft>100</onleft>
                                <onright>14</onright>
                                <onup>12</onup>
                                <ondown>16</ondown>
                                <enable>Player.SeekEnabled</enable>
                            </control>
                            <control type="image">
                                <posx>16</posx>
                                <posy>16</posy>
                                <width>64</width>
                                <height>64</height>
                                <texture>osd/ff_nf.png</texture>
                                <visible>Player.SeekEnabled</visible>
                            </control>
                            <control type="image">
                                <posx>16</posx>
                                <posy>16</posy>
                                <width>64</width>
                                <height>64</height>
                                <texture>osd/ff_nf.png</texture>
                                <colordiffuse>77FFFFFF</colordiffuse>
                                <visible>!Player.SeekEnabled</visible>
                            </control>
                        </control>
                        <control type="group">
                            <width>96</width>
                            <height>96</height>
                            <control type="button" id="16">
                                <description>Skip Next</description>
                                <include>VideoOSDButton</include>
                                <label>298</label>
                                <onclick>SkipNext</onclick>
                                <onleft>100</onleft>
                                <onright>14</onright>
                                <onup>13</onup>
                                <ondown>15</ondown>
                            </control>
                            <control type="image">
                                <posx>16</posx>
                                <posy>16</posy>
                                <width>64</width>
                                <height>64</height>
                                <texture>osd/next_nf.png</texture>
                            </control>
                        </control>
                        <control type="group">
                            <width>96</width>
                            <height>96</height>
                            <control type="button" id="15">
                                <description>Stop</description>
                                <include>VideoOSDButton</include>
                                <label>31038</label>
                                <onclick>PlayerControl(Stop)</onclick>
                                <onleft>100</onleft>
                                <onright>14</onright>
                                <onup>16</onup>
                                <ondown>17</ondown>
                            </control>
                            <control type="image">
                                <posx>16</posx>
                                <posy>16</posy>
                                <width>64</width>
                                <height>64</height>
                                <texture>osd/stop_nf.png</texture>
                            </control>
                        </control>
                        <control type="group">
                            <width>96</width>
                            <height>96</height>
                            <control type="button" id="17">
                                <description>Skip Previous</description>
                                <include>VideoOSDButton</include>
                                <label>13396</label>
                                <onclick>SkipPrevious</onclick>
                                <onleft>100</onleft>
                                <onright>14</onright>
                                <onup>15</onup>
                                <ondown>12</ondown>
                                <enable>Player.SeekEnabled</enable>
                            </control>
                            <control type="image">
                                <posx>16</posx>
                                <posy>16</posy>
                                <width>64</width>
                                <height>64</height>
                                <texture>osd/previous_nf.png</texture>
                                <visible>Player.SeekEnabled</visible>
                            </control>
                            <control type="image">
                                <posx>16</posx>
                                <posy>16</posy>
                                <width>64</width>
                                <height>64</height>
                                <texture>osd/previous_nf.png</texture>
                                <colordiffuse>77FFFFFF</colordiffuse>
                                <visible>!Player.SeekEnabled</visible>
                            </control>
                        </control>
                        <control type="group">
                            <width>96</width>
                            <height>96</height>
                            <control type="button" id="12">
                                <description>Forward</description>
                                <include>VideoOSDButton</include>
                                <label>298</label>
                                <onclick>PlayerControl(rewind)</onclick>
                                <onleft>100</onleft>
                                <onright>14</onright>
                                <onup>17</onup>
                                <ondown>13</ondown>
                            </control>
                            <control type="image">
                                <posx>16</posx>
                                <posy>16</posy>
                                <width>64</width>
                                <height>64</height>
                                <texture>osd/rew_nf.png</texture>
                            </control>
                        </control>
                    </control>
                </control>
            </control>
            <control type="group">
                <posx>0</posx>
                <posy>0</posy>
                <control type="group">
                    <animation effect="slide" start="0" end="120" time="500" tween="cubic" easing="out" delay="200" condition="Window.IsVisible(videobookmarks)">Conditional</animation>
                    <animation effect="slide" start="120" end="0" time="200" tween="cubic" easing="out">WindowOpen</animation>
                    <animation effect="slide" start="0" end="120" time="200" tween="cubic" easing="out">WindowClose</animation>
                    <control type="image">
                        <posx>1803</posx>
                        <posy>231</posy>
                        <width>138</width>
                        <height>618</height>
                        <texture border="21">thumbs/thumb_shadow.png</texture>
                    </control>
                    <control type="grouplist" id="100">
                        <posx>96r</posx>
                        <posy>0</posy>
                        <width>96</width>
                        <height>1080</height>
                        <itemgap>0</itemgap>
                        <orientation>vertical</orientation>
                        <align>center</align>
                        <control type="group">
                            <width>96</width>
                            <height>96</height>
                            <control type="button" id="1">
                                <description>Bookmarks</description>
                                <include>VideoOSDButton</include>
                                <label>298</label>
                                <onclick>ActivateWindow(videobookmarks)</onclick>
                                <onleft>14</onleft>
                                <onright>101</onright>
                                <onup>18</onup>
                                <ondown>2</ondown>
                                <enable>!VideoPlayer.Content(LiveTV)</enable>
                            </control>
                            <control type="image">
                                <posx>16</posx>
                                <posy>16</posy>
                                <width>64</width>
                                <height>64</height>
                                <texture>icons/bookmark.png</texture>
                                <visible>!VideoPlayer.Content(LiveTV)</visible>
                            </control>
                            <control type="image">
                                <posx>16</posx>
                                <posy>16</posy>
                                <width>64</width>
                                <height>64</height>
                                <texture>icons/bookmark.png</texture>
                                <colordiffuse>77FFFFFF</colordiffuse>
                                <visible>VideoPlayer.Content(LiveTV)</visible>
                            </control>
                        </control>
                        <control type="group">
                            <width>96</width>
                            <height>96</height>
                            <control type="button" id="2">
                                <description>Audio Settings</description>
                                <include>VideoOSDButton</include>
                                <label>13396</label>
                                <onclick>ActivateWindow(osdaudiosettings)</onclick>
                                <onleft>14</onleft>
                                <onright>101</onright>
                                <onup>1</onup>
                                <ondown>3</ondown>
                            </control>
                            <control type="image">
                                <posx>16</posx>
                                <posy>16</posy>
                                <width>64</width>
                                <height>64</height>
                                <texture>icons/volume.png</texture>
                            </control>
                        </control>
                        <control type="group">
                            <width>96</width>
                            <height>96</height>
                            <control type="button" id="3">
                                <description>Video Settings</description>
                                <include>VideoOSDButton</include>
                                <label>13395</label>
                                <onclick>ActivateWindow(osdvideosettings)</onclick>
                                <onleft>14</onleft>
                                <onright>101</onright>
                                <onup>2</onup>
                                <ondown>4</ondown>
                            </control>
                            <control type="image">
                                <posx>16</posx>
                                <posy>16</posy>
                                <width>64</width>
                                <height>64</height>
                                <texture>icons/video.png</texture>
                            </control>
                        </control>
                        <control type="group">
                            <width>96</width>
                            <height>96</height>
                            <control type="button" id="4">
                                <description>Subtitles</description>
                                <include>VideoOSDButton</include>
                                <label>287</label>
                                <onclick>Close</onclick>
                                <onclick condition="IsEmpty(Skin.String(SubtitlesPath))">Skin.SetAddon(SubtitlesPath,xbmc.python.subtitles)</onclick>
                                <onclick condition="!IsEmpty(Skin.String(SubtitlesPath))">XBMC.RunScript($INFO[Skin.String(SubtitlesPath)])</onclick>
                                <onleft>14</onleft>
                                <onright>101</onright>
                                <onup>3</onup>
                                <ondown>6</ondown>
                            </control>
                            <control type="image">
                                <posx>16</posx>
                                <posy>16</posy>
                                <width>64</width>
                                <height>64</height>
                                <texture>icons/subtitles.png</texture>
                            </control>
                        </control>
                        <control type="group">
                            <visible>!VideoPlayer.Content(LiveTV)</visible>
                            <width>96</width>
                            <height>96</height>
                            <control type="button" id="6">
                                <description>DVD menu</description>
                                <include>VideoOSDButton</include>
                                <label>31041</label>
                                <onclick>PlayerControl(ShowVideoMenu)</onclick>
                                <enable>VideoPlayer.HasMenu</enable>
                                <onleft>14</onleft>
                                <onright>101</onright>
                                <onup>4</onup>
                                <ondown>18</ondown>
                            </control>
                            <control type="image">
                                <posx>16</posx>
                                <posy>16</posy>
                                <width>64</width>
                                <height>64</height>
                                <texture>icons/disc_menu.png</texture>
                                <animation type="Conditional" reversible="false" condition="!Control.IsEnabled(6)">
                                    <effect type="fade" start="80" end="20" time="50" />
                                </animation>
                            </control>
                        </control>
                        <control type="group">
                            <visible>VideoPlayer.Content(LiveTV)</visible>
                            <width>96</width>
                            <height>96</height>
                            <control type="button" id="6">
                                <description>Channels</description>
                                <include>VideoOSDButton</include>
                                <label>31038</label>
                                <onclick>ActivateWindow(pvrosdchannels)</onclick>
                                <onleft>14</onleft>
                                <onright>101</onright>
                                <onup>4</onup>
                                <ondown>18</ondown>
                            </control>
                            <control type="image">
                                <posx>16</posx>
                                <posy>16</posy>
                                <width>64</width>
                                <height>64</height>
                                <texture>icons/channel_list.png</texture>
                            </control>
                        </control>
                        <control type="group">
                            <width>96</width>
                            <height>96</height>
                            <control type="button" id="18">
                                <description>Toggle Info</description>
                                <include>VideoOSDButton</include>
                                <label>31038</label>
                                <onleft>14</onleft>
                                <onright>101</onright>
                                <onup>6</onup>
                                <ondown>1</ondown>
                                <onclick condition="!VideoPlayer.Content(LiveTV)">Action(info)</onclick>
                                <onclick condition="!VideoPlayer.Content(LiveTV)">Dialog.Close(videoosd)</onclick>
                                <onclick condition="VideoPlayer.Content(LiveTV)">ActivateWindow(pvrosdguide)</onclick>
                            </control>
                            <control type="image">
                                <posx>16</posx>
                                <posy>16</posy>
                                <width>64</width>
                                <height>64</height>
                                <texture>icons/info.png</texture>
                            </control>
                        </control>
                    </control>
                </control>
            </control>
            <control type="group">
                <animation type="WindowOpen" reversible="false">
                    <effect type="fade" start="0" end="100" time="500" />
                </animation>
                <animation type="WindowClose" reversible="false">
                    <effect type="fade" start="100" end="0" time="500" />
                </animation>
                <visible>!Window.IsVisible(script-XBMC-Subtitles-main.xml)</visible>
                <control type="group">
                    <posx>867</posx>
                    <posy>447</posy>
                    <control type="button" id="14">
                        <description>Play/Pause</description>
                        <posx>0</posx>
                        <posy>0</posy>
                        <width>186</width>
                        <height>186</height>
                        <label>-</label>
                        <font>-</font>
                        <texturefocus>osd/bg_play_large_fo.png</texturefocus>
                        <texturenofocus>osd/bg_play_large.png</texturenofocus>
                        <colordiffuse>Blue2</colordiffuse>
                        <onclick>PlayerControl(Play)</onclick>
                        <onleft>101</onleft>
                        <onright>100</onright>
                        <onup>100</onup>
                        <ondown>401</ondown>
                    </control>
                    <control type="image">
                        <posx>0</posx>
                        <posy>0</posy>
                        <width>186</width>
                        <height>186</height>
                        <texture>osd/btn_pause.png</texture>
                        <visible>!Player.Paused</visible>
                    </control>
                    <control type="image">
                        <posx>0</posx>
                        <posy>0</posy>
                        <width>186</width>
                        <height>186</height>
                        <texture>osd/btn_play.png</texture>
                        <visible>Player.Paused</visible>
                    </control>
                </control>
            </control>
            <include>SliderControl</include>
        </control>
    </controls>
</window>
