<?xml version="1.0" encoding="UTF-8"?>
<window id="125">
    <defaultcontrol always="true">2</defaultcontrol>
    <allowoverlay>yes</allowoverlay>
    <controls>
        <control type="group">
            <animation effect="slide" start="0,-270" end="0,0" time="500" tween="cubic" easing="out">WindowOpen</animation>
            <animation effect="slide" start="0,-270" end="0,0" time="500" tween="cubic" easing="out">VisibleChange</animation>
            <animation effect="slide" end="0,-270" start="0,0" time="500" tween="cubic" easing="out">WindowClose</animation>
            <control type="image">
                <width>1920</width>
                <height>270</height>
                <include>toast_back</include>
            </control>
            <control type="panel" id="11">
                <posx>0</posx>
                <posy>0</posy>
                <width>1920</width>
                <height>400</height>
                <onleft>11</onleft>
                <onright>11</onright>
                <ondown>2</ondown>
                <onup>4</onup>
                <scrolltime>50</scrolltime>
                <viewtype label="536">icon</viewtype>
                <pagecontrol>-</pagecontrol>
                <orientation>horizontal</orientation>
                <animation type="WindowOpen" reversible="false">
                    <effect type="fade" start="0" end="100" time="200" />
                </animation>
                <animation type="WindowClose" reversible="false">
                    <effect type="fade" start="100" end="0" time="200" />
                </animation>
                <itemlayout height="300" width="480">
                    <control type="image">
                        <width>480</width>
                        <height>270</height>
                        <include>toast_back</include>
                    </control>
                    <control type="image">
                        <width>480</width>
                        <height>270</height>
                        <texture background="true">$INFO[ListItem.Icon]</texture>
                        <aspectratio align="center">scale</aspectratio>
                        <bordersize>2</bordersize>
                        <fadetime>200</fadetime>
                    </control>
                    <control type="label">
                        <posx>240</posx>
                        <posy>272</posy>
                        <width>480</width>
                        <height>23</height>
                        <align>center</align>
                        <info>ListItem.Label</info>
                    </control>
                </itemlayout>
                <focusedlayout height="300" width="462">
                    <control type="image">
                        <width>480</width>
                        <height>270</height>
                        <include>toast_back</include>
                    </control>
                    <control type="group">
                        <animation type="Focus">
                            <effect type="zoom" start="95" end="100" time="200" tween="sine" easing="inout" center="auto" />
                            <effect type="fade" start="80" end="100" time="200" tween="sine" easing="in" />
                        </animation>
                        <control type="image">
                            <width>480</width>
                            <height>270</height>
                            <texture background="true">$INFO[ListItem.Icon]</texture>
                            <aspectratio align="center">scale</aspectratio>
                            <bordertexture border="8">thumbs/thumb_focus_no_shadow.png</bordertexture>
                            <bordersize>8</bordersize>
                            <fadetime>200</fadetime>
                        </control>
                    </control>
                    <control type="label">
                        <posx>240</posx>
                        <posy>272</posy>
                        <width>480</width>
                        <height>23</height>
                        <align>center</align>
                        <info>ListItem.Label</info>
                    </control>
                </focusedlayout>
            </control>

            <control type="image">
                <posx>0</posx>
                <posy>270</posy>
                <width>1920</width>
                <height>38</height>
                <texture border="1">settings/bottom_shadow.png</texture>
            </control>
        </control>

        <control type="group">
            <animation effect="slide" start="-120" end="0" time="200" delay="200" tween="cubic" easing="out">WindowOpen</animation>
            <animation effect="slide" start="0" end="-120" time="200" tween="cubic" easing="out">WindowClose</animation>
            <control type="image">
                <posx>-21</posx>
                <posy>375</posy>
                <width>138</width>
                <height>330</height>
                <texture border="21">thumbs/thumb_shadow.png</texture>
            </control>
            <control type="grouplist" id="9000">
                <posx>0</posx>
                <posy>0</posy>
                <width>96</width>
                <height>1080</height>
                <itemgap>0</itemgap>
                <align>center</align>
                <orientation>vertical</orientation>
                <onleft>11</onleft>
                <onright>11</onright>
                <onup>9000</onup>
                <ondown>9000</ondown>
                <control type="group">
                    <width>96</width>
                    <height>96</height>
                    <control type="button" id="2">
                        <description>Create Bookmark button</description>
                        <label>294</label>
                        <width>96</width>
                        <height>96</height>
                        <font>-</font>
                        <onleft>11</onleft>
                        <onright>11</onright>
                        <onup>11</onup>
                        <ondown>3</ondown>
                    </control>
                    <control type="image">
                        <posx>16</posx>
                        <posy>16</posy>
                        <width>64</width>
                        <height>64</height>
                        <texture>icons/add.png</texture>
                    </control>
                </control>
                <control type="group">
                    <width>96</width>
                    <height>96</height>
                    <control type="button" id="3">
                        <description>Clear Bookmark button</description>
                        <label>296</label>
                        <width>96</width>
                        <height>96</height>
                        <font>-</font>
                        <onleft>11</onleft>
                        <onright>11</onright>
                        <onup>2</onup>
                        <ondown>4</ondown>
                    </control>
                    <control type="image">
                        <posx>16</posx>
                        <posy>16</posy>
                        <width>64</width>
                        <height>64</height>
                        <texture>icons/remove.png</texture>
                    </control>
                </control>
                <control type="group">
                    <width>96</width>
                    <height>96</height>
                    <control type="button" id="4">
                        <description>Set episode thumbnail button</description>
                        <label>20406</label>
                        <width>96</width>
                        <height>96</height>
                        <font>-</font>
                        <onleft>11</onleft>
                        <onright>11</onright>
                        <onup>3</onup>
                        <ondown>11</ondown>
                    </control>
                    <control type="image">
                        <posx>16</posx>
                        <posy>16</posy>
                        <width>64</width>
                        <height>64</height>
                        <texture>icons/art.png</texture>
                        <animation type="Conditional" reversible="false" condition="!Control.IsEnabled(4)">
                            <effect type="fade" start="80" end="20" time="50" />
                        </animation>
                    </control>
                </control>
            </control>
        </control>
    </controls>
</window>
