<?xml version="1.0" encoding="UTF-8"?>
<window id="2005">
    <defaultcontrol>-</defaultcontrol>
    <onload>Dialog.Close(all,true)</onload>
    <controls>
        <control type="button" id="1">
            <visible>VideoPlayer.Content(LiveTV)</visible>
            <posx>0</posx>
            <posy>0</posy>
            <width>200</width>
            <height>1080</height>
            <include>NoTextureButton</include>
            <onclick>ActivateWindow(pvrosdchannels)</onclick>
        </control>
        <!-- 
        <control type="button" id="1">
            <visible>VideoPlayer.Content(LiveTV)</visible>
            <posx>0</posx>
            <posy>0</posy>
            <width>200</width>
            <height>1080</height>
            <include>NoTextureButton</include>
            <onclick>SkipPrevious</onclick>
        </control>
        <control type="button" id="2">
            <visible>VideoPlayer.Content(LiveTV)</visible>
            <posx>1720</posx>
            <posy>0</posy>
            <width>200</width>
            <height>1080</height>
            <include>NoTextureButton</include>
            <onclick>SkipNext</onclick>
        </control>
         -->
        <control type="group">
            <animation effect="slide" start="0,0" end="0,72" time="200" tween="cubic" easing="out" condition="Player.Paused | Player.ShowInfo">Conditional</animation>
            <control type="image">
                <width>1920</width>
                <height>250</height>
                <texture>common/black.png</texture>
                <colordiffuse>66FFFFFF</colordiffuse>
            </control>
            <control type="label" id="10">
                <description>row 1 label</description>
                <posx>0</posx>
                <posy>0</posy>
                <width>1920</width>
                <height>72</height>
                <font>font13</font>
                <textoffsetx>30</textoffsetx>
                <label>-</label>
            </control>
            <control type="label" id="11">
                <description>row 2 label</description>
                <posy>80</posy>
                <width>1920</width>
                <height>72</height>
                <font>font13</font>
                <textoffsetx>30</textoffsetx>
                <label>-</label>
            </control>
            <control type="label" id="12">
                <description>row 3 label</description>
                <posy>160</posy>
                <width>1920</width>
                <height>155</height>
                <font>font13</font>
                <textoffsetx>30</textoffsetx>
                <label>-</label>
                <aligny>top</aligny>
            </control>
        </control>
    </controls>
</window>