<?xml version="1.0" encoding="UTF-8"?>
<includes>
    <include name="View_56_SquareInfoList">
        <control type="group">
            <visible>Control.isVisible(56)</visible>
            <animation type="VisibleChange" reversible="false">
                <effect type="zoom" start="200" end="100" center="960,560" easing="out" tween="cubic" time="300" />
                <effect type="fade" start="0" end="100" time="300" />
            </animation>
            <control type="group">
                <posx>66</posx>
                <posy>412</posy>
                <control type="group">
                    <animation effect="zoom" start="100" end="90" time="640" easing="inout" tween="circle" center="0,250" condition="true">Conditional</animation>
                    <control type="image">
                        <posx>-40</posx>
                        <posy>-40</posy>
                        <width>584</width>
                        <height>584</height>
                        <texture border="40">shadow.png</texture>
                    </control>
                    <control type="image">
                        <width>504</width>
                        <height>504</height>
                        <include>toast_back</include>
                    </control>
                    <control type="image">
                        <width>504</width>
                        <height>504</height>
                        <aspectratio>scale</aspectratio>
                        <texture background="true">$INFO[ListItem.Icon]</texture>
                    </control>
                    <control type="image">
                        <width>504</width>
                        <height>504</height>
                        <texture flipx="true">dialogs/panel_overlay.png</texture>
                    </control>
                    <control type="image">
                        <posx>0</posx>
                        <posy>504</posy>
                        <width>504</width>
                        <height>504</height>
                        <aspectratio aligny="top">scale</aspectratio>
                        <texture flipy="true" diffuse="thumbs/thumb_diffuse.png">$INFO[ListItem.Icon]</texture>
                    </control>
                </control>

                <control type="group">
                    <animation effect="zoom" start="100" end="90" time="640" easing="inout" tween="circle" center="1270,250" condition="true">Conditional</animation>
                    <control type="image">
                        <posx>1234</posx>
                        <posy>-40</posy>
                        <width>614</width>
                        <height>584</height>
                        <texture border="40">shadow.png</texture>
                    </control>
                    <control type="image">
                        <posx>1274</posx>
                        <posy>0</posy>
                        <width>534</width>
                        <height>300</height>
                        <include>toast_back</include>
                    </control>
                    <control type="image">
                        <posx>1274</posx>
                        <posy>300</posy>
                        <width>534</width>
                        <height>204</height>
                        <include>toast_back</include>
                    </control>
                    <control type="image">
                        <posx>1274</posx>
                        <posy>0</posy>
                        <width>534</width>
                        <height>300</height>
                        <aspectratio>scale</aspectratio>
                        <texture>$INFO[ListItem.Art(fanart)]</texture>
                    </control>
                    <control type="group">
                        <visible>Container.Content(songs) | Container.Content(albums)</visible>
                        <control type="button">
                            <posx>1274</posx>
                            <posy>300</posy>
                            <width>534</width>
                            <height>68</height>
                            <onclick>noop</onclick>
                            <label>$LOCALIZE[515]</label>
                            <label2>$INFO[ListItem.Genre]</label2>
                            <disabledcolor>White2</disabledcolor>
                            <enable>no</enable>
                            <textoffsetx>15</textoffsetx>
                        </control>
                        <control type="button">
                            <posx>1274</posx>
                            <posy>368</posy>
                            <width>534</width>
                            <height>68</height>
                            <onclick>noop</onclick>
                            <label>$LOCALIZE[563]</label>
                            <disabledcolor>White2</disabledcolor>
                            <enable>no</enable>
                            <textoffsetx>15</textoffsetx>
                        </control>
                        <control type="image">
                            <posx>1605</posx>
                            <posy>377</posy>
                            <width>200</width>
                            <height>50</height>
                            <colordiffuse>White2</colordiffuse>
                            <include>MediaFlagVars</include>
                            <texture fallback="rating0.png">$INFO[ListItem.StarRating]</texture>
                        </control>
                        <control type="button">
                            <posx>1274</posx>
                            <posy>436</posy>
                            <width>534</width>
                            <height>68</height>
                            <onclick>noop</onclick>
                            <label>$LOCALIZE[345]</label>
                            <label2>$INFO[ListItem.Year]</label2>
                            <disabledcolor>White2</disabledcolor>
                            <enable>no</enable>
                            <textoffsetx>15</textoffsetx>
                        </control>
                    </control>
                    <control type="group">
                        <visible>![Container.Content(songs) | Container.Content(albums)]</visible>
                        <control type="textbox">
                            <description>Plot outline</description>
                            <posx>1292</posx>
                            <posy>310</posy>
                            <width>498</width>
                            <height>180</height>
                            <align>left</align>
                            <font>Plot</font>
                            <label>$VAR[GlobalPlotVar]</label>
                            <pagecontrol>61</pagecontrol>
                            <autoscroll>False</autoscroll>
                            <animation effect="fade" start="100" end="80" time="200" tween="sine" easing="inout" condition="!Control.HasFocus(61)">Conditional</animation>
                        </control>
                        <control type="image">
                            <posx>1274</posx>
                            <posy>434</posy>
                            <width>534</width>
                            <height>72</height>
                            <texture border="3">dialogs/toast_back_blue_mask.png</texture>
                        </control>
                        <control type="scrollbar" id="61">
                            <posx>1274</posx>
                            <posy>302</posy>
                            <width>534</width>
                            <height>200</height>
                            <onleft>56</onleft>
                            <onright>9010</onright>
                            <showonepage>false</showonepage>
                            <texturesliderbackground>-</texturesliderbackground>
                            <texturesliderbar>-</texturesliderbar>
                            <texturesliderbarfocus border="2,0,8,0">dialogs/scrollbar/texturesliderbar2.png</texturesliderbarfocus>
                        </control>
                    </control>
                    <control type="image">
                        <posx>1274</posx>
                        <posy>0</posy>
                        <width>534</width>
                        <height>504</height>
                        <texture>dialogs/panel_overlay.png</texture>
                    </control>
                    <control type="image">
                        <posx>1274</posx>
                        <posy>504</posy>
                        <width>534</width>
                        <height>119</height>
                        <texture>reflect.png</texture>
                    </control>
                </control>

                <control type="group">
                    <control type="image">
                        <posx>414</posx>
                        <posy>-40</posy>
                        <width>900</width>
                        <height>584</height>
                        <texture border="40">shadow.png</texture>
                    </control>
                    <control type="image">
                        <posx>416</posx>
                        <posy>25</posy>
                        <width>38</width>
                        <height>454</height>
                        <texture border="1">settings/side_shadow.png</texture>
                    </control>
                    <control type="image">
                        <posx>1274</posx>
                        <posy>24</posy>
                        <width>38</width>
                        <height>454</height>
                        <texture border="1" flipx="true">settings/side_shadow.png</texture>
                    </control>
                    <control type="image">
                        <posx>454</posx>
                        <posy>0</posy>
                        <width>820</width>
                        <height>504</height>
                        <texture>views/infolist56/list_back.png</texture>
                    </control>
                    <control type="list" id="56">
                        <posx>454</posx>
                        <posy>0</posy>
                        <width>820</width>
                        <height>504</height>
                        <onleft>60</onleft>
                        <onright>61</onright>
                        <onup>56</onup>
                        <ondown>56</ondown>
                        <movement>5</movement>
                        <pagecontrol>60</pagecontrol>
                        <viewtype label="InfoList">list</viewtype>
                        <orientation>vertical</orientation>
                        <visible>![Container.Content(movies) | Container.Content(tvshows) | Container.Content(musicvideos) | Container.Content(seasons) | Container.Content(episodes)]</visible>
                        <scrolltime tween="quadratic" easing="out">200</scrolltime>
                        <itemlayout width="820" height="72">
                            <!--<control type="image">
                                <width>820</width>
                                <height>72</height>
                                <include>toast_back</include>
                                </control> -->
                            <control type="label">
                                <posx>0</posx>
                                <width>820</width>
                                <height>72</height>
                                <font>Small</font>
                                <label>$INFO[ListItem.Label]</label>
                                <textcolor>White2</textcolor>
                                <textoffsetx>18</textoffsetx>
                            </control>
                            <control type="label">
                                <posx>820</posx>
                                <width>820</width>
                                <height>72</height>
                                <font>Small</font>
                                <align>right</align>
                                <label>$INFO[ListItem.Label2]</label>
                                <textcolor>grey</textcolor>
                                <textoffsetx>18</textoffsetx>
                            </control>
                        </itemlayout>
                        <focusedlayout width="820" height="72">
                            <!--<control type="image">
                                <width>820</width>
                                <height>72</height>
                                <include>toast_back</include>
                                </control> -->
                            <control type="image">
                                <width>820</width>
                                <height>72</height>
                                <texture>dialogs/listitem_focus.png</texture>
                                <visible>Control.HasFocus(56)</visible>
                            </control>
                            <control type="label">
                                <posx>0</posx>
                                <width>820</width>
                                <height>72</height>
                                <font>Small</font>
                                <label>$INFO[ListItem.Label]</label>
                                <textoffsetx>18</textoffsetx>
                            </control>
                            <control type="label">
                                <posx>820</posx>
                                <width>820</width>
                                <height>72</height>
                                <font>Small</font>
                                <align>right</align>
                                <label>$INFO[ListItem.Label2]</label>
                                <textoffsetx>18</textoffsetx>
                            </control>
                        </focusedlayout>
                    </control>
                    <control type="scrollbar" id="60">
                        <posx>312</posx>
                        <posy>2</posy>
                        <width>150</width>
                        <height>500</height>
                        <onleft>9010</onleft>
                        <onright>56</onright>
                        <showonepage>false</showonepage>
                        <texturesliderbackground>-</texturesliderbackground>
                        <texturesliderbar>-</texturesliderbar>
                        <texturesliderbarfocus border="2,0,8,0">dialogs/scrollbar/texturesliderbar2.png</texturesliderbarfocus>
                    </control>
                    <!--<control type="image">
                        <posx>454</posx>
                        <posy>472</posy>
                        <width>820</width>
                        <height>32</height>
                        <texture border="3">dialogs/toast_back_blue_mask.png</texture>
                        </control> -->
                    <control type="image">
                        <posx>454</posx>
                        <posy>504</posy>
                        <width>820</width>
                        <height>119</height>
                        <texture>reflect.png</texture>
                    </control>
                </control>
            </control>
        </control>
    </include>
</includes>
