<?xml version="1.0" encoding="UTF-8"?>
<includes>
    <include name="View_52_ThumbWrap">
        <control type="group">
            <visible>Control.IsVisible(52)</visible>
            <animation type="VisibleChange" reversible="false">
                <effect type="zoom" start="200" end="100" center="960,540" easing="out" tween="cubic" time="300" />
                <effect type="fade" start="0" end="100" time="300" />
            </animation>
            <posy>168</posy>
            <control type="wraplist" id="52">
                <posx>0</posx>
                <posy>362</posy>
                <width>1920</width>
                <height>680</height>
                <onleft>52</onleft>
                <onright>52</onright>
                <onup>9010</onup>
                <ondown>60</ondown>
                <pagecontrol>60</pagecontrol>
                <focusposition>1</focusposition>
                <orientation>horizontal</orientation>
                <viewtype label="Landscape">bigwrap</viewtype>
                <scrolltime tween="sine" easing="inout">500</scrolltime>
                <visible>Container.Content(movies) | Container.Content(tvshows) | Container.Content(episodes)</visible>
                <itemlayout width="642" height="680">
                    <control type="image">
                        <width>642</width>
                        <height>382</height>
                        <aspectratio>scale</aspectratio>
                        <texture fallback="DefaultVideoCover.png">$VAR[LandscapeThumbVar]</texture>
                        <bordertexture border="21">thumbs/thumb_shadow.png</bordertexture>
                        <bordersize>21</bordersize>
                    </control>
                    <control type="group">
                        <visible>[Container.Content(movies) | Container.Content(tvshows)] + IsEmpty(ListItem.Art(landscape))</visible>
                        <control type="image">
                            <width>642</width>
                            <height>382</height>
                            <aspectratio>keep</aspectratio>
                            <texture>$INFO[ListItem.Art(clearlogo)]</texture>
                            <bordersize>21</bordersize>
                        </control>
                        <control type="image">
                            <posy>341</posy>
                            <width>642</width>
                            <height>382</height>
                            <aspectratio scalediffuse="false">keep</aspectratio>
                            <texture flipy="true" diffuse="thumbs/thumb_diffuse.png">$INFO[ListItem.Art(clearlogo)]</texture>
                            <bordersize>21</bordersize>
                        </control>
                    </control>
                    <control type="image">
                        <width>642</width>
                        <height>382</height>
                        <texture>dialogs/panel_overlay.png</texture>
                        <bordersize>21</bordersize>
                    </control>
                    <control type="image">
                        <posx>500</posx>
                        <posy>0</posy>
                        <width>142</width>
                        <height>142</height>
                        <texture>$VAR[IconOverlayVar]</texture>
                        <aspectratio align="center" aligny="top">keep</aspectratio>
                        <bordersize>21</bordersize>
                    </control>
                    <control type="image">
                        <posx>21</posx>
                        <posy>361</posy>
                        <width>600</width>
                        <height>340</height>
                        <aspectratio>scale</aspectratio>
                        <texture flipy="true" fallback="DefaultVideoCover.png" diffuse="thumbs/thumb_diffuse.png">$VAR[LandscapeThumbVar]</texture>
                        <!--<bordersize>25</bordersize> -->
                    </control>
                </itemlayout>
                <focusedlayout width="636" height="680">
                    <control type="group">
                        <posx>20</posx>
                        <posy>44</posy>
                        <animation type="Conditional" reversible="false" condition="true">
                            <effect type="zoom" start="100" end="113.2" center="339,370" easing="out" tween="cubic" time="0" />
                        </animation>
                        <animation type="Focus" reversible="false">
                            <effect type="zoom" start="88.4" end="100" center="339,198" easing="out" tween="cubic" time="500" />
                        </animation>
                        <animation type="UnFocus" reversible="false">
                            <effect type="zoom" end="88.4" start="100" center="339,198" easing="out" tween="cubic" time="500" />
                        </animation>
                        <control type="image">
                            <posx>-21</posx>
                            <posy>-21</posy>
                            <width>642</width>
                            <height>382</height>
                            <aspectratio>scale</aspectratio>
                            <texture fallback="DefaultVideoCover.png">$VAR[LandscapeThumbVar]</texture>
                            <bordertexture border="21">thumbs/thumb_shadow.png</bordertexture>
                            <bordersize>21</bordersize>
                        </control>
                        <control type="group">
                            <visible>[Container.Content(movies) | Container.Content(tvshows)] + IsEmpty(ListItem.Art(landscape))</visible>
                            <control type="image">
                                <posx>-21</posx>
                                <posy>-21</posy>
                                <width>642</width>
                                <height>382</height>
                                <aspectratio>keep</aspectratio>
                                <texture>$INFO[ListItem.Art(clearlogo)]</texture>
                                <bordersize>21</bordersize>
                            </control>
                            <control type="image">
                                <posx>-21</posx>
                                <posy>320</posy>
                                <width>642</width>
                                <height>382</height>
                                <aspectratio scalediffuse="false">keep</aspectratio>
                                <texture flipy="true" diffuse="thumbs/thumb_diffuse.png">$INFO[ListItem.Art(clearlogo)]</texture>
                                <bordersize>21</bordersize>
                            </control>
                        </control>
                        <control type="image">
                            <posx>-21</posx>
                            <posy>-21</posy>
                            <width>642</width>
                            <height>382</height>
                            <texture>dialogs/panel_overlay.png</texture>
                            <bordersize>21</bordersize>
                        </control>
                        <control type="image">
                            <posx>479</posx>
                            <posy>-21</posy>
                            <width>142</width>
                            <height>142</height>
                            <texture>$VAR[IconOverlayVar]</texture>
                            <aspectratio align="center" aligny="top">keep</aspectratio>
                            <bordersize>21</bordersize>
                        </control>
                        <control type="image">
                            <posy>340</posy>
                            <width>600</width>
                            <height>340</height>
                            <aspectratio>scale</aspectratio>
                            <texture flipy="true" fallback="DefaultVideoCover.png" diffuse="thumbs/thumb_diffuse.png">$VAR[LandscapeThumbVar]</texture>
                        </control>
                    </control>
                </focusedlayout>
            </control>
            <control type="label">
                <posx>0</posx>
                <posy>740</posy>
                <width>1920</width>
                <height>110</height>
                <align>center</align>
                <font>Medium_Bold_Floor_Caps</font>
                <textcolor>White</textcolor>
                <shadowcolor>FF424244</shadowcolor>
                <label>$INFO[ListItem.Label]</label>
                <textoffsetx>30</textoffsetx>
                <visible>Container.Content(episodes) | [IsEmpty(ListItem.Art(landscape)) + IsEmpty(ListItem.Art(clearlogo))]</visible>
                <animation type="Visible">
                    <effect type="fade" start="0" end="100" tween="sine" easing="inout" time="300" delay="100" />
                    <effect type="zoom" start="50" end="100" center="auto" tween="sine" easing="inout" time="300" delay="100" />
                </animation>
            </control>
            <control type="label">
                <posx>0</posx>
                <posy>780</posy>
                <width>1920</width>
                <height>110</height>
                <align>center</align>
                <font>Smaller_Caps</font>
                <textcolor>White</textcolor>
                <shadowcolor>FF424244</shadowcolor>
                <label>$INFO[ListItem.Genre]</label>
                <textoffsetx>30</textoffsetx>
                <visible>Container.Content(episodes) | [IsEmpty(ListItem.Art(landscape)) + IsEmpty(ListItem.Art(clearlogo))]</visible>
                <animation type="Visible">
                    <effect type="fade" start="0" end="100" tween="sine" easing="inout" time="300" delay="100" />
                    <effect type="zoom" start="50" end="100" center="auto" tween="sine" easing="inout" time="300" delay="100" />
                </animation>
            </control>
        </control>
    </include>
</includes>
