<?xml version="1.0" encoding="UTF-8"?>
<includes>
    <include name="View_53_ShowCase">
        <control type="group">
            <visible>Control.IsVisible(53)</visible>
            <posy>-20</posy>
            <posx>0</posx>
            <animation type="VisibleChange" reversible="false">
                <effect type="zoom" start="200" end="100" center="960,540" easing="out" tween="cubic" time="300" />
                <effect type="fade" start="0" end="100" time="300" />
            </animation>
            <control type="group">
                <!-- InfoPanel -->
                <visible>Container.Content(movies) + Skin.HasSetting(ShowCase.InfoPanel)</visible>
                <animation type="WindowOpen" reversible="false">
                    <effect type="fade" start="0" end="100" time="300" />
                </animation>
                <animation type="WindowClose" reversible="false">
                    <effect type="fade" start="100" end="0" time="300" />
                </animation>
                <animation type="VisibleChange" reversible="false">
                    <effect type="fade" start="0" end="100" time="300" />
                </animation>
                <posy>152</posy>
                <posx>120</posx>
                <width>1700</width>
                <control type="image">
                    <posx>4</posx>
                    <posy>92</posy>
                    <width>1668</width>
                    <height>1</height>
                    <texture border="1">common/white.png</texture>
                    <colordiffuse>0fFFFFFF</colordiffuse>
                </control>
                <control type="image">
                    <posx>4</posx>
                    <posy>93</posy>
                    <width>1668</width>
                    <height>1</height>
                    <texture border="1">common/black.png</texture>
                    <colordiffuse>0fFFFFFF</colordiffuse>
                </control>
                <control type="image">
                    <posx>4</posx>
                    <posy>182</posy>
                    <width>1668</width>
                    <height>1</height>
                    <texture border="1">common/white.png</texture>
                    <colordiffuse>0fFFFFFF</colordiffuse>
                </control>
                <control type="image">
                    <posx>4</posx>
                    <posy>183</posy>
                    <width>1668</width>
                    <height>1</height>
                    <texture border="1">common/black.png</texture>
                    <colordiffuse>0fFFFFFF</colordiffuse>
                </control>
                <control type="image">
                    <posy>2</posy>
                    <posx>838</posx>
                    <width>1</width>
                    <height>180</height>
                    <texture border="1">common/white.png</texture>
                    <colordiffuse>0fFFFFFF</colordiffuse>
                </control>
                <control type="image">
                    <posy>2</posy>
                    <posx>839</posx>
                    <width>1</width>
                    <height>180</height>
                    <texture border="1">common/black.png</texture>
                    <colordiffuse>0fFFFFFF</colordiffuse>
                </control>
                <control type="image">
                    <posy>93</posy>
                    <posx>417</posx>
                    <width>1</width>
                    <height>89</height>
                    <texture border="1">common/white.png</texture>
                    <colordiffuse>0fFFFFFF</colordiffuse>
                </control>
                <control type="image">
                    <posy>93</posy>
                    <posx>418</posx>
                    <width>1</width>
                    <height>89</height>
                    <texture border="1">common/black.png</texture>
                    <colordiffuse>0fFFFFFF</colordiffuse>
                </control>
                <control type="image">
                    <posy>93</posy>
                    <posx>1251</posx>
                    <width>1</width>
                    <height>89</height>
                    <texture border="1">common/white.png</texture>
                    <colordiffuse>0fFFFFFF</colordiffuse>
                </control>
                <control type="image">
                    <posy>93</posy>
                    <posx>1252</posx>
                    <width>1</width>
                    <height>89</height>
                    <texture border="1">common/black.png</texture>
                    <colordiffuse>0fFFFFFF</colordiffuse>
                </control>
                <control type="image">
                    <posx>4</posx>
                    <posy>423</posy>
                    <width>1668</width>
                    <height>1</height>
                    <texture border="1">common/white.png</texture>
                    <colordiffuse>0fFFFFFF</colordiffuse>
                </control>
                <control type="image">
                    <posx>4</posx>
                    <posy>424</posy>
                    <width>1668</width>
                    <height>1</height>
                    <texture border="1">common/black.png</texture>
                    <colordiffuse>0fFFFFFF</colordiffuse>
                </control>
                <control type="group">
                    <posy>10</posy>
                    <posx>10</posx>
                    <control type="label">
                        <width>834</width>
                        <height>30</height>
                        <font>Small</font>
                        <textcolor>$VAR[ThemeColorVar]</textcolor>
                        <shadowcolor>ff1c303c</shadowcolor>
                        <label>$LOCALIZE[20339]:</label>
                        <textoffsetx>8</textoffsetx>
                    </control>
                    <control type="label">
                        <posy>40</posy>
                        <width>834</width>
                        <height>30</height>
                        <font>Small</font>
                        <label>$INFO[ListItem.Director]</label>
                        <textcolor>White2</textcolor>
                        <shadowcolor>ff1c303c</shadowcolor>
                        <scroll>true</scroll>
                        <textoffsetx>8</textoffsetx>
                    </control>
                    <control type="label">
                        <posx>838</posx>
                        <width>834</width>
                        <height>30</height>
                        <font>Small</font>
                        <textcolor>$VAR[ThemeColorVar]</textcolor>
                        <shadowcolor>ff1c303c</shadowcolor>
                        <label>$LOCALIZE[20417]:</label>
                        <textoffsetx>8</textoffsetx>
                    </control>
                    <control type="label">
                        <posx>838</posx>
                        <posy>40</posy>
                        <width>834</width>
                        <height>30</height>
                        <font>Small</font>
                        <label>$INFO[ListItem.Writer]</label>
                        <textcolor>White2</textcolor>
                        <shadowcolor>ff1c303c</shadowcolor>
                        <textoffsetx>8</textoffsetx>
                        <scroll>true</scroll>
                    </control>
                </control>
                <control type="group">
                    <posy>100</posy>
                    <posx>10</posx>
                    <control type="label">
                        <width>417</width>
                        <height>30</height>
                        <font>Small</font>
                        <textcolor>$VAR[ThemeColorVar]</textcolor>
                        <shadowcolor>ff1c303c</shadowcolor>
                        <label>$LOCALIZE[563]:</label>
                        <textoffsetx>8</textoffsetx>
                    </control>
                    <control type="label">
                        <posy>40</posy>
                        <width>417</width>
                        <height>30</height>
                        <font>Small</font>
                        <label>$INFO[ListItem.RatingAndVotes]$INFO[ListItem.Top250, #]</label>
                        <textcolor>White2</textcolor>
                        <shadowcolor>ff1c303c</shadowcolor>
                        <textoffsetx>8</textoffsetx>
                        <scroll>true</scroll>
                    </control>
                    <control type="label">
                        <posx>417</posx>
                        <width>450</width>
                        <height>30</height>
                        <font>Small</font>
                        <textcolor>$VAR[ThemeColorVar]</textcolor>
                        <shadowcolor>ff1c303c</shadowcolor>
                        <label>$LOCALIZE[180]:</label>
                        <textoffsetx>8</textoffsetx>
                    </control>
                    <control type="label">
                        <posx>417</posx>
                        <posy>40</posy>
                        <width>417</width>
                        <height>30</height>
                        <font>Small</font>
                        <label>$INFO[ListItem.Duration,, $LOCALIZE[12391]]</label>
                        <textcolor>White2</textcolor>
                        <shadowcolor>ff1c303c</shadowcolor>
                        <scroll>true</scroll>
                        <textoffsetx>8</textoffsetx>
                    </control>
                </control>
                <control type="group">
                    <posy>100</posy>
                    <posx>848</posx>
                    <control type="label">
                        <width>407</width>
                        <height>30</height>
                        <font>Small</font>
                        <textcolor>$VAR[ThemeColorVar]</textcolor>
                        <shadowcolor>ff1c303c</shadowcolor>
                        <label>$LOCALIZE[345]:</label>
                        <textoffsetx>8</textoffsetx>
                    </control>
                    <control type="label">
                        <posy>40</posy>
                        <width>407</width>
                        <height>30</height>
                        <font>Small</font>
                        <label>$INFO[ListItem.Year]$INFO[ListItem.DateAdded, (,)]</label>
                        <textcolor>White2</textcolor>
                        <shadowcolor>ff1c303c</shadowcolor>
                        <textoffsetx>8</textoffsetx>
                        <scroll>true</scroll>
                    </control>
                    <control type="label">
                        <posx>417</posx>
                        <width>407</width>
                        <height>30</height>
                        <font>Small</font>
                        <textcolor>$VAR[ThemeColorVar]</textcolor>
                        <shadowcolor>ff1c303c</shadowcolor>
                        <label>$LOCALIZE[574]:</label>
                        <textoffsetx>8</textoffsetx>
                    </control>
                    <control type="label">
                        <posx>417</posx>
                        <posy>40</posy>
                        <width>407</width>
                        <height>30</height>
                        <font>Small</font>
                        <label>$INFO[ListItem.Country]</label>
                        <textcolor>White2</textcolor>
                        <shadowcolor>ff1c303c</shadowcolor>
                        <scroll>true</scroll>
                        <textoffsetx>8</textoffsetx>
                    </control>
                </control>
                <control type="group">
                    <posy>190</posy>
                    <posx>10</posx>
                    <control type="label">
                        <width>256</width>
                        <height>30</height>
                        <font>Small</font>
                        <textcolor>$VAR[ThemeColorVar]</textcolor>
                        <shadowcolor>ff1c303c</shadowcolor>
                        <label>$LOCALIZE[203]:</label>
                        <textoffsetx>8</textoffsetx>
                    </control>
                    <control type="textbox">
                        <description>Plot outline</description>
                        <posx>8</posx>
                        <posy>40</posy>
                        <width>1648</width>
                        <height>192</height>
                        <align>left</align>
                        <font>Plot</font>
                        <label>$VAR[MoviePlotVar]</label>
                        <pagecontrol>61</pagecontrol>
                        <textcolor>White2</textcolor>
                        <shadowcolor>ff1c303c</shadowcolor>
                    </control>
                </control>
            </control>

            <control type="group">
                <camera x="960" y="810" />
                <control type="group" id="6001">
                    <posx>55</posx>
                    <posy>570</posy>
                    <visible>Container.OnNext</visible>
                    <animation effect="slide" end="-135,0" time="200" reversible="false">Hidden</animation>
                    <control type="group">
                        <posx>15</posx>
                        <visible>!IsEmpty(Container(53).ListItemNoWrap(-7).FolderPath) | !Skin.HasSetting(showcasewrap)</visible>
                        <visible>Container.OnNext</visible>
                        <animation effect="fade" start="100" end="0" time="200" reversible="false">Hidden</animation>
                        <animation effect="rotatey" center="-135" start="-55" end="-55" time="0" condition="true">Conditional</animation>
                        <include>MovieShowCaseItem-7</include>
                    </control>
                    <control type="group">
                        <posx>150</posx>
                        <visible>!IsEmpty(Container(53).ListItemNoWrap(-6).FolderPath) | !Skin.HasSetting(showcasewrap)</visible>
                        <animation effect="rotatey" center="0" start="-55" end="-55" time="0" condition="true">Conditional</animation>
                        <include>MovieShowCaseItem-6</include>
                    </control>
                    <control type="group">
                        <posx>285</posx>
                        <visible>!IsEmpty(Container(53).ListItemNoWrap(-5).FolderPath) | !Skin.HasSetting(showcasewrap)</visible>
                        <animation effect="rotatey" center="135" start="-55" end="-55" time="0" condition="true">Conditional</animation>
                        <include>MovieShowCaseItem-5</include>
                    </control>
                    <control type="group">
                        <posx>420</posx>
                        <visible>!IsEmpty(Container(53).ListItemNoWrap(-4).FolderPath) | !Skin.HasSetting(showcasewrap)</visible>
                        <animation effect="rotatey" center="270" start="-55" end="-55" time="0" condition="true">Conditional</animation>
                        <include>MovieShowCaseItem-4</include>
                    </control>
                    <control type="group">
                        <posx>555</posx>
                        <visible>!IsEmpty(Container(53).ListItemNoWrap(-3).FolderPath) | !Skin.HasSetting(showcasewrap)</visible>
                        <animation effect="rotatey" center="405" start="-55" end="-55" time="0" condition="true">Conditional</animation>
                        <include>MovieShowCaseItem-3</include>
                    </control>
                    <control type="group">
                        <posx>690</posx>
                        <visible>!IsEmpty(Container(53).ListItemNoWrap(-2).FolderPath) | !Skin.HasSetting(showcasewrap)</visible>
                        <animation effect="rotatey" center="540" start="-55" end="-55" time="0" condition="true">Conditional</animation>
                        <include>MovieShowCaseItem-2</include>
                    </control>
                    <control type="group">
                        <posx>1635</posx>
                        <visible>!IsEmpty(Container(53).ListItemNoWrap(6).FolderPath) | !Skin.HasSetting(showcasewrap)</visible>
                        <visible>!Container.OnNext</visible>
                        <animation effect="fade" end="100" time="200" reversible="false">Visible</animation>
                        <animation effect="rotatey" center="2100" start="55" end="55" time="0" condition="true">Conditional</animation>
                        <include>MovieShowCaseItem6</include>
                    </control>
                    <control type="group">
                        <posx>1500</posx>
                        <visible>!IsEmpty(Container(53).ListItemNoWrap(5).FolderPath) | !Skin.HasSetting(showcasewrap)</visible>
                        <animation effect="rotatey" center="1965" start="55" end="55" time="0" condition="true">Conditional</animation>
                        <include>MovieShowCaseItem5</include>
                    </control>
                    <control type="group">
                        <posx>1365</posx>
                        <visible>!IsEmpty(Container(53).ListItemNoWrap(4).FolderPath) | !Skin.HasSetting(showcasewrap)</visible>
                        <animation effect="rotatey" center="1830" start="55" end="55" time="0" condition="true">Conditional</animation>
                        <include>MovieShowCaseItem4</include>
                    </control>
                    <control type="group">
                        <posx>1230</posx>
                        <visible>!IsEmpty(Container(53).ListItemNoWrap(3).FolderPath) | !Skin.HasSetting(showcasewrap)</visible>
                        <animation effect="rotatey" center="1695" start="55" end="55" time="0" condition="true">Conditional</animation>
                        <include>MovieShowCaseItem3</include>
                    </control>
                    <control type="group">
                        <posx>1095</posx>
                        <visible>!IsEmpty(Container(53).ListItemNoWrap(2).FolderPath) | !Skin.HasSetting(showcasewrap)</visible>
                        <animation effect="rotatey" center="1560" start="55" end="55" time="0" condition="true">Conditional</animation>
                        <include>MovieShowCaseItem2</include>
                    </control>
                    <control type="group">
                        <posx>960</posx>
                        <visible>!IsEmpty(Container(53).ListItemNoWrap(1).FolderPath) | !Skin.HasSetting(showcasewrap)</visible>
                        <animation effect="rotatey" center="1425" start="55" end="55" time="0" condition="true">Conditional</animation>
                        <include>MovieShowCaseItem1</include>
                    </control>
                    <control type="group">
                        <visible>Container.OnNext</visible>
                        <animation effect="slide" end="75,0" time="200" reversible="false">Hidden</animation>
                        <control type="group">
                            <posx>825</posx>
                            <visible>Container.OnNext</visible>
                            <visible>!IsEmpty(Container(53).ListItemNoWrap(0).FolderPath) | !Skin.HasSetting(showcasewrap)</visible>
                            <animation effect="rotatey" center="1290" end="-55" time="200" reversible="false" tween="quadratic" easing="in">Hidden</animation>
                            <animation effect="rotatey" center="1290" start="55" end="55" time="0" condition="true">Conditional</animation>
                            <include>MovieShowCaseItem0</include>
                        </control>
                        <control type="group">
                            <posx>758</posx>
                            <visible>!IsEmpty(Container(53).ListItemNoWrap(-1).FolderPath) | !Skin.HasSetting(showcasewrap)</visible>
                            <visible>Container.OnNext</visible>
                            <animation effect="rotatey" center="608" end="-55" time="200" reversible="false" tween="quadratic">Hidden</animation>
                            <control type="image">
                                <texture background="true" diffuse="thumbs/thumb_mask.png" fallback="DefaultVideo.png">$VAR[ShowcaseItem-1Var]</texture>
                                <include>MovieShowcaseThumb</include>
                            </control>
                            <include>MovieShowcaseGloss</include>
                            <control type="image">
                                <include>WatchedOverlayShowCase</include>
                                <texture>$VAR[IconOverlay-1Var]</texture>
                            </control>
                            <control type="image">
                                <texture background="true" flipy="true" diffuse="thumbs/thumb_diffuse.png" fallback="DefaultVideo.png">$VAR[ShowcaseItem-1Var]</texture>
                                <aspectratio scalediffuse="false" aligny="top" align="left">scale</aspectratio>
                                <include>MovieShowcaseThumbReflection</include>
                            </control>
                        </control>
                    </control>
                </control>
                <control type="group" id="6002">
                    <posx>55</posx>
                    <posy>570</posy>
                    <visible>Container.OnPrevious</visible>
                    <animation effect="slide" end="135,0" time="200" reversible="false">Hidden</animation>
                    <control type="group">
                        <posx>1500</posx>
                        <visible>!IsEmpty(Container(53).ListItemNoWrap(7).FolderPath) | !Skin.HasSetting(showcasewrap)</visible>
                        <visible>Container.OnPrevious</visible>
                        <animation effect="fade" start="100" end="0" time="200" reversible="false">Hidden</animation>
                        <animation effect="rotatey" center="1965" start="55" end="55" time="0" condition="true">Conditional</animation>
                        <include>MovieShowCaseItem7</include>
                    </control>
                    <control type="group">
                        <posx>1365</posx>
                        <visible>!IsEmpty(Container(53).ListItemNoWrap(6).FolderPath) | !Skin.HasSetting(showcasewrap)</visible>
                        <animation effect="rotatey" center="1830" start="55" end="55" time="0" condition="true">Conditional</animation>
                        <include>MovieShowCaseItem6</include>
                    </control>
                    <control type="group">
                        <posx>1230</posx>
                        <visible>!IsEmpty(Container(53).ListItemNoWrap(5).FolderPath) | !Skin.HasSetting(showcasewrap)</visible>
                        <animation effect="rotatey" center="1695" start="55" end="55" time="0" condition="true">Conditional</animation>
                        <include>MovieShowCaseItem5</include>
                    </control>
                    <control type="group">
                        <posx>1095</posx>
                        <visible>!IsEmpty(Container(53).ListItemNoWrap(4).FolderPath) | !Skin.HasSetting(showcasewrap)</visible>
                        <animation effect="rotatey" center="1560" start="55" end="55" time="0" condition="true">Conditional</animation>
                        <include>MovieShowCaseItem4</include>
                    </control>
                    <control type="group">
                        <posx>960</posx>
                        <visible>!IsEmpty(Container(53).ListItemNoWrap(3).FolderPath) | !Skin.HasSetting(showcasewrap)</visible>
                        <animation effect="rotatey" center="1425" start="55" end="55" time="0" condition="true">Conditional</animation>
                        <include>MovieShowCaseItem3</include>
                    </control>
                    <control type="group">
                        <posx>825</posx>
                        <visible>!IsEmpty(Container(53).ListItemNoWrap(2).FolderPath) | !Skin.HasSetting(showcasewrap)</visible>
                        <animation effect="rotatey" center="1290" start="55" end="55" time="0" condition="true">Conditional</animation>
                        <include>MovieShowCaseItem2</include>
                    </control>
                    <control type="group">
                        <posx>-120</posx>
                        <visible>!IsEmpty(Container(53).ListItemNoWrap(-6).FolderPath) | !Skin.HasSetting(showcasewrap)</visible>
                        <visible>!Container.OnPrevious</visible>
                        <animation effect="fade" end="100" time="200" reversible="false">Visible</animation>
                        <animation effect="rotatey" center="-270" start="-55" end="-55" time="0" condition="true">Conditional</animation>
                        <include>MovieShowCaseItem-6</include>
                    </control>
                    <control type="group">
                        <posx>15</posx>
                        <visible>!IsEmpty(Container(53).ListItemNoWrap(-5).FolderPath) | !Skin.HasSetting(showcasewrap)</visible>
                        <animation effect="rotatey" center="-135" start="-55" end="-55" time="0" condition="true">Conditional</animation>
                        <include>MovieShowCaseItem-5</include>
                    </control>
                    <control type="group">
                        <posx>150</posx>
                        <visible>!IsEmpty(Container(53).ListItemNoWrap(-4).FolderPath) | !Skin.HasSetting(showcasewrap)</visible>
                        <animation effect="rotatey" center="0" start="-55" end="-55" time="0" condition="true">Conditional</animation>
                        <include>MovieShowCaseItem-4</include>
                    </control>
                    <control type="group">
                        <posx>285</posx>
                        <visible>!IsEmpty(Container(53).ListItemNoWrap(-3).FolderPath) | !Skin.HasSetting(showcasewrap)</visible>
                        <animation effect="rotatey" center="135" start="-55" end="-55" time="0" condition="true">Conditional</animation>
                        <include>MovieShowCaseItem-3</include>
                    </control>
                    <control type="group">
                        <posx>420</posx>
                        <visible>!IsEmpty(Container(53).ListItemNoWrap(-2).FolderPath) | !Skin.HasSetting(showcasewrap)</visible>
                        <animation effect="rotatey" center="270" start="-55" end="-55" time="0" condition="true">Conditional</animation>
                        <include>MovieShowCaseItem-2</include>
                    </control>
                    <control type="group">
                        <posx>555</posx>
                        <visible>!IsEmpty(Container(53).ListItemNoWrap(-1).FolderPath) | !Skin.HasSetting(showcasewrap)</visible>
                        <animation effect="rotatey" center="405" start="-55" end="-55" time="0" condition="true">Conditional</animation>
                        <include>MovieShowCaseItem-1</include>
                    </control>
                    <control type="group">
                        <visible>Container.OnPrevious</visible>
                        <animation effect="slide" end="-75,0" time="200" reversible="false">Hidden</animation>
                        <control type="group">
                            <posx>690</posx>
                            <visible>Container.OnPrevious</visible>
                            <visible>!IsEmpty(Container(53).ListItemNoWrap(0).FolderPath) | !Skin.HasSetting(showcasewrap)</visible>
                            <animation effect="rotatey" center="540" end="55" time="200" reversible="false" tween="quadratic" easing="in">Hidden</animation>
                            <animation effect="rotatey" center="540" start="-55" end="-55" time="0" condition="true">Conditional</animation>
                            <include>MovieShowCaseItem0</include>
                        </control>
                        <control type="group">
                            <posx>758</posx>
                            <visible>!IsEmpty(Container(53).ListItemNoWrap(1).FolderPath) | !Skin.HasSetting(showcasewrap)</visible>
                            <visible>Container.OnPrevious</visible>
                            <animation effect="rotatey" center="1223" end="55" time="200" reversible="false" tween="quadratic">Hidden</animation>
                            <control type="image">
                                <texture background="true" diffuse="thumbs/thumb_mask.png" fallback="DefaultVideo.png">$VAR[ShowcaseItem1Var]</texture>
                                <include>MovieShowcaseThumb</include>
                            </control>
                            <include>MovieShowcaseGloss</include>
                            <control type="image">
                                <include>WatchedOverlayShowCase</include>
                                <texture>$VAR[IconOverlay1Var]</texture>
                            </control>
                            <control type="image">
                                <texture background="true" flipy="true" diffuse="thumbs/thumb_diffuse.png" fallback="DefaultVideo.png">$VAR[ShowcaseItem1Var]</texture>
                                <aspectratio scalediffuse="false" aligny="top" align="right">scale</aspectratio>
                                <include>MovieShowcaseThumbReflection</include>
                            </control>
                        </control>
                    </control>
                </control>
                <control type="group" id="6000">
                    <posx>55</posx>
                    <posy>570</posy>
                    <animation type="WindowOpen" reversible="false">
                        <effect type="zoom" start="150" end="100" center="960,540" time="240" tween="cubic" />
                        <effect type="fade" end="100" time="240" />
                    </animation>
                    <animation type="WindowClose" reversible="false">
                        <effect type="zoom" start="100" end="130" center="960,540" time="240" tween="cubic" easing="in" />
                        <effect type="fade" start="100" end="0" time="240" delay="240" />
                    </animation>
                    <visible>!Control.IsVisible(6001) + !Control.IsVisible(6002)</visible>
                    <control type="group">
                        <posx>15</posx>
                        <visible>!IsEmpty(Container(53).ListItemNoWrap(-6).FolderPath) | !Skin.HasSetting(showcasewrap)</visible>
                        <animation effect="rotatey" center="-135" start="-55" end="-55" time="0" condition="true">Conditional</animation>
                        <include>MovieShowCaseItem-6</include>
                    </control>
                    <control type="group">
                        <posx>150</posx>
                        <visible>!IsEmpty(Container(53).ListItemNoWrap(-5).FolderPath) | !Skin.HasSetting(showcasewrap)</visible>
                        <animation effect="rotatey" center="0" start="-55" end="-55" time="0" condition="true">Conditional</animation>
                        <include>MovieShowCaseItem-5</include>
                    </control>
                    <control type="group">
                        <posx>285</posx>
                        <visible>!IsEmpty(Container(53).ListItemNoWrap(-4).FolderPath) | !Skin.HasSetting(showcasewrap)</visible>
                        <animation effect="rotatey" center="135" start="-55" end="-55" time="0" condition="true">Conditional</animation>
                        <include>MovieShowCaseItem-4</include>
                    </control>
                    <control type="group">
                        <posx>420</posx>
                        <visible>!IsEmpty(Container(53).ListItemNoWrap(-3).FolderPath) | !Skin.HasSetting(showcasewrap)</visible>
                        <animation effect="rotatey" center="270" start="-55" end="-55" time="0" condition="true">Conditional</animation>
                        <include>MovieShowCaseItem-3</include>
                    </control>
                    <control type="group">
                        <posx>555</posx>
                        <visible>!IsEmpty(Container(53).ListItemNoWrap(-2).FolderPath) | !Skin.HasSetting(showcasewrap)</visible>
                        <animation effect="rotatey" center="405" start="-55" end="-55" time="0" condition="true">Conditional</animation>
                        <include>MovieShowCaseItem-2</include>
                    </control>
                    <control type="group">
                        <posx>690</posx>
                        <visible>!IsEmpty(Container(53).ListItemNoWrap(-1).FolderPath) | !Skin.HasSetting(showcasewrap)</visible>
                        <animation effect="rotatey" center="540" start="-55" end="-55" time="0" condition="true">Conditional</animation>
                        <include>MovieShowCaseItem-1</include>
                    </control>
                    <control type="group">
                        <posx>1500</posx>
                        <visible>!IsEmpty(Container(53).ListItemNoWrap(6).FolderPath) | !Skin.HasSetting(showcasewrap)</visible>
                        <animation effect="rotatey" center="1965" start="55" end="55" time="0" condition="true">Conditional</animation>
                        <include>MovieShowCaseItem6</include>
                    </control>
                    <control type="group">
                        <posx>1365</posx>
                        <visible>!IsEmpty(Container(53).ListItemNoWrap(5).FolderPath) | !Skin.HasSetting(showcasewrap)</visible>
                        <animation effect="rotatey" center="1830" start="55" end="55" time="0" condition="true">Conditional</animation>
                        <include>MovieShowCaseItem5</include>
                    </control>
                    <control type="group">
                        <posx>1230</posx>
                        <visible>!IsEmpty(Container(53).ListItemNoWrap(4).FolderPath) | !Skin.HasSetting(showcasewrap)</visible>
                        <animation effect="rotatey" center="1695" start="55" end="55" time="0" condition="true">Conditional</animation>
                        <include>MovieShowCaseItem4</include>
                    </control>
                    <control type="group">
                        <posx>1095</posx>
                        <visible>!IsEmpty(Container(53).ListItemNoWrap(3).FolderPath) | !Skin.HasSetting(showcasewrap)</visible>
                        <animation effect="rotatey" center="1560" start="55" end="55" time="0" condition="true">Conditional</animation>
                        <include>MovieShowCaseItem3</include>
                    </control>
                    <control type="group">
                        <posx>960</posx>
                        <visible>!IsEmpty(Container(53).ListItemNoWrap(2).FolderPath) | !Skin.HasSetting(showcasewrap)</visible>
                        <animation effect="rotatey" center="1425" start="55" end="55" time="0" condition="true">Conditional</animation>
                        <include>MovieShowCaseItem2</include>
                    </control>
                    <control type="group">
                        <posx>825</posx>
                        <visible>!IsEmpty(Container(53).ListItemNoWrap(1).FolderPath) | !Skin.HasSetting(showcasewrap)</visible>
                        <animation effect="rotatey" center="1290" start="55" end="55" time="0" condition="true">Conditional</animation>
                        <include>MovieShowCaseItem1</include>
                    </control>
                    <control type="group">
                        <posx>758</posx>
                        <control type="group">
                            <visible>!IsEmpty(Container(53).ListItemNoWrap(0).FolderPath) | !Skin.HasSetting(showcasewrap)</visible>
                            <include>MovieShowCaseItem0</include>
                        </control>
                    </control>
                </control>
            </control>
            <include condition="Skin.HasSetting(showcasewrap)">scmfixed</include>
            <include condition="!Skin.HasSetting(showcasewrap)">scmwrap</include>
            <control type="group">
                <control type="button">
                    <posx>0</posx>
                    <posy>570</posy>
                    <width>110</width>
                    <height>190</height>
                    <include>HiddenButton</include>
                    <onclick>Control.Move(53,-1)</onclick>
                </control>
                <control type="button">
                    <posx>0</posx>
                    <posy>760</posy>
                    <width>110</width>
                    <height>190</height>
                    <include>HiddenButton</include>
                    <onclick>pageup(61)</onclick>
                </control>
                <control type="button">
                    <posx>1800</posx>
                    <posy>570</posy>
                    <width>120</width>
                    <height>190</height>
                    <include>HiddenButton</include>
                    <onclick>Control.Move(53,1)</onclick>
                </control>
                <control type="button">
                    <posx>1800</posx>
                    <posy>760</posy>
                    <width>120</width>
                    <height>190</height>
                    <include>HiddenButton</include>
                    <onclick>pagedown(61)</onclick>
                </control>
            </control>
            <control type="scrollbar" id="61">
                <posx>110</posx>
                <posy>100r</posy>
                <width>1680</width>
                <height>12</height>
                <onup>53</onup>
                <ondown>9010</ondown>
                <texturesliderbackground border="1">-</texturesliderbackground>
                <texturesliderbar border="6,0,6,0">dialogs/scrollbar/texturesliderbar_hor.png</texturesliderbar>
                <texturesliderbarfocus border="6,0,6,0">dialogs/scrollbar/texturesliderbarfocus_hor.png</texturesliderbarfocus>
                <textureslidernib>-</textureslidernib>
                <textureslidernibfocus>-</textureslidernibfocus>
                <showonepage>false</showonepage>
                <orientation>horizontal</orientation>
                <animation effect="fade" start="100" end="0" time="500" delay="500" condition="!Control.HasFocus(61) + !Container.Scrolling">Conditional</animation>
            </control>
            <control type="group">
                <posx>510</posx>
                <posy>90r</posy>
                <control type="label">
                    <posx>0</posx>
                    <posy>0</posy>
                    <width>900</width>
                    <height>42</height>
                    <aligny>top</aligny>
                    <align>center</align>
                    <font>Medium_Bold_Floor_Caps</font>
                    <textcolor>White</textcolor>
                    <shadowcolor>88686768</shadowcolor>
                    <scroll>true</scroll>
                    <label>$INFO[ListItem.Label]</label>
                    <textoffsety>-2</textoffsety>
                    <textoffsetx>30</textoffsetx>
                </control>
                <control type="label">
                    <posx>0</posx>
                    <posy>40</posy>
                    <width>900</width>
                    <height>30</height>
                    <align>center</align>
                    <font>Smaller_Caps</font>
                    <textcolor>White2</textcolor>
                    <shadowcolor>FF686768</shadowcolor>
                    <label>$INFO[ListItem.Genre]</label>
                    <textoffsetx>30</textoffsetx>
                </control>
            </control>
            <control type="group">
                <posx>0</posx>
                <posy>90r</posy>
                <width>1920</width>
                <include>WindowEffect</include>
                <visible>[Container.Content(tvshows) | Container.Content(seasons)]</visible>
                <control type="group">
                    <posx>110</posx>
                    <control type="image" id="800012">
                        <include>MediaFlagVars</include>
                        <bordersize>2</bordersize>
                        <texture>$INFO[ListItem.Studio,flags/studios/,.png]</texture>
                    </control>
                    <control type="label">
                        <posx>-10</posx>
                        <width>155</width>
                        <height>90</height>
                        <align>center</align>
                        <label>$INFO[ListItem.Studio]</label>
                        <font>Very_Small_Caps</font>
                        <textcolor>$VAR[FloorDiffuseVar]</textcolor>
                        <wrapmultiline>true</wrapmultiline>
                        <visible>IsEmpty(Control.GetLabel(800012))</visible>
                    </control>
                </control>
                <control type="image">
                    <posx>1610</posx>
                    <width>190</width>
                    <include>MediaFlagVars</include>
                    <texture fallback="flags/stars/0.0.png">$INFO[ListItem.Rating,flags/stars/,.png]</texture>
                </control>
            </control>
            <control type="group">
                <posx>0</posx>
                <posy>90r</posy>
                <width>1920</width>
                <include>WindowEffect</include>
                <visible>[Container.Content(movies) | Container.Content(episodes)]</visible>
                <control type="group">
                    <posx>110</posx>
                    <control type="image" id="800013">
                        <include>MediaFlagVars</include>
                        <bordersize>2</bordersize>
                        <texture>$INFO[ListItem.Studio,flags/studios/,.png]</texture>
                    </control>
                    <control type="label">
                        <posx>-10</posx>
                        <width>155</width>
                        <height>90</height>
                        <align>center</align>
                        <label>$INFO[ListItem.Studio]</label>
                        <font>Very_Small_Caps</font>
                        <textcolor>$VAR[FloorDiffuseVar]</textcolor>
                        <wrapmultiline>true</wrapmultiline>
                        <visible>IsEmpty(Control.GetLabel(800013))</visible>
                    </control>
                </control>
                <control type="image">
                    <posx>350</posx>
                    <include>MediaFlagVars</include>
                    <texture fallback="flags/rating/NR.png">$INFO[ListItem.MPAA,flags/rating/,.png]</texture>
                </control>
                <control type="image">
                    <posx>1675</posx>
                    <include>MediaFlagVars</include>
                    <texture>$INFO[ListItem.VideoCodec,flags/video/,.png]</texture>
                </control>
                <control type="image">
                    <posx>1435</posx>
                    <include>MediaFlagVars</include>
                    <texture>$INFO[ListItem.AudioCodec,flags/audio/,.png]</texture>
                </control>
            </control>
        </control>
    </include>

    <include name="scmfixed">
        <control type="fixedlist" id="53">
            <include>contents53list</include>
        </control>
    </include>
    <include name="scmwrap">
        <control type="wraplist" id="53">
            <include>contents53list</include>
        </control>
    </include>

    <include name="contents53list">
        <posx>-69</posx>
        <posy>540</posy>
        <width>2058</width>
        <height>525</height>
        <onleft>53</onleft>
        <onright>53</onright>
        <onup>9010</onup>
        <ondown>61</ondown>
        <visible>Container.Content(movies) | Container.Content(tvshows) | Container.Content(musicvideos) | Container.Content(seasons) | Container.Content(genres) | Container.Content(sets)</visible>
        <viewtype label="ShowCase">bigwrap</viewtype>
        <pagecontrol>61</pagecontrol>
        <scrolltime tween="quadratic">300</scrolltime>
        <focusposition>3</focusposition>
        <orientation>horizontal</orientation>
        <preloaditems>2</preloaditems>
        <itemlayout height="525" width="260" />
        <focusedlayout height="525" width="260" />
    </include>

    <include name="MovieShowcaseThumb">
        <posx>-4</posx>
        <posy>-11</posy>
        <width>304</width>
        <height>426</height>
        <align>center</align>
        <aspectratio scalediffuse="false">scale</aspectratio>
        <fadetime>0</fadetime>
        <bordertexture border="21">thumbs/thumb_shadow.png</bordertexture>
        <bordersize>21</bordersize>
    </include>

    <include name="MovieShowcaseGloss">
        <control type="image">
            <posx>-4</posx>
            <posy>-11</posy>
            <width>304</width>
            <height>426</height>
            <fadetime>0</fadetime>
            <texture diffuse="thumbs/thumb_mask.png">views/showcase/thumb_glass.png</texture>
            <bordersize>21</bordersize>
        </control>
    </include>

    <include name="MovieShowcaseThumbReflection">
        <aspectratio scalediffuse="false" aligny="top">scale</aspectratio>
        <fadetime>0</fadetime>
        <posx>18</posx>
        <posy>393</posy>
        <width>260</width>
        <height>384</height>
        <colordiffuse>d1FFFFFF</colordiffuse>
    </include>

    <include name="WatchedOverlayShowCase">
        <posx>180</posx>
        <posy>-11</posy>
        <width>120</width>
        <height>120</height>
        <fadetime>0</fadetime>
        <bordersize>21</bordersize>
    </include>


    <include name="MovieShowCaseItem-7">
        <control type="image">
            <texture background="true" diffuse="thumbs/thumb_mask.png" fallback="DefaultVideo.png">$VAR[ShowcaseItem-7Var]</texture>
            <include>MovieShowcaseThumb</include>
        </control>
        <include>MovieShowcaseGloss</include>
        <control type="image">
            <include>WatchedOverlayShowCase</include>
            <texture>$VAR[IconOverlay-7Var]</texture>
        </control>
        <control type="image">
            <texture background="true" flipy="true" diffuse="thumbs/thumb_diffuse.png" fallback="DefaultVideo.png">$VAR[ShowcaseItem-7Var]</texture>
            <include>MovieShowcaseThumbReflection</include>
        </control>
    </include>
    <include name="MovieShowCaseItem-6">
        <control type="image">
            <texture background="true" diffuse="thumbs/thumb_mask.png" fallback="DefaultVideo.png">$VAR[ShowcaseItem-6Var]</texture>
            <include>MovieShowcaseThumb</include>
        </control>
        <include>MovieShowcaseGloss</include>
        <control type="image">
            <include>WatchedOverlayShowCase</include>
            <texture>$VAR[IconOverlay-6Var]</texture>
        </control>
        <control type="image">
            <texture background="true" flipy="true" diffuse="thumbs/thumb_diffuse.png" fallback="DefaultVideo.png">$VAR[ShowcaseItem-6Var]</texture>
            <aspectratio scalediffuse="false" aligny="top" align="left">scale</aspectratio>
            <width>121</width>
            <include>MovieShowcaseThumbReflection</include>
        </control>
    </include>
    <include name="MovieShowCaseItem-5">
        <control type="image">
            <texture background="true" diffuse="thumbs/thumb_mask.png" fallback="DefaultVideo.png">$VAR[ShowcaseItem-5Var]</texture>
            <include>MovieShowcaseThumb</include>
        </control>
        <include>MovieShowcaseGloss</include>
        <control type="image">
            <include>WatchedOverlayShowCase</include>
            <texture>$VAR[IconOverlay-5Var]</texture>
        </control>
        <control type="image">
            <texture background="true" flipy="true" diffuse="thumbs/thumb_diffuse.png" fallback="DefaultVideo.png">$VAR[ShowcaseItem-5Var]</texture>
            <aspectratio scalediffuse="false" aligny="top" align="left">scale</aspectratio>
            <width>131</width>
            <include>MovieShowcaseThumbReflection</include>
        </control>
    </include>
    <include name="MovieShowCaseItem-4">
        <control type="image">
            <texture background="true" diffuse="thumbs/thumb_mask.png" fallback="DefaultVideo.png">$VAR[ShowcaseItem-4Var]</texture>
            <include>MovieShowcaseThumb</include>
        </control>
        <include>MovieShowcaseGloss</include>
        <control type="image">
            <include>WatchedOverlayShowCase</include>
            <texture>$VAR[IconOverlay-4Var]</texture>
        </control>
        <control type="image">
            <texture background="true" flipy="true" diffuse="thumbs/thumb_diffuse.png" fallback="DefaultVideo.png">$VAR[ShowcaseItem-4Var]</texture>
            <aspectratio scalediffuse="false" aligny="top" align="left">scale</aspectratio>
            <width>145</width>
            <include>MovieShowcaseThumbReflection</include>
        </control>
    </include>
    <include name="MovieShowCaseItem-3">
        <control type="image">
            <texture background="true" diffuse="thumbs/thumb_mask.png" fallback="DefaultVideo.png">$VAR[ShowcaseItem-3Var]</texture>
            <include>MovieShowcaseThumb</include>
        </control>
        <include>MovieShowcaseGloss</include>
        <control type="image">
            <include>WatchedOverlayShowCase</include>
            <texture>$VAR[IconOverlay-3Var]</texture>
        </control>
        <control type="image">
            <texture background="true" flipy="true" diffuse="thumbs/thumb_diffuse.png" fallback="DefaultVideo.png">$VAR[ShowcaseItem-3Var]</texture>
            <aspectratio scalediffuse="false" aligny="top" align="left">scale</aspectratio>
            <width>160</width>
            <include>MovieShowcaseThumbReflection</include>
        </control>
    </include>
    <include name="MovieShowCaseItem-2">
        <control type="image">
            <texture background="true" diffuse="thumbs/thumb_mask.png" fallback="DefaultVideo.png">$VAR[ShowcaseItem-2Var]</texture>
            <include>MovieShowcaseThumb</include>
        </control>
        <include>MovieShowcaseGloss</include>
        <control type="image">
            <include>WatchedOverlayShowCase</include>
            <texture>$VAR[IconOverlay-2Var]</texture>
        </control>
        <control type="image">
            <texture background="true" flipy="true" diffuse="thumbs/thumb_diffuse.png" fallback="DefaultVideo.png">$VAR[ShowcaseItem-2Var]</texture>
            <aspectratio scalediffuse="false" aligny="top" align="left">scale</aspectratio>
            <width>179</width>
            <include>MovieShowcaseThumbReflection</include>
        </control>
    </include>
    <include name="MovieShowCaseItem-1">
        <control type="image">
            <texture background="true" diffuse="thumbs/thumb_mask.png" fallback="DefaultVideo.png">$VAR[ShowcaseItem-1Var]</texture>
            <include>MovieShowcaseThumb</include>
        </control>
        <include>MovieShowcaseGloss</include>
        <control type="image">
            <include>WatchedOverlayShowCase</include>
            <texture>$VAR[IconOverlay-1Var]</texture>
        </control>
        <control type="image">
            <texture background="true" flipy="true" diffuse="thumbs/thumb_diffuse.png" fallback="DefaultVideo.png">$VAR[ShowcaseItem-1Var]</texture>
            <aspectratio scalediffuse="false" aligny="top" align="left">scale</aspectratio>
            <width>180</width>
            <include>MovieShowcaseThumbReflection</include>
        </control>
    </include>
    <include name="MovieShowCaseItem0">
        <control type="image">
            <texture background="true" diffuse="thumbs/thumb_mask.png" fallback="DefaultVideo.png">$VAR[ShowcaseItem0Var]</texture>
            <include>MovieShowcaseThumb</include>
        </control>
        <include>MovieShowcaseGloss</include>
        <control type="image">
            <include>WatchedOverlayShowCase</include>
            <texture>$VAR[IconOverlay0Var]</texture>
        </control>
        <control type="image">
            <texture background="true" flipy="true" diffuse="thumbs/thumb_diffuse.png" fallback="DefaultVideo.png">$VAR[ShowcaseItem0Var]</texture>
            <include>MovieShowcaseThumbReflection</include>
        </control>
    </include>
    <include name="MovieShowCaseItem1">
        <control type="image">
            <texture background="true" diffuse="thumbs/thumb_mask.png" fallback="DefaultVideo.png">$VAR[ShowcaseItem1Var]</texture>
            <include>MovieShowcaseThumb</include>
        </control>
        <include>MovieShowcaseGloss</include>
        <control type="image">
            <include>WatchedOverlayShowCase</include>
            <texture>$VAR[IconOverlay1Var]</texture>
        </control>
        <control type="image">
            <texture background="true" flipy="true" diffuse="thumbs/thumb_diffuse.png" fallback="DefaultVideo.png">$VAR[ShowcaseItem1Var]</texture>
            <aspectratio scalediffuse="false" aligny="top" align="right">scale</aspectratio>
            <posx>86</posx>
            <width>192</width>
            <include>MovieShowcaseThumbReflection</include>
        </control>
    </include>
    <include name="MovieShowCaseItem2">
        <control type="image">
            <texture background="true" diffuse="thumbs/thumb_mask.png" fallback="DefaultVideo.png">$VAR[ShowcaseItem2Var]</texture>
            <include>MovieShowcaseThumb</include>
        </control>
        <include>MovieShowcaseGloss</include>
        <control type="image">
            <include>WatchedOverlayShowCase</include>
            <texture>$VAR[IconOverlay2Var]</texture>
        </control>
        <control type="image">
            <texture background="true" flipy="true" diffuse="thumbs/thumb_diffuse.png" fallback="DefaultVideo.png">$VAR[ShowcaseItem2Var]</texture>
            <aspectratio scalediffuse="false" aligny="top" align="right">scale</aspectratio>
            <posx>102</posx>
            <width>177</width>
            <include>MovieShowcaseThumbReflection</include>
        </control>
    </include>
    <include name="MovieShowCaseItem3">
        <control type="image">
            <texture background="true" diffuse="thumbs/thumb_mask.png" fallback="DefaultVideo.png">$VAR[ShowcaseItem3Var]</texture>
            <include>MovieShowcaseThumb</include>
        </control>
        <include>MovieShowcaseGloss</include>
        <control type="image">
            <include>WatchedOverlayShowCase</include>
            <texture>$VAR[IconOverlay3Var]</texture>
        </control>
        <control type="image">
            <texture background="true" flipy="true" diffuse="thumbs/thumb_diffuse.png" fallback="DefaultVideo.png">$VAR[ShowcaseItem3Var]</texture>
            <aspectratio scalediffuse="false" aligny="top" align="right">scale</aspectratio>
            <posx>121</posx>
            <width>158</width>
            <include>MovieShowcaseThumbReflection</include>
        </control>
    </include>
    <include name="MovieShowCaseItem4">
        <control type="image">
            <texture background="true" diffuse="thumbs/thumb_mask.png" fallback="DefaultVideo.png">$VAR[ShowcaseItem4Var]</texture>
            <include>MovieShowcaseThumb</include>
        </control>
        <include>MovieShowcaseGloss</include>
        <control type="image">
            <include>WatchedOverlayShowCase</include>
            <texture>$VAR[IconOverlay4Var]</texture>
        </control>
        <control type="image">
            <texture background="true" flipy="true" diffuse="thumbs/thumb_diffuse.png" fallback="DefaultVideo.png">$VAR[ShowcaseItem4Var]</texture>
            <aspectratio scalediffuse="false" aligny="top" align="right">scale</aspectratio>
            <posx>136</posx>
            <width>142</width>
            <include>MovieShowcaseThumbReflection</include>
        </control>
    </include>
    <include name="MovieShowCaseItem5">
        <control type="image">
            <texture background="true" diffuse="thumbs/thumb_mask.png" fallback="DefaultVideo.png">$VAR[ShowcaseItem5Var]</texture>
            <include>MovieShowcaseThumb</include>
        </control>
        <include>MovieShowcaseGloss</include>
        <control type="image">
            <include>WatchedOverlayShowCase</include>
            <texture>$VAR[IconOverlay5Var]</texture>
        </control>
        <control type="image">
            <texture background="true" flipy="true" diffuse="thumbs/thumb_diffuse.png" fallback="DefaultVideo.png">$VAR[ShowcaseItem5Var]</texture>
            <aspectratio scalediffuse="false" aligny="top" align="right">scale</aspectratio>
            <posx>146</posx>
            <width>133</width>
            <include>MovieShowcaseThumbReflection</include>
        </control>
    </include>
    <include name="MovieShowCaseItem6">
        <control type="image">
            <texture background="true" diffuse="thumbs/thumb_mask.png" fallback="DefaultVideo.png">$VAR[ShowcaseItem6Var]</texture>
            <include>MovieShowcaseThumb</include>
        </control>
        <include>MovieShowcaseGloss</include>
        <control type="image">
            <include>WatchedOverlayShowCase</include>
            <texture>$VAR[IconOverlay6Var]</texture>
        </control>
        <control type="image">
            <texture background="true" flipy="true" diffuse="thumbs/thumb_diffuse.png" fallback="DefaultVideo.png">$VAR[ShowcaseItem6Var]</texture>
            <aspectratio scalediffuse="false" aligny="top" align="right">scale</aspectratio>
            <posx>156</posx>
            <width>122</width>
            <include>MovieShowcaseThumbReflection</include>
        </control>
    </include>
    <include name="MovieShowCaseItem7">
        <control type="image">
            <texture background="true" diffuse="thumbs/thumb_mask.png" fallback="DefaultVideo.png">$VAR[ShowcaseItem7Var]</texture>
            <include>MovieShowcaseThumb</include>
        </control>
        <include>MovieShowcaseGloss</include>
        <control type="image">
            <include>WatchedOverlayShowCase</include>
            <texture>$VAR[IconOverlay7Var]</texture>
        </control>
        <control type="image">
            <texture background="true" flipy="true" diffuse="thumbs/thumb_diffuse.png" fallback="DefaultVideo.png">$VAR[ShowcaseItem7Var]</texture>
            <include>MovieShowcaseThumbReflection</include>
        </control>
    </include>



    <variable name="ShowcaseItem-7Var">
        <value condition="Container.Content(genres) + !StringCompare(ListItem(-7).Label,..)">$INFO[ListItem(-7).Label,special://skin/extras/genre/videos/icons/,.jpg]</value>
        <value condition="!IsEmpty(ListItem(-7).Art(poster))">$INFO[ListItem(-7).Art(poster)]</value>
        <value>$INFO[ListItem(-7).Icon]</value>
    </variable>
    <variable name="ShowcaseItem-6Var">
        <value condition="Container.Content(genres) + !StringCompare(ListItem(-6).Label,..)">$INFO[ListItem(-6).Label,special://skin/extras/genre/videos/icons/,.jpg]</value>
        <value condition="!IsEmpty(ListItem(-6).Art(poster))">$INFO[ListItem(-6).Art(poster)]</value>
        <value>$INFO[ListItem(-6).Icon]</value>
    </variable>
    <variable name="ShowcaseItem-5Var">
        <value condition="Container.Content(genres) + !StringCompare(ListItem(-5).Label,..)">$INFO[ListItem(-5).Label,special://skin/extras/genre/videos/icons/,.jpg]</value>
        <value condition="!IsEmpty(ListItem(-5).Art(poster))">$INFO[ListItem(-5).Art(poster)]</value>
        <value>$INFO[ListItem(-5).Icon]</value>
    </variable>
    <variable name="ShowcaseItem-4Var">
        <value condition="Container.Content(genres) + !StringCompare(ListItem(-4).Label,..)">$INFO[ListItem(-4).Label,special://skin/extras/genre/videos/icons/,.jpg]</value>
        <value condition="!IsEmpty(ListItem(-4).Art(poster))">$INFO[ListItem(-4).Art(poster)]</value>
        <value>$INFO[ListItem(-4).Icon]</value>
    </variable>
    <variable name="ShowcaseItem-3Var">
        <value condition="Container.Content(genres) + !StringCompare(ListItem(-3).Label,..)">$INFO[ListItem(-3).Label,special://skin/extras/genre/videos/icons/,.jpg]</value>
        <value condition="!IsEmpty(ListItem(-3).Art(poster))">$INFO[ListItem(-3).Art(poster)]</value>
        <value>$INFO[ListItem(-3).Icon]</value>
    </variable>
    <variable name="ShowcaseItem-2Var">
        <value condition="Container.Content(genres) + !StringCompare(ListItem(-2).Label,..)">$INFO[ListItem(-2).Label,special://skin/extras/genre/videos/icons/,.jpg]</value>
        <value condition="!IsEmpty(ListItem(-2).Art(poster))">$INFO[ListItem(-2).Art(poster)]</value>
        <value>$INFO[ListItem(-2).Icon]</value>
    </variable>
    <variable name="ShowcaseItem-1Var">
        <value condition="Container.Content(genres) + !StringCompare(ListItem(-1).Label,..)">$INFO[ListItem(-1).Label,special://skin/extras/genre/videos/icons/,.jpg]</value>
        <value condition="!IsEmpty(ListItem(-1).Art(poster))">$INFO[ListItem(-1).Art(poster)]</value>
        <value>$INFO[ListItem(-1).Icon]</value>
    </variable>
    <variable name="ShowcaseItem0Var">
        <value condition="Container.Content(genres) + !StringCompare(ListItem.Label,..)">$INFO[ListItem.Label,special://skin/extras/genre/videos/icons/,.jpg]</value>
        <value condition="!IsEmpty(ListItem.Art(poster))">$INFO[ListItem.Art(poster)]</value>
        <value>$INFO[ListItem.Icon]</value>
    </variable>
    <variable name="ShowcaseItem1Var">
        <value condition="Container.Content(genres) + !StringCompare(ListItem(1).Label,..)">$INFO[ListItem(1).Label,special://skin/extras/genre/videos/icons/,.jpg]</value>
        <value condition="!IsEmpty(ListItem(1).Art(poster))">$INFO[ListItem(1).Art(poster)]</value>
        <value>$INFO[ListItem(1).Icon]</value>
    </variable>
    <variable name="ShowcaseItem2Var">
        <value condition="Container.Content(genres) + !StringCompare(ListItem(2).Label,..)">$INFO[ListItem(2).Label,special://skin/extras/genre/videos/icons/,.jpg]</value>
        <value condition="!IsEmpty(ListItem(2).Art(poster))">$INFO[ListItem(2).Art(poster)]</value>
        <value>$INFO[ListItem(2).Icon]</value>
    </variable>
    <variable name="ShowcaseItem3Var">
        <value condition="Container.Content(genres) + !StringCompare(ListItem(3).Label,..)">$INFO[ListItem(3).Label,special://skin/extras/genre/videos/icons/,.jpg]</value>
        <value condition="!IsEmpty(ListItem(3).Art(poster))">$INFO[ListItem(3).Art(poster)]</value>
        <value>$INFO[ListItem(3).Icon]</value>
    </variable>
    <variable name="ShowcaseItem4Var">
        <value condition="Container.Content(genres) + !StringCompare(ListItem(4).Label,..)">$INFO[ListItem(4).Label,special://skin/extras/genre/videos/icons/,.jpg]</value>
        <value condition="!IsEmpty(ListItem(4).Art(poster))">$INFO[ListItem(4).Art(poster)]</value>
        <value>$INFO[ListItem(4).Icon]</value>
    </variable>
    <variable name="ShowcaseItem5Var">
        <value condition="Container.Content(genres) + !StringCompare(ListItem(5).Label,..)">$INFO[ListItem(5).Label,special://skin/extras/genre/videos/icons/,.jpg]</value>
        <value condition="!IsEmpty(ListItem(5).Art(poster))">$INFO[ListItem(5).Art(poster)]</value>
        <value>$INFO[ListItem(5).Icon]</value>
    </variable>
    <variable name="ShowcaseItem6Var">
        <value condition="Container.Content(genres) + !StringCompare(ListItem(6).Label,..)">$INFO[ListItem(6).Label,special://skin/extras/genre/videos/icons/,.jpg]</value>
        <value condition="!IsEmpty(ListItem(6).Art(poster))">$INFO[ListItem(6).Art(poster)]</value>
        <value>$INFO[ListItem(6).Icon]</value>
    </variable>
    <variable name="ShowcaseItem7Var">
        <value condition="Container.Content(genres) + !StringCompare(ListItem(7).Label,..)">$INFO[ListItem(7).Label,special://skin/extras/genre/videos/icons/,.jpg]</value>
        <value condition="!IsEmpty(ListItem(7).Art(poster))">$INFO[ListItem(7).Art(poster)]</value>
        <value>$INFO[ListItem(7).Icon]</value>
    </variable>
    <!--<variable name="ShowcaseItem8Var">
        <value condition="Container.Content(genres) + !StringCompare(ListItem(8).Label,..)">$INFO[ListItem(8).Label,special://skin/extras/genre/videos/icons/,.jpg]</value>
        <value condition="!IsEmpty(ListItem(8).Art(poster))">$INFO[ListItem(8).Art(poster)]</value>
        <value>$INFO[ListItem(8).Icon]</value>
        </variable>
        <variable name="ShowcaseItem9Var">
        <value condition="Container.Content(genres) + !StringCompare(ListItem(9).Label,..)">$INFO[ListItem(9).Label,special://skin/extras/genre/videos/icons/,.jpg]</value>
        <value condition="!IsEmpty(ListItem(9).Art(poster))">$INFO[ListItem(9).Art(poster)]</value>
        <value>$INFO[ListItem(9).Icon]</value>
        </variable> -->

</includes>
