<?xml version="1.0" encoding="UTF-8"?>
<includes>
    <include name="View_54_InfoList">
        <control type="group">
            <visible>Control.isVisible(54)</visible>
            <animation type="VisibleChange" reversible="false">
                <effect type="zoom" start="200" end="100" center="960,540" easing="out" tween="cubic" time="300" />
                <effect type="fade" start="0" end="100" time="300" />
            </animation>
            <control type="group">
                <posx>54</posx>
                <posy>340</posy>
                <control type="group">
                    <posx>38</posx>
                    <posy>25</posy>
                    <control type="image">
                        <posx>-40</posx>
                        <posy>-40</posy>
                        <width>426</width>
                        <height>598</height>
                        <texture border="40">shadow.png</texture>
                    </control>
                    <control type="image">
                        <posx>0</posx>
                        <posy>0</posy>
                        <width>346</width>
                        <height>518</height>
                        <include>toast_back</include>
                    </control>
                    <control type="image">
                        <posx>0</posx>
                        <posy>0</posy>
                        <width>346</width>
                        <height>518</height>
                        <aspectratio>scale</aspectratio>
                        <texture background="true">$VAR[InfoPosterThumbVar]</texture>
                    </control>
                    <control type="image">
                        <posx>0</posx>
                        <posy>0</posy>
                        <width>346</width>
                        <height>518</height>
                        <texture flipx="true">dialogs/panel_overlay.png</texture>
                    </control>
                    <!--<control type="image">
                        <posx>0</posx>
                        <posy>576</posy>
                        <width>384</width>
                        <height>119</height>
                        <texture>reflect.png</texture>
                        </control> -->
                    <control type="image">
                        <posx>0</posx>
                        <posy>518</posy>
                        <width>346</width>
                        <height>518</height>
                        <aspectratio aligny="top">scale</aspectratio>
                        <texture flipy="true" diffuse="thumbs/thumb_diffuse.png">$VAR[InfoPosterThumbVar]</texture>
                    </control>
                </control>
                <control type="group">
                    <posx>1204</posx>
                    <posy>25</posy>
                    <control type="image">
                        <posx>-40</posx>
                        <posy>-40</posy>
                        <width>628</width>
                        <height>598</height>
                        <texture border="40">shadow.png</texture>
                    </control>
                    <control type="image">
                        <posy>0</posy>
                        <width>548</width>
                        <height>308</height>
                        <include>toast_back</include>
                    </control>
                    <control type="image">
                        <posy>308</posy>
                        <width>548</width>
                        <height>210</height>
                        <include>toast_back</include>
                    </control>
                    <control type="image">
                        <posy>0</posy>
                        <width>548</width>
                        <height>308</height>
                        <aspectratio>scale</aspectratio>
                        <texture>$VAR[InfoListThumbVar]</texture>
                        <bordersize>0</bordersize>
                        <visible>!Player.HasVideo</visible>
                    </control>
                    <control type="videowindow">
                        <description>Home window video</description>
                        <posy>2</posy>
                        <posx>2</posx>
                        <width>544</width>
                        <height>304</height>
                        <visible>Player.HasVideo</visible>
                    </control>
                    <control type="group">
                        <visible>!Skin.HasSetting(InfoList.NoPlot) | Container.Content(episodes)</visible>
                        <control type="textbox">
                            <description>Plot outline</description>
                            <posx>18</posx>
                            <posy>318</posy>
                            <width>516</width>
                            <height>200</height>
                            <align>left</align>
                            <font>Plot</font>
                            <label>$VAR[MoviePlotVar]</label>
                            <pagecontrol>61</pagecontrol>
                            <autoscroll>False</autoscroll>
                            <animation effect="fade" start="100" end="80" time="200" tween="sine" easing="inout" condition="!Control.HasFocus(61)">Conditional</animation>
                        </control>
                        <control type="image">
                            <posx>0</posx>
                            <posy>446</posy>
                            <width>548</width>
                            <height>72</height>
                            <texture border="3">dialogs/toast_back_blue_mask.png</texture>
                        </control>
                        <control type="scrollbar" id="61">
                            <posx>0</posx>
                            <posy>308</posy>
                            <width>548</width>
                            <height>210</height>
                            <onleft>54</onleft>
                            <onright>9010</onright>
                            <showonepage>false</showonepage>
                            <texturesliderbackground>-</texturesliderbackground>
                            <texturesliderbar>-</texturesliderbar>
                            <texturesliderbarfocus border="2,0,8,0">dialogs/scrollbar/texturesliderbar2.png</texturesliderbarfocus>
                        </control>
                    </control>
                    <control type="group">
                        <visible>Skin.HasSetting(InfoList.NoPlot) + !Container.Content(episodes)</visible>
                        <posy>308</posy>
                        <control type="button">
                            <posx>0</posx>
                            <posy>0</posy>
                            <width>548</width>
                            <height>70</height>
                            <onclick>noop</onclick>
                            <label>$VAR[InfoListButton1LabelVar]</label>
                            <disabledcolor>White2</disabledcolor>
                            <enable>no</enable>
                            <textoffsetx>15</textoffsetx>
                        </control>
                        <control type="button">
                            <posx>0</posx>
                            <posy>70</posy>
                            <width>548</width>
                            <height>70</height>
                            <onclick>noop</onclick>
                            <label>$VAR[InfoListButton2Label1Var]</label>
                            <label2>$VAR[InfoListButton2Label2Var]</label2>
                            <disabledcolor>White2</disabledcolor>
                            <enable>no</enable>
                            <textoffsetx>15</textoffsetx>
                        </control>
                        <control type="button">
                            <posx>0</posx>
                            <posy>140</posy>
                            <width>548</width>
                            <height>70</height>
                            <onclick>noop</onclick>
                            <label>$VAR[InfoListButton3Label1Var]</label>
                            <label2>$VAR[InfoListButton3Label2Var]</label2>
                            <disabledcolor>White2</disabledcolor>
                            <enable>no</enable>
                            <textoffsetx>15</textoffsetx>
                        </control>
                    </control>
                    <control type="image">
                        <posy>0</posy>
                        <width>548</width>
                        <height>518</height>
                        <texture>dialogs/panel_overlay.png</texture>
                    </control>
                    <control type="image">
                        <posx>0</posx>
                        <posy>518</posy>
                        <width>548</width>
                        <height>119</height>
                        <texture>reflect.png</texture>
                    </control>
                </control>
                <control type="group">
                    <control type="image">
                        <posx>344</posx>
                        <posy>-40</posy>
                        <width>900</width>
                        <height>656</height>
                        <texture border="40">shadow.png</texture>
                    </control>
                    <control type="image">
                        <posx>346</posx>
                        <posy>25</posy>
                        <width>38</width>
                        <height>518</height>
                        <texture border="1">settings/side_shadow.png</texture>
                    </control>
                    <control type="image">
                        <posx>1204</posx>
                        <posy>24</posy>
                        <width>38</width>
                        <height>519</height>
                        <texture border="1" flipx="true">settings/side_shadow.png</texture>
                    </control>
                    <control type="image">
                        <posx>384</posx>
                        <posy>0</posy>
                        <width>820</width>
                        <height>576</height>
                        <texture>views/infolist54/list_back.png</texture>
                    </control>
                    <control type="list" id="54">
                        <posx>384</posx>
                        <posy>0</posy>
                        <width>820</width>
                        <height>576</height>
                        <onleft>60</onleft>
                        <onright condition="!Skin.HasSetting(InfoList.NoPlot) | Container.Content(episodes)">61</onright>
                        <onright condition="Skin.HasSetting(InfoList.NoPlot) + !Container.Content(episodes)">9010</onright>
                        <onup>54</onup>
                        <ondown>54</ondown>
                        <movement>5</movement>
                        <pagecontrol>60</pagecontrol>
                        <viewtype label="InfoList">list</viewtype>
                        <orientation>vertical</orientation>
                        <visible>!Container.Content(addons)</visible>
                        <scrolltime tween="quadratic" easing="out">200</scrolltime>
                        <itemlayout width="820" height="72">
                            <control type="label">
                                <posx>0</posx>
                                <width>748</width>
                                <height>72</height>
                                <font>Small</font>
                                <aligny>center</aligny>
                                <label>$INFO[ListItem.Label]</label>
                                <textcolor>White2</textcolor>
                                <textoffsetx>18</textoffsetx>
                            </control>
                            <control type="label">
                                <posx>768</posx>
                                <width>768</width>
                                <height>72</height>
                                <font>Smaller</font>
                                <aligny>center</aligny>
                                <align>right</align>
                                <label>$INFO[ListItem.Rating]</label>
                                <textcolor>grey</textcolor>
                                <textoffsetx>18</textoffsetx>
                            </control>
                            <control type="image">
                                <posx>755</posx>
                                <posy>5</posy>
                                <width>64</width>
                                <height>64</height>
                                <texture>$VAR[ListItem.Overlay]</texture>
                            </control>
                            <control type="group">
                                <description>Unwatched episodes</description>
                                <posx>755</posx>
                                <posy>0</posy>
                                <control type="image">
                                    <posx>0</posx>
                                    <posy>4</posy>
                                    <width>64</width>
                                    <height>64</height>
                                    <texture>overlays/list/OverlayUnWatched.png</texture>
                                    <visible>IntegerGreaterThan(ListItem.Property(UnWatchedEpisodes),0) + IsEmpty(ListItem.Overlay)</visible>
                                </control>
                                <control type="label">
                                    <posx>31</posx>
                                    <posy>1</posy>
                                    <width>64</width>
                                    <height>70</height>
                                    <font>Medium_Small_Caps</font>
                                    <align>center</align>
                                    <label>$VAR[ListOverlayEpisodesVar]</label>
                                    <textcolor>grey</textcolor>
                                    <textoffsetx>18</textoffsetx>
                                    <visible>IntegerGreaterThan(ListItem.Property(UnWatchedEpisodes),0)</visible>
                                </control>
                            </control>
                        </itemlayout>
                        <focusedlayout width="820" height="72">
                            <control type="image">
                                <width>820</width>
                                <height>72</height>
                                <texture>dialogs/listitem_focus.png</texture>
                                <visible>Control.HasFocus(54)</visible>
                            </control>
                            <control type="label">
                                <posx>0</posx>
                                <width>748</width>
                                <height>72</height>
                                <font>Small</font>
                                <aligny>center</aligny>
                                <label>$INFO[ListItem.Label]</label>
                                <textoffsetx>18</textoffsetx>
                                <scroll>true</scroll>
                            </control>
                            <control type="label">
                                <posx>768</posx>
                                <width>768</width>
                                <height>72</height>
                                <font>Smaller</font>
                                <align>right</align>
                                <aligny>center</aligny>
                                <label>$INFO[ListItem.Rating]</label>
                                <textoffsetx>18</textoffsetx>
                            </control>
                            <control type="image">
                                <posx>755</posx>
                                <posy>5</posy>
                                <width>64</width>
                                <height>64</height>
                                <texture>$VAR[ListItem.Overlay]</texture>
                            </control>
                            <control type="group">
                                <description>Unwatched episodes</description>
                                <posx>755</posx>
                                <posy>0</posy>
                                <control type="image">
                                    <posx>0</posx>
                                    <posy>4</posy>
                                    <width>64</width>
                                    <height>64</height>
                                    <texture>overlays/list/OverlayUnWatched.png</texture>
                                    <visible>IntegerGreaterThan(ListItem.Property(UnWatchedEpisodes),0) + IsEmpty(ListItem.Overlay)</visible>
                                </control>
                                <control type="label">
                                    <posx>31</posx>
                                    <posy>1</posy>
                                    <width>64</width>
                                    <height>70</height>
                                    <font>Medium_Small_Caps</font>
                                    <align>center</align>
                                    <label>$VAR[ListOverlayEpisodesVar]</label>
                                    <textcolor>grey</textcolor>
                                    <textoffsetx>18</textoffsetx>
                                    <visible>IntegerGreaterThan(ListItem.Property(UnWatchedEpisodes),0)</visible>
                                </control>
                            </control>
                        </focusedlayout>
                    </control>
                    <control type="scrollbar" id="60">
                        <posx>242</posx>
                        <posy>2</posy>
                        <width>150</width>
                        <height>574</height>
                        <onleft>9010</onleft>
                        <onright>54</onright>
                        <showonepage>false</showonepage>
                        <texturesliderbackground>-</texturesliderbackground>
                        <texturesliderbar>-</texturesliderbar>
                        <texturesliderbarfocus border="2,0,8,0">dialogs/scrollbar/texturesliderbar2.png</texturesliderbarfocus>
                    </control>
                    <!--<control type="image">
                        <posx>384</posx>
                        <posy>544</posy>
                        <width>820</width>
                        <height>32</height>
                        <texture border="3">dialogs/toast_back_blue_mask.png</texture>
                        </control> -->
                    <control type="image">
                        <posx>384</posx>
                        <posy>576</posy>
                        <width>820</width>
                        <height>119</height>
                        <texture>reflect.png</texture>
                    </control>
                </control>
            </control>
        </control>
    </include>
</includes>
