<?xml version="1.0" encoding="UTF-8"?>
<window type="dialog" id="3022">
    <defaultcontrol always="true">3</defaultcontrol>
    <onunload>ClearProperty(Close,3022)</onunload>
    <controls>
        <control type="GroupList">
            <description>Button labels</description>
            <animation type="WindowOpen">
                <effect type="fade" start="0" end="100" tween="sine" easing="inout" time="200" />
                <effect type="zoom" start="0,229,1920,1" end="0,170,1920,70" tween="sine" easing="out" time="200" />
            </animation>
            <animation type="WindowClose" condition="!IsEmpty(Window(3022).Property(Close))">
                <effect type="fade" start="100" end="0" tween="sine" easing="inout" time="200" />
                <effect type="zoom" start="0,170,1920,70" end="0,229,1920,1" tween="sine" easing="out" time="200" />
            </animation>
            <animation type="WindowClose" condition="IsEmpty(Window(3022).Property(Close))">
                <effect type="fade" start="100" end="0" time="250" tween="sine" easing="out" />
                <effect type="slide" start="0,0" end="0,-75" time="300" tween="sine" easing="out" />
            </animation>
            <posx>0</posx>
            <posy>170</posy>
            <width>1920</width>
            <height>70</height>
            <align>center</align>
            <orientation>horizontal</orientation>
            <usecontrolcoords>true</usecontrolcoords>
            <itemgap>45</itemgap>
            <control type="label">
                <description>Music files</description>
                <include>HomeLabel</include>
                <label>$LOCALIZE[744]</label>
                <animation effect="fade" start="100" end="30" time="300" tween="cubic" easing="inout" condition="!Container(3).HasFocus(1)">Conditional</animation>
                <animation effect="zoom"  start="100" end="80" time="300" tween="cubic" easing="inout" center="auto" condition="!Container(3).HasFocus(1)">Conditional</animation>
            </control>
            <control type="label">
                <description>Genres</description>
                <include>HomeLabel</include>
                <label>$LOCALIZE[135]</label>
                <animation effect="fade" start="100" end="30" time="300" tween="cubic" easing="inout" condition="!Container(3).HasFocus(2)">Conditional</animation>
                <animation effect="zoom"  start="100" end="80" time="300" tween="cubic" easing="inout" center="auto" condition="!Container(3).HasFocus(2)">Conditional</animation>
            </control>
            <control type="label">
                <description>Artists</description>
                <include>HomeLabel</include>
                <label>$LOCALIZE[133]</label>
                <animation effect="fade" start="100" end="30" time="300" tween="cubic" easing="inout" condition="!Container(3).HasFocus(3)">Conditional</animation>
                <animation effect="zoom"  start="100" end="80" time="300" tween="cubic" easing="inout" center="auto" condition="!Container(3).HasFocus(3)">Conditional</animation>
            </control>
            <control type="label">
                <description>Albums</description>
                <include>HomeLabel</include>
                <label>$LOCALIZE[132]</label>
                <animation effect="fade" start="100" end="30" time="300" tween="cubic" easing="inout" condition="!Container(3).HasFocus(4)">Conditional</animation>
                <animation effect="zoom"  start="100" end="80" time="300" tween="cubic" easing="inout" center="auto" condition="!Container(3).HasFocus(4)">Conditional</animation>
            </control>
            <control type="label">
                <description>Songs</description>
                <include>HomeLabel</include>
                <label>$LOCALIZE[134]</label>
                <animation effect="fade" start="100" end="30" time="300" tween="cubic" easing="inout" condition="!Container(3).HasFocus(5)">Conditional</animation>
                <animation effect="zoom"  start="100" end="80" time="150" tween="sine" easing="inout" center="auto" condition="!Container(3).HasFocus(5)">Conditional</animation>
            </control>
            <control type="label">
                <description>Years</description>
                <include>HomeLabel</include>
                <label>$LOCALIZE[652]</label>
                <animation effect="fade" start="100" end="30" time="300" tween="cubic" easing="inout" condition="!Container(3).HasFocus(6)">Conditional</animation>
                <animation effect="zoom"  start="100" end="80" time="150" tween="sine" easing="inout" center="auto" condition="!Container(3).HasFocus(6)">Conditional</animation>
            </control>
            <control type="label">
                <description>Top 100</description>
                <include>HomeLabel</include>
                <label>$LOCALIZE[271]</label>
                <animation effect="fade" start="100" end="30" time="300" tween="cubic" easing="inout" condition="!Container(3).HasFocus(7)">Conditional</animation>
                <animation effect="zoom"  start="100" end="80" time="300" tween="cubic" easing="inout" center="auto" condition="!Container(3).HasFocus(7)">Conditional</animation>
            </control>
            <control type="label">
                <description>Playlists</description>
                <include>HomeLabel</include>
                <label>$LOCALIZE[136]</label>
                <animation effect="fade" start="100" end="30" time="300" tween="cubic" easing="inout" condition="!Container(3).HasFocus(8)">Conditional</animation>
                <animation effect="zoom"  start="100" end="80" time="300" tween="cubic" easing="inout" center="auto" condition="!Container(3).HasFocus(8)">Conditional</animation>
            </control>
            <control type="image">
                <posx>0</posx>
                <posy>12</posy>
                <width>32</width>
                <height>38</height>
                <texture>windows/home/update-library.png</texture>
                <animation effect="fade" start="100" end="30" time="300" tween="cubic" easing="inout" condition="!Container(3).HasFocus(9)">Conditional</animation>
                <animation effect="zoom"  start="100" end="80" time="300" tween="cubic" easing="inout" center="16,50" condition="!Container(3).HasFocus(9)">Conditional</animation>
                <animation effect="rotate" center="16,34" start="360" end="0" time="1000" loop="true" condition="Library.IsScanningMusic">Conditional</animation>
            </control>
        </control>
        
        <control type="wraplist" id="3">
            <description>Control list</description>
            <posx>0</posx>
            <posy>0</posy>
            <height>2</height>
            <width>2</width>
            <onleft>3</onleft>
            <onright>3</onright>
            <onup>SetProperty(Close,1)</onup>
            <onup>PreviousMenu</onup>
            <ondown>SetProperty(Close,1)</ondown>
            <ondown>PreviousMenu</ondown>
            <orientation>horizontal</orientation>
            <scrolltime>0</scrolltime>
            <viewtype>list</viewtype>
            <itemlayout width="2" height="2"/>
            <focusedlayout width="2" height="2"/>
            <content>
                <item id="1">
                    <label>-</label>
                    <onclick>PreviousMenu</onclick>
                    <onclick>ActivateWindow(musicfiles)</onclick>
                </item>
                <item id="2">
                    <label>-</label>
                    <onclick>PreviousMenu</onclick>
                    <onclick>ActivateWindow(musiclibrary,genres,return)</onclick>
                </item>
                <item id="3">
                    <label>-</label>
                    <onclick>PreviousMenu</onclick>
                    <onclick>ActivateWindow(musiclibrary,artists,return)</onclick>
                </item>
                <item id="4">
                    <label>-</label>
                    <onclick>PreviousMenu</onclick>
                    <onclick>ActivateWindow(musiclibrary,albums,return)</onclick>
                </item>
                <item id="5">
                    <label>-</label>
                    <onclick>PreviousMenu</onclick>
                    <onclick>ActivateWindow(musiclibrary,songs,return)</onclick>
                </item>
                <item id="6">
                    <label>-</label>
                    <onclick>PreviousMenu</onclick>
                    <onclick>ActivateWindow(musiclibrary,years,return)</onclick>
                </item>
                <item id="7">
                    <label>-</label>
                    <onclick>PreviousMenu</onclick>
                    <onclick>ActivateWindow(musiclibrary,top100,return)</onclick>
                </item>
                <item id="8">
                    <label>-</label>
                    <onclick>PreviousMenu</onclick>
                    <onclick>ActivateWindow(musiclibrary,playlists,return)</onclick>
                </item>
                <item id="9">           
                    <label>-</label>
                    <onclick condition="!Library.IsScanningMusic">UpdateLibrary(music)</onclick>
                </item>
            </content>
        </control>        
    </controls>
</window>