<?xml version="1.0" encoding="UTF-8"?>
<window>
    <defaultcontrol>-</defaultcontrol>
    <zorder>10</zorder>
    <controls>
        <control type="label" id="401">
            <description>Line 1</description>
            <font>-</font>
        </control>
        <control type="label" id="402">
            <description>Line 2</description>
            <font>-</font>
        </control>
        <!-- Default notification -->
        <control type="group">
            <posx>1745</posx>
            <posy>26</posy>
            <include>BannerListInfoAnimation</include>
            <visible>!Window.IsActive(fullscreenvideo) + !Window.IsActive(visualisation) + !Window.IsVisible(startup)</visible>
            <animation effect="slide" end="-76" time="300" tween="sine" easing="inout" condition="Window.IsActive(busydialog)">Conditional</animation>
            <animation type="Conditional" condition="Window.IsActive(volumebar)">
                <effect type="fade" start="100" end="8" tween="sine" easing="out" time="300" /> 
                <effect type="zoom" start="100" end="50" center="1745,100" tween="sine" easing="inout" time="300" />
            </animation>
            <control type="group">
                <control type="label">
                    <description>Line 1</description>
                    <posx>0</posx>
                    <posy>0</posy>
                    <width>750</width>
                    <height>120</height>
                    <label>$INFO[Control.GetLabel(401)]</label>
                    <font>Font-Condensed-S36-B</font>
                    <textcolor>C0FFFFFF</textcolor>
                    <scroll>false</scroll>
                    <align>right</align>
                    <animation effect="slide" end="0,16" time="300" tween="sine" easing="inout" condition="IsEmpty(Control.GetLabel(402))">Conditional</animation>
                </control>
                <control type="label">
                    <description>Line 2</description>
                    <posx>0</posx>
                    <posy>33</posy>
                    <width>750</width>
                    <height>120</height>
                    <label>$INFO[Control.GetLabel(402)]</label>
                    <font>Font-Condensed-S28</font>
                    <textcolor>80FFFFFF</textcolor>
                    <scroll>false</scroll>
                    <align>right</align>
                </control>
                <control type="image" id="400">
                    <description>Icon</description>
                    <posx>20</posx>
                    <posy>46</posy>
                    <width>59</width>
                    <height>59</height>
                    <aspectratio>scale</aspectratio>
                    <texture>dialogs/kaitoast/info.png</texture>
                    <animation effect="fade" start="65" end="100" time="500" tween="sine" easing="in" pulse="true" condition="true">Conditional</animation>
                </control>
                <control type="image" id="403">
                    <description>Info</description>
                    <posx>20</posx>
                    <posy>46</posy>
                    <width>59</width>
                    <height>59</height>
                    <aspectratio>keep</aspectratio>
                    <visible>false</visible>
                    <texture>dialogs/kaitoast/info.png</texture>
                </control>
                <control type="image" id="404">
                    <description>Warning</description>
                    <posx>20</posx>
                    <posy>46</posy>
                    <width>59</width>
                    <height>59</height>
                    <aspectratio>keep</aspectratio>
                    <visible>false</visible>
                    <texture>dialogs/kaitoast/warning.png</texture>
                </control>
                <control type="image" id="405">
                    <description>Error</description>
                    <posx>20</posx>
                    <posy>46</posy>
                    <width>59</width>
                    <height>59</height>
                    <aspectratio>keep</aspectratio>
                    <visible>false</visible>
                    <texture>dialogs/kaitoast/error.png</texture>
                </control>
            </control>
        </control>
        <control type="group">
			<include>BannerListInfoAnimation</include>
			<visible>Window.IsActive(fullscreenvideo) | [Window.IsActive(visualisation) + Skin.HasSetting(OSDMusicAlt.Enabled)]</visible>
			<animation effect="slide" end="-100" time="300" tween="sine" easing="inout" condition="Player.Muted | substring(Player.Volume,-60.0)">Conditional</animation>
			<animation effect="slide" end="-213" time="300" tween="sine" easing="inout" condition="Window.IsActive(volumebar) + !Player.Passthrough">Conditional</animation>
			<animation effect="slide" end="-463" time="300" tween="sine" easing="inout" condition="Window.IsActive(volumebar) + Player.Passthrough">Conditional</animation>
			<control type="image">
				<posx>1218</posx>
				<posy>0</posy>
				<width>702</width>
				<height>194</height>
				<texture>overlays/notification/back-vf.png</texture>
				<aspectratio>stretch</aspectratio>
			</control>
			<control type="label">
				<posx>1715</posx>
				<posy>66</posy>
				<width>375</width>
				<height>34</height>
				<font>Font-Condensed-S34</font>
				<align>right</align>
				<textcolor>aawhite</textcolor>
				<label>$INFO[Control.GetLabel(401)]</label>
				<scroll>false</scroll>
				<animation effect="slide" end="0,14" time="300" tween="sine" easing="inout" condition="IsEmpty(Control.GetLabel(402))">Conditional</animation>
			</control>
			<control type="label">
				<posx>1715</posx>
				<posy>96</posy>
				<width>375</width>
				<height>34</height>
				<font>Font-Condensed-S28</font>
				<align>right</align>
				<textcolor>77white</textcolor>
				<label>$INFO[Control.GetLabel(402)]</label>
				<scroll>false</scroll>
			</control>
			<control type="image" id="400">
				<description>Icon</description>
				<posx>1748</posx>
				<posy>68</posy>
				<width>58</width>
				<height>58</height>
				<aspectratio>keep</aspectratio>
				<texture>overlays/notification/info-vf.png</texture>
				<animation effect="fade" start="65" end="100" time="500" tween="sine" easing="in" pulse="true" condition="true">Conditional</animation>
			</control>
			<control type="image" id="403">
				<description>Info</description>
				<posx>1748</posx>
				<posy>89</posy>
				<width>58</width>
				<height>58</height>
				<aspectratio>keep</aspectratio>
				<visible>false</visible>
				<texture>overlays/notification/info-vf.png</texture>
			</control>
			<control type="image" id="404">
				<description>Warning</description>
				<posx>1748</posx>
				<posy>89</posy>
				<width>58</width>
				<height>58</height>
				<aspectratio>keep</aspectratio>
				<visible>false</visible>
				<texture>overlays/notification/warning-vf.png</texture>
			</control>
			<control type="image" id="405">
				<description>Error</description>
				<posx>1748</posx>
				<posy>89</posy>
				<width>58</width>
				<height>58</height>
				<aspectratio>keep</aspectratio>
				<visible>false</visible>
				<texture>overlays/notification/error-vf.png</texture>
			</control>
		</control>
    </controls>
</window>