<?xml version="1.0" encoding="UTF-8"?>
<window>
    <defaultcontrol always="true">6</defaultcontrol>
    <controls>
        <control type="group">
            <control type="image">
                <include>FullscreenDimensions</include>
                <texture background="true">special://skin/extras/fade/black_content.png</texture>
                <animation effect="fade" time="300" start="0" end="95" tween="sine" easing="out">WindowOpen</animation>
                <animation effect="fade" time="300" start="95" end="0" tween="sine" easing="in">WindowClose</animation>
                <visible>Window.IsVisible(progressdialog)</visible>
            </control>
            <control type="group">
                <include>KeyboardAnimations</include>
                
                <control type="button" id="6">
                    <onfocus>SetFocus(5)</onfocus>
                </control>
                
                <control type="label">
                    <description>Heading</description>
                    <posx>473</posx>
                    <posy>218</posy>
                    <width>974</width>
                    <font>Font-Condensed-S34</font>
                    <label>$LOCALIZE[13406]</label>
                    <textcolor>ddwhite</textcolor>
                    <align>center</align>
                </control>
                
                <control type="group">
                    <animation type="WindowOpen" reversible="false">
                        <effect type="fade" start="0" end="85" time="400" tween="sine" easing="inout" delay="400" />
                        <effect type="slide" start="0,-80" end="0,0" time="550" delay="400" tween="back" easing="out" />
                    </animation>
                    <control type="label">
                        <description>Footer Label</description>
                        <posx>658</posx>
                        <posy>802</posy>
                        <width>404</width>
                        <align>left</align>
                        <font>Font-Condensed-S31</font>
                        <textcolor>77white</textcolor>
                        <label>$INFO[Container(5).NumItems,, $LOCALIZE[41817]]</label>
                        <visible>IntegerGreaterThan(Container(5).NumItems,0)</visible>
                        <animation type="Visible" reversible="false">
                            <effect type="fade" start="0" end="85" time="400" tween="sine" easing="inout" />
                            <effect type="slide" start="0,-80" end="0,0" time="550" tween="back" easing="out" />
                        </animation>
                        <animation type="Hidden" reversible="false">
                            <effect type="fade" start="85" end="0" time="400" tween="sine" easing="inout" />
                            <effect type="slide" start="0,0" end="0,-80" time="550" tween="back" easing="in" />
                        </animation>
                    </control>
                    <control type="label">
                        <description>Page Label</description>
                        <posx>1262</posx>
                        <posy>802</posy>
                        <width>200</width>
                        <align>right</align>
                        <font>Font-Condensed-S31</font>
                        <label>$INFO[Container(5).CurrentPage]/$INFO[Container(5).NumPages]</label>
                        <textcolor>77white</textcolor>
                        <visible>IntegerGreaterThan(Container(5).NumPages,1)</visible>
                        <animation type="Visible" reversible="false">
                            <effect type="fade" start="0" end="85" time="400" tween="sine" easing="inout" />
                            <effect type="slide" start="0,-80" end="0,0" time="550" tween="back" easing="out" />
                        </animation>
                        <animation type="Hidden" reversible="false">
                            <effect type="fade" start="85" end="0" time="400" tween="sine" easing="inout" />
                            <effect type="slide" start="0,0" end="0,-80" time="550" tween="back" easing="in" />
                        </animation>
                    </control>
                </control>
                
                <control type="image">
                    <posx>920</posx>
                    <posy>246</posy>
                    <width>80</width>
                    <height>60</height>
                    <texture>dialogs/default/arrow.png</texture>
                </control>
                
                <control type="image">
                    <posx>604</posx>
                    <posy>266</posy>
                    <width>712</width>
                    <height>548</height>
                    <texture border="39">dialogs/default/bg.png</texture>
                </control>
                <control type="image">
                	<posx>638</posx>
                	<posy>300</posy>
                	<width>644</width>
                	<height>481</height>
                	<texture border="5">dialogs/default/inner.png</texture>
                </control>

                <control type="list" id="5">
                    <posx>638</posx>
                    <posy>300</posy>
                    <width>644</width>
                    <height>480</height>
                    <onleft>5</onleft>
                    <onright>61</onright>
                    <onup>5</onup>
                    <ondown>5</ondown>
                    <pagecontrol>61</pagecontrol>
                    <scrolltime tween="cubic" easing="out">500</scrolltime>
                    <itemlayout height="60">
                        <control type="image">
                            <posx>0</posx>
                            <posy>1</posy>
                            <width>644</width>
                            <height>60</height>
                            <texture>dialogs/default/separator.png</texture>
                        </control>
                        <control type="label">
                            <posx>20</posx>
                            <posy>0</posy>
                            <width>604</width>
                            <height>60</height>
                            <info>ListItem.Label</info>
                            <font>Font-Condensed-S32</font>
                            <align>left</align>
                            <aligny>center</aligny>
                            <textcolor>FF585858</textcolor>
                            <scroll>false</scroll>
                        </control>
                        <control type="label">
                            <posx>624</posx>
                            <posy>0</posy>
                            <width>604</width>
                            <height>60</height>
                            <info>ListItem.Label2</info>
                            <font>Font-Condensed-S32</font>
                            <align>right</align>
                            <aligny>center</aligny>
                            <textcolor>FF787878</textcolor>
                            <scroll>false</scroll>
                        </control>  
                    </itemlayout>
                    <focusedlayout height="60">
                        <control type="group">
                            <visible>!Control.HasFocus(5)</visible>
                            <animation effect="fade" start="0" end="100" time="300" tween="sine" easing="inout" condition="![Container(5).Scrolling | Container(5).OnScrollNext | Container(5).OnScrollPrevious]">Visible</animation>
                            <animation effect="fade" start="100" end="0" time="300" tween="sine" easing="inout" condition="![Container(5).Scrolling | Container(5).OnScrollNext | Container(5).OnScrollPrevious]">Hidden</animation>
                            <control type="image">
                                <posx>0</posx>
                                <posy>1</posy>
                                <width>644</width>
                                <height>60</height>
                                <texture>dialogs/default/separator.png</texture>
                            </control>
                            <control type="label">
                                <posx>20</posx>
                                <posy>0</posy>
                                <width>604</width>
                                <height>60</height>
                                <info>ListItem.Label</info>
                                <font>Font-Condensed-S32</font>
                                <align>left</align>
                                <aligny>center</aligny>
                                <textcolor>FF585858</textcolor>
                                <scroll>false</scroll>
                            </control>
                            <control type="label">
                                <posx>624</posx>
                                <posy>0</posy>
                                <width>604</width>
                                <height>60</height>
                                <info>ListItem.Label2</info>
                                <font>Font-Condensed-S32</font>
                                <align>right</align>
                                <aligny>center</aligny>
                                <textcolor>FF787878</textcolor>
                                <scroll>false</scroll>
                            </control>  
                        </control>
                        <control type="group">
                            <visible>Control.HasFocus(5)</visible>
                            <animation effect="fade" start="0" end="100" time="300" tween="sine" easing="inout" condition="![Container(5).Scrolling | Container(5).OnScrollNext | Container(5).OnScrollPrevious]">Visible</animation>
                            <animation effect="fade" start="100" end="0" time="300" tween="sine" easing="inout" condition="![Container(5).Scrolling | Container(5).OnScrollNext | Container(5).OnScrollPrevious]">Hidden</animation>
                            <control type="image">
                                <width>644</width>
                                <height>60</height>
                                <texture border="2">dialogs/default/highlight.png</texture>
                            </control>
                            <control type="label">
                                <posx>20</posx>
                                <posy>0</posy>
                                <width>604</width>
                                <height>60</height>
                                <textcolor>eewhite</textcolor>
                                <info>ListItem.Label</info>
                                <font>Font-Condensed-S32</font>
                                <align>left</align>
                                <aligny>center</aligny>
                                <scroll>false</scroll>
                            </control>
                            <control type="label">
                                <posx>624</posx>
                                <posy>0</posy>
                                <width>604</width>
                                <height>60</height>
                                <textcolor>CCFFFFFF</textcolor>
                                <info>ListItem.Label2</info>
                                <font>Font-Condensed-S32</font>
                                <align>right</align>
                                <aligny>center</aligny>
                            </control>
                        </control>
                    </focusedlayout>
                </control>              
                
                <control type="image" id="63">
                    <animation effect="fade" start="100" end="0" time="0" delay="1500">WindowOpen</animation>
                </control>
                <control type="image" id="62">
                    <animation effect="fade" start="0" end="100" time="0">Visible</animation>
                    <animation effect="fade" start="100" end="0" time="0">Hidden</animation>
                    <visible>Control.HasFocus(61) | !Control.IsVisible(63)</visible>
                </control>
                <control type="image" id="62">
                    <animation effect="fade" start="0" end="100" time="0">Visible</animation>
                    <animation effect="fade" start="100" end="0" time="0" delay="1500">Hidden</animation>
                    <visible>!Control.HasFocus(61) + [Container(5).Scrolling | Container(5).Scrolling | Container(5).OnScrollNext]</visible>
                </control>
                <control type="scrollbar" id="61">
                    <posx>1269</posx>
                    <posy>303</posy>
                    <width>11</width>
                    <height>474</height>
                    <texturesliderbackground>-</texturesliderbackground>
                    <texturesliderbar border="0,6,0,6">dialogs/default/scrollbar.png</texturesliderbar>
                    <texturesliderbarfocus border="0,6,0,6">dialogs/default/scrollbar.png</texturesliderbarfocus>
                    <textureslidernib>-</textureslidernib>
                    <textureslidernibfocus>-</textureslidernibfocus>
                    <onleft>5</onleft>
                    <onright>5</onright>
                    <showonepage>false</showonepage>
                    <orientation>vertical</orientation>
                    <animation effect="fade" start="75" end="0" time="300" tween="sine" easing="inout" condition="!Control.IsVisible(62)">Conditional</animation>
                </control>
            </control>
        </control>
    </controls>
</window>