<?xml version="1.0" encoding="UTF-8"?>
<includes>
    <include name="PVRMenu">
        <control type="group" id="9001">
            <posx>100</posx>
            <posy>218</posy>
            <onup>50</onup>
            <ondown>50</ondown>
            <orientation>horizontal</orientation>
            <visible allowhiddenfocus="true">ControlGroup(9001).HasFocus</visible>
            <animation type="WindowOpen">
                <effect type="slide" start="200" end="0" tween="cubic" easing="out" time="650" />
                <effect type="fade" start="0" end="100" tween="sine" easing="inout" time="300" />
                <effect type="zoom" start="90" end="100" center="229,438" tween="cubic" easing="out" time="400" />
            </animation>
            <animation type="Visible">
                <effect type="fade" start="50" end="100" time="400"  tween="sine" easing="inout" />
                <effect type="slide" start="-650" end="0" time="400" tween="sine" easing="inout" />
            </animation>
            <animation type="Hidden">
                <effect type="slide" start="0" end="-650" time="400" tween="sine" easing="inout" />
            </animation>
            <include>listEndAnimation</include>
            <control type="label">
                <posx>18</posx>
                <posy>-38</posy>
                <width>200</width>
                <height>30</height>
                <font>Font-Condensed-S30-B</font>
                <textcolor>99FFFFFF</textcolor>
                <shadowcolor>55000000</shadowcolor>
                <align>left</align>
                <aligny>center</aligny>
                <label>$LOCALIZE[33061]</label>
            </control>
            <control type="image">
                <description>Panel</description>
                <posx>-2</posx>
                <posy>-3</posy>
                <width>462</width>
                <height>676</height>
                <texture border="3">views/list/panel/panel.png</texture>
            </control>
            <control type="image">
                <description>Shadow</description>
                <posx>57</posx>
                <posy>883</posy>
                <width>544</width>
                <height>150</height>
                <texture>windows/home/item-shadow.png</texture>
            </control>
            <control type="image">
                <posx>0</posx>
                <posy>0</posy>
                <width>458</width>
                <height>111</height>
                <texture border="150,1,150,1">views/other/focus.png</texture>
                <animation effect="slide" end="0,112" time="0" condition="ControlGroup(9001).HasFocus(101)">Conditional</animation>
                <animation effect="slide" end="0,224" time="0" condition="ControlGroup(9001).HasFocus(102)">Conditional</animation>
                <animation effect="slide" end="0,336" time="0" condition="ControlGroup(9001).HasFocus(103)">Conditional</animation>
                <animation effect="slide" end="0,448" time="0" condition="ControlGroup(9001).HasFocus(104)">Conditional</animation>
                <animation effect="slide" start="0,-112" end="0,0" time="300" tween="back" easing="out" condition="IsEmpty(Window.Property(Movement)) + ControlGroup(9001).HasFocus(100)" reversible="false">Conditional</animation>
                <animation effect="slide" start="0,112" end="0,0" time="300" tween="back" easing="out" condition="!IsEmpty(Window.Property(Movement)) + ControlGroup(9001).HasFocus(100)" reversible="false">Conditional</animation>
                <animation effect="slide" start="0,-112" end="0,0" time="300" tween="back" easing="out" condition="IsEmpty(Window.Property(Movement)) + ControlGroup(9001).HasFocus(101)" reversible="false">Conditional</animation>
                <animation effect="slide" start="0,112" end="0,0" time="300" tween="back" easing="out" condition="!IsEmpty(Window.Property(Movement)) + ControlGroup(9001).HasFocus(101)" reversible="false">Conditional</animation>
                <animation effect="slide" start="0,-112" end="0,0" time="300" tween="back" easing="out" condition="IsEmpty(Window.Property(Movement)) + ControlGroup(9001).HasFocus(102)" reversible="false">Conditional</animation>
                <animation effect="slide" start="0,112" end="0,0" time="300" tween="back" easing="out" condition="!IsEmpty(Window.Property(Movement)) + ControlGroup(9001).HasFocus(102)" reversible="false">Conditional</animation>
                <animation effect="slide" start="0,-112" end="0,0" time="300" tween="back" easing="out" condition="IsEmpty(Window.Property(Movement)) + ControlGroup(9001).HasFocus(103)" reversible="false">Conditional</animation>
                <animation effect="slide" start="0,112" end="0,0" time="300" tween="back" easing="out" condition="!IsEmpty(Window.Property(Movement)) + ControlGroup(9001).HasFocus(103)" reversible="false">Conditional</animation>
                <animation effect="slide" start="0,-112" end="0,0" time="300" tween="back" easing="out" condition="IsEmpty(Window.Property(Movement)) + ControlGroup(9001).HasFocus(104)" reversible="false">Conditional</animation>
                <animation effect="slide" start="0,112" end="0,0" time="300" tween="back" easing="out" condition="!IsEmpty(Window.Property(Movement)) + ControlGroup(9001).HasFocus(104)" reversible="false">Conditional</animation>
                <animation effect="fade" start="100" end="0" time="300" tween="sine" easing="inout" condition="!ControlGroup(9001).HasFocus">Conditional</animation>
            </control>
            <control type="button" id="100">
                <description>Channels</description>
                <posy>0</posy>
                <include>PVRMenuButtonVars</include>
                <texturefocus>windows/pvr/icons/channels-fo.png</texturefocus>
                <texturenofocus>windows/pvr/icons/channels-nf.png</texturenofocus>
                <label>$LOCALIZE[19019]</label>
                <onclick condition="Window.IsActive(TVChannels) | Window.IsActive(RadioChannels)">SendClick(28)</onclick>
                <onclick condition="IsEmpty(Window.Property(IsRadio)) + !Window.IsActive(TVChannels) + !Window.IsActive(RadioChannels)">ActivateWindow(TVChannels)</onclick>
                <onclick condition="!IsEmpty(Window.Property(IsRadio))+ !Window.IsActive(TVChannels) + !Window.IsActive(RadioChannels)">ActivateWindow(RadioChannels)</onclick>
                <onup>SetProperty(Movement,1)</onup>
                <onup>104</onup>
                <ondown>ClearProperty(Movement)</ondown>
                <ondown>101</ondown>
                <onleft>9000</onleft>
                <onleft condition="!Window.IsVisible(3008)">SetProperty(BounceLeft,1,Home)</onleft>
                <onright>50</onright>
            </control>
            <control type="button" id="101">
                <description>TV Guide</description>
                <posy>112</posy>
                <include>PVRMenuButtonVars</include>
                <texturefocus>windows/pvr/icons/epg-fo.png</texturefocus>
                <texturenofocus>windows/pvr/icons/epg-nf.png</texturenofocus>
                <label>$LOCALIZE[22020]</label>
                <onclick condition="Window.IsActive(TVGuide) | Window.IsActive(RadioGuide)">SendClick(28)</onclick>
                <onclick condition="IsEmpty(Window.Property(IsRadio)) + !Window.IsActive(TVGuide) + !Window.IsActive(TVGuide)">ActivateWindow(TVGuide)</onclick>
                <onclick condition="!IsEmpty(Window.Property(IsRadio)) + !Window.IsActive(TVGuide) + !Window.IsActive(RadioGuide)">ActivateWindow(RadioGuide)</onclick>
                <onup>SetProperty(Movement,1)</onup>
                <onup>100</onup>
                <ondown>ClearProperty(Movement)</ondown>
                <ondown>102</ondown>
                <onleft>9000</onleft>
                <onleft condition="!Window.IsVisible(3008)">SetProperty(BounceLeft,1,Home)</onleft>
                <onright>50</onright>
            </control>
            <control type="button" id="102">
                <description>Recordings</description>
                <posy>224</posy>
                <include>PVRMenuButtonVars</include>
                <texturefocus>windows/pvr/icons/recordings-fo.png</texturefocus>
                <texturenofocus>windows/pvr/icons/recordings-nf.png</texturenofocus>
                <label>$LOCALIZE[19163]</label>
                <onclick condition="IsEmpty(Window.Property(IsRadio)) + !Window.IsActive(TVRecordings) + !Window.IsActive(RadioRecordings)">ActivateWindow(TVRecordings)</onclick>
                <onclick condition="!IsEmpty(Window.Property(IsRadio)) + !Window.IsActive(TVRecordings) + !Window.IsActive(RadioRecordings)">ActivateWindow(RadioRecordings)</onclick>
                <onup>SetProperty(Movement,1)</onup>
                <onup>101</onup>
                <ondown>ClearProperty(Movement)</ondown>
                <ondown>103</ondown>
                <onleft>9000</onleft>
                <onleft condition="!Window.IsVisible(3008)">SetProperty(BounceLeft,1,Home)</onleft>
                <onright>50</onright>
            </control>
            <control type="button" id="103">
                <description>Timers</description>
                <posy>336</posy>
                <include>PVRMenuButtonVars</include>
                <texturefocus>windows/pvr/icons/timers-fo.png</texturefocus>
                <texturenofocus>windows/pvr/icons/timers-nf.png</texturenofocus>
                <label>$LOCALIZE[19040]</label>
                <onclick condition="IsEmpty(Window.Property(IsRadio)) + !Window.IsActive(TVTimers) + !Window.IsActive(RadioTimers)">ActivateWindow(TVTimers)</onclick>
                <onclick condition="!IsEmpty(Window.Property(IsRadio)) + !Window.IsActive(TVTimers) + !Window.IsActive(RadioTimers)">ActivateWindow(RadioTimers)</onclick>
                <onup>SetProperty(Movement,1)</onup>
                <onup>102</onup>
                <ondown>ClearProperty(Movement)</ondown>
                <ondown>104</ondown>
                <onleft>9000</onleft>
                <onleft condition="!Window.IsVisible(3008)">SetProperty(BounceLeft,1,Home)</onleft>
                <onright>50</onright>
            </control>
            <control type="button" id="104">
                <description>Search</description>
                <posy>448</posy>
                <include>PVRMenuButtonVars</include>
                <texturefocus>windows/pvr/icons/search-fo.png</texturefocus>
                <texturenofocus>windows/pvr/icons/search-nf.png</texturenofocus>
                <label>$LOCALIZE[137]</label>
                <onclick condition="IsEmpty(Window.Property(IsRadio)) + !Window.IsActive(TVSearch) + !Window.IsActive(RadioSearch)">ActivateWindow(TVSearch)</onclick>
                <onclick condition="!IsEmpty(Window.Property(IsRadio)) + !Window.IsActive(TVSearch) + !Window.IsActive(RadioSearch)">ActivateWindow(RadioSearch)</onclick>
                <onup>SetProperty(Movement,1)</onup>
                <onup>103</onup>
                <ondown>ClearProperty(Movement)</ondown>
                <ondown>100</ondown>
                <onleft>9000</onleft>
                <onleft condition="!Window.IsVisible(3008)">SetProperty(BounceLeft,1,Home)</onleft>
                <onright>50</onright>
            </control>
            <control type="button" id="28">
                <description>Group selection</description>
                <visible>false</visible>
                <label>-</label>
            </control>
        </control>
    </include>
    
    <include name="PVROptionsMenu">
        <control type="group" id="9000">
            <posx>267</posx>
            <posy>517</posy>
            <include>OptionsAnimations</include>
            <animation effect="slide" start="0" end="-204" time="0" condition="Skin.HasSetting(HideShutdownButton)">Conditional</animation>     
            <control type="group">
                <include>OptionsPanelAnimations</include>
                <control type="image">
                    <description>shadow image</description>
                    <posx>5</posx>
                    <posy>505</posy>
                    <height>60</height>
                    <width>442</width>
                    <texture>dialogs/shutdown/shadow.png</texture>
                    <aspectratio>stretch</aspectratio>
                </control>
                <control type="image">
                    <description>background image</description>
                    <posx>0</posx>
                    <posy>0</posy>
                    <height>540</height>
                    <width>442</width>
                    <texture>dialogs/shutdown/shutdown.png</texture>
                    <aspectratio>stretch</aspectratio>
                </control>
            </control>
            
            <control type="grouplist" id="9111">
                <posx>19</posx>
                <posy>47</posy>
                <width>404</width>
                <height>399</height>
                <itemgap>0</itemgap>
                <onleft>9001</onleft>
                <onright>9001</onright>
                <onup>9111</onup>
                <ondown>9111</ondown>
                <onback>9001</onback>
                <include>GeneralOptionsAnimations</include>
                <control type="button" id="2">
                    <description>Change view</description>
                    <posy>330</posy>
                    <include>optionsbuttonsdimensions</include>
                    <label>-</label>
                    <texturefocus border="70,2,2,2">dialogs/options/buttons/view-fo.png</texturefocus>
                    <texturenofocus border="70,2,2,2">dialogs/options/buttons/view-nf.png</texturenofocus>
                    <animation effect="fade" start="100" end="50" time="0" condition="!Control.IsEnabled(2)">Conditional</animation>
                </control>
                <control type="button" id="3">
                    <description>sort</description>
                    <include>optionsbuttonsdimensions</include>
                    <texturefocus border="70,2,2,2">dialogs/options/buttons/sort-fo.png</texturefocus>
                    <texturenofocus border="70,2,2,2">dialogs/options/buttons/sort-nf.png</texturenofocus>
                    <animation effect="fade" start="100" end="50" time="0" condition="!Control.IsEnabled(3)">Conditional</animation>
                </control>
                <control type="togglebutton" id="4">
                    <description>Ascending</description>
                    <include>optionsbuttonsdimensions</include>
                    <label>584</label>
                    <altlabel>585</altlabel>
                    <texturefocus border="70,2,2,2">dialogs/options/buttons/up-fo.png</texturefocus>
                    <texturenofocus border="70,2,2,2">dialogs/options/buttons/up-nf.png</texturenofocus>
                    <alttexturenofocus border="70,2,2,2">dialogs/options/buttons/down-nf.png</alttexturenofocus>
                    <alttexturefocus border="70,2,2,2">dialogs/options/buttons/down-fo.png</alttexturefocus>
                    <animation effect="fade" start="100" end="50" time="0" condition="!Control.IsEnabled(4)">Conditional</animation>
                </control>
                <control type="radiobutton" id="31">
                    <description>Filter</description>
                    <include>optionsbuttonsdimensions</include>
                    <label>587</label>
                    <selected>Container.Filtered</selected>
                    <onclick>SetFocus(50)</onclick>
                    <texturefocus border="2">dialogs/options/buttons/default-fo.png</texturefocus>
                    <textureradioon>buttons/radio/options-radio-button-fo.png</textureradioon>
                    <textureradiooff>buttons/radio/options-radio-button-nf.png</textureradiooff>
                    <radioposx>-19</radioposx>
                    <animation effect="fade" start="100" end="50" time="0" condition="!Control.IsEnabled(31)">Conditional</animation>
                    <visible>Window.IsActive(TVChannels) | Window.IsActive(RadioChannels)</visible>
                </control>
                <control type="radiobutton" id="5">
                    <description>Group recording items by folder structure</description>
                    <include>optionsbuttonsdimensions</include>
                    <label>19270</label>
                    <onclick>SetFocus(50)</onclick>
                    <texturefocus border="2">dialogs/options/buttons/default-fo.png</texturefocus>
                    <textureradioon>buttons/radio/options-radio-button-fo.png</textureradioon>
                    <textureradiooff>buttons/radio/options-radio-button-nf.png</textureradiooff>
                    <radioposx>-19</radioposx>
                    <animation effect="fade" start="100" end="50" time="0" condition="!Control.IsEnabled(5)">Conditional</animation>
                    <visible>Window.IsActive(TVRecordings) | Window.IsActive(RadioRecordings)</visible>
                </control>
                <control type="radiobutton" id="6">
                    <description>Show hidden channels</description>
                    <include>optionsbuttonsdimensions</include>
                    <label>19051</label>
                    <onclick>SetFocus(50)</onclick>
                    <texturefocus border="2">dialogs/options/buttons/default-fo.png</texturefocus>
                    <textureradioon>buttons/radio/options-radio-button-fo.png</textureradioon>
                    <textureradiooff>buttons/radio/options-radio-button-nf.png</textureradiooff>
                    <radioposx>-19</radioposx>
                    <animation effect="fade" start="100" end="50" time="0" condition="!Control.IsEnabled(6)">Conditional</animation>
                    <visible>Window.IsActive(TVChannels) | Window.IsActive(RadioChannels)</visible>
                </control>
            </control>
            
            <control type="group">
                <include>GeneralOptionsAnimations</include>
                <control type="image">
                    <posx>9</posx>
                    <posy>433</posy>
                    <width>100</width>
                    <height>100</height>
                    <texture>buttons/options_nofo.png</texture>
                </control>
                <control type="label">
                    <posx>94</posx>
                    <posy>433</posy>
                    <width>300</width>
                    <height>100</height>
                    <label>$LOCALIZE[41600]</label>
                    <font>Font-Condensed-S34-B</font>
                    <textcolor>eewhite</textcolor>
                    <shadowcolor>22000000</shadowcolor>
                </control>
            </control>
            <control type="group">
                <include>SpecificOptionsAnimations</include>
                <control type="image">
                    <posx>9</posx>
                    <posy>433</posy>
                    <width>100</width>
                    <height>100</height>
                    <texture>buttons/options_nofo.png</texture>
                </control>
                <control type="label">
                    <posx>94</posx>
                    <posy>433</posy>
                    <width>300</width>
                    <height>100</height>
                    <label>$LOCALIZE[42010]</label>
                    <font>Font-Condensed-S34-B</font>
                    <textcolor>eewhite</textcolor>
                    <shadowcolor>22000000</shadowcolor>
                </control>
            </control>
            <control type="group">
                <include>ViewOptionsAnimations</include>
                <control type="image">
                    <posx>9</posx>
                    <posy>433</posy>
                    <width>100</width>
                    <height>100</height>
                    <texture>buttons/options_nofo.png</texture>
                </control>
                <control type="label">
                    <posx>94</posx> 
                    <posy>433</posy>
                    <width>300</width>
                    <height>100</height>
                    <label>$LOCALIZE[42021]</label>
                    <font>Font-Condensed-S34-B</font>
                    <textcolor>eewhite</textcolor>
                    <shadowcolor>22000000</shadowcolor>
                </control>
            </control>
        </control>
    </include>
    
    <!-- Scrollbar visibility controls -->
    <include name="PVRScrollbarVisiblityControl">
        <control type="image" id="9773">
            <animation effect="fade" start="100" end="0" time="0" delay="1500">WindowOpen</animation>
        </control>
        <control type="image" id="9772">
            <animation effect="fade" start="0" end="100" time="0">Visible</animation>
            <animation effect="fade" start="100" end="0" time="0">Hidden</animation>
            <visible>Control.HasFocus(70) | !Control.IsVisible(9773)</visible>
        </control>
        <control type="image" id="9772">
            <animation effect="fade" start="0" end="100" time="0">Visible</animation>
            <animation effect="fade" start="100" end="0" time="0" delay="1500">Hidden</animation>
            <visible>!Control.HasFocus(70) + [[Container(50).Scrolling | Container(50).OnScrollNext | Container(50).OnScrollPrevious] | [Container(10).Scrolling | Container(10).OnScrollNext | Container(10).OnScrollPrevious] | [Container(11).Scrolling | Container(11).OnScrollNext | Container(11).OnScrollPrevious] | [Container(12).Scrolling | Container(12).OnScrollNext | Container(12).OnScrollPrevious] | [Container(13).Scrolling | Container(13).OnScrollNext | Container(13).OnScrollPrevious]]</visible>
        </control>
    </include>
</includes>