<?xml version="1.0" encoding="UTF-8"?>
<window>
    <defaultcontrol always="true">50</defaultcontrol>
    <allowoverlay>no</allowoverlay>
    <backgroundcolor>0</backgroundcolor>
    <views>50,52,500,55</views>
    <controls>
        
        <include>CommonItems</include>
        <include>PictureHeader</include>
        <include>PictureViews</include>
        <include>Common-Info</include>
        
        <control type="group" id="9000">
            <posx>267</posx>
            <posy>517</posy>
            <include>OptionsAnimations</include>
            <animation effect="slide" start="0" end="-204" time="0" condition="Skin.HasSetting(HideShutdownButton)">Conditional</animation> 
            <control type="group">
                <include>OptionsPanelAnimations</include>
                <control type="image">
                    <description>shadow image</description>
                    <posx>5</posx>
                    <posy>505</posy>
                    <height>60</height>
                    <width>442</width>
                    <texture>dialogs/shutdown/shadow.png</texture>
                    <aspectratio>stretch</aspectratio>
                </control>
                <control type="image">
                    <description>background image</description>
                    <posx>0</posx>
                    <posy>0</posy>
                    <height>540</height>
                    <width>442</width>
                    <texture>dialogs/shutdown/shutdown.png</texture>
                    <aspectratio>stretch</aspectratio>
                </control>
            </control>
                
            <control type="grouplist" id="9111">
                <posx>19</posx>
                <posy>47</posy>
                <width>404</width>
                <height>399</height>
                <itemgap>0</itemgap>
                <onleft>50</onleft>
                <onright>50</onright>
                <onup>9111</onup>
                <ondown>9111</ondown>
                <onback>50</onback>
                <include>GeneralOptionsAnimations</include>
                <control type="button" id="2">
                    <description>View</description>
                    <visible>false</visible>
                </control>
                <control type="button" id="100">
                    <description>Label</description>
                    <posy>330</posy>
                    <include>optionsbuttonsdimensions</include>
                    <label>$INFO[Control.GetLabel(2)]</label>
                    <onclick>setfocus(9223)</onclick>
                    <texturefocus border="70,2,2,2">dialogs/options/buttons/view-fo.png</texturefocus>
                    <texturenofocus border="70,2,2,2">dialogs/options/buttons/view-nf.png</texturenofocus>
                    <animation effect="fade" start="100" end="50" time="0" condition="!Control.IsEnabled(2)">Conditional</animation>
                </control>
                <control type="button" id="20">
                    <description>Label</description>
                    <posy>330</posy>
                    <include>optionsbuttonsdimensions</include>
                    <label>$LOCALIZE[41620]</label>
                    <onclick>setfocus(9222)</onclick>
                    <texturefocus border="70,2,2,2">dialogs/options/buttons/custom-fo.png</texturefocus>
                    <texturenofocus border="70,2,2,2">dialogs/options/buttons/custom-nf.png</texturenofocus>
                </control>
                <control type="button" id="3">
                    <description>sort</description>
                    <include>optionsbuttonsdimensions</include>
                    <texturefocus border="70,2,2,2">dialogs/options/buttons/sort-fo.png</texturefocus>
                    <texturenofocus border="70,2,2,2">dialogs/options/buttons/sort-nf.png</texturenofocus>
                    <animation effect="fade" start="100" end="50" time="0" condition="!Control.IsEnabled(3)">Conditional</animation>
                </control>
                <control type="togglebutton" id="4">
                    <description>Ascending</description>
                    <include>optionsbuttonsdimensions</include>
                    <label>$LOCALIZE[584]</label>
                    <altlabel>$LOCALIZE[585]</altlabel>
                    <texturefocus border="70,2,2,2">dialogs/options/buttons/up-fo.png</texturefocus>
                    <texturenofocus border="70,2,2,2">dialogs/options/buttons/up-nf.png</texturenofocus>
                    <alttexturenofocus border="70,2,2,2">dialogs/options/buttons/down-nf.png</alttexturenofocus>
                    <alttexturefocus border="70,2,2,2">dialogs/options/buttons/down-fo.png</alttexturefocus>
                    <animation effect="fade" start="100" end="50" time="0" condition="!Control.IsEnabled(4)">Conditional</animation>
                </control>
                <control type="edit" id="19">
                    <description>Filter</description>
                    <posx>0</posx>
                    <posy>0</posy>
                    <width>404</width>
                    <height>57</height>
                    <font>Font-Condensed-S34</font>
                    <align>left</align>
                    <aligny>center</aligny>
                    <textcolor>FF484848</textcolor>
                    <focusedcolor>DDFFFFFF</focusedcolor>
                    <textoffsetx>75</textoffsetx>
                    <scroll>false</scroll>  
                    <label>587</label>
                    <pulseonselect>false</pulseonselect>
                    <texturefocus border="62,2,62,2">dialogs/options/buttons/filter-fo.png</texturefocus>
                    <texturenofocus border="62,2,62,2">dialogs/options/buttons/filter-nf.png</texturenofocus>
                    <animation effect="fade" start="100" end="50" time="0" condition="!Control.IsEnabled(19)">Conditional</animation>
                </control>
                <control type="button" id="6">
                    <description>Slideshow</description>
                    <include>optionsbuttonsdimensions</include>
                    <label>$LOCALIZE[108]</label>
                    <texturefocus border="70,2,2,2">dialogs/options/buttons/bullet-fo.png</texturefocus>
                    <texturenofocus border="70,2,2,2">dialogs/options/buttons/bullet-nf.png</texturenofocus>
                    <animation effect="fade" start="100" end="50" time="0" condition="!Control.IsEnabled(6)">Conditional</animation>
                </control>
                <control type="button" id="7">
                    <description>Recursive Slideshow</description>
                    <include>optionsbuttonsdimensions</include>
                    <label>$LOCALIZE[361]</label>
                    <texturefocus border="70,2,2,2">dialogs/options/buttons/bullet-fo.png</texturefocus>
                    <texturenofocus border="70,2,2,2">dialogs/options/buttons/bullet-nf.png</texturenofocus>
                    <animation effect="fade" start="100" end="50" time="0" condition="!Control.IsEnabled(7)">Conditional</animation>
                </control>
                <control type="radiobutton" id="9">
                    <description>Randomize Toggle</description>
                    <include>optionsbuttonsdimensions</include>
                    <label>$LOCALIZE[13319]</label>
                    <texturefocus border="2">dialogs/options/buttons/default-fo.png</texturefocus>
                    <textureradioon>buttons/radio/options-radio-button-fo.png</textureradioon>
                    <textureradiooff>buttons/radio/options-radio-button-nf.png</textureradiooff>
                    <radioposx>-19</radioposx>
                    <animation effect="fade" start="100" end="50" time="0" condition="!Control.IsEnabled(9)">Conditional</animation>
                </control>
            </control>
            <control type="grouplist" id="9222">
                <description>View Specific Controls</description>
                <posx>19</posx>
                <posy>47</posy>
                <width>404</width>
                <height>399</height>
                <itemgap>0</itemgap>
                <onleft>9111</onleft>
                <onright>9111</onright>
                <onup>9222</onup>
                <ondown>9222</ondown>
                <onback>50</onback>
                <include>SpecificOptionsAnimations</include>
                <control type="button" id="101">
                    <description>Label</description>
                    <posy>330</posy>
                    <include>optionsbuttonsdimensions</include>
                    <label>$LOCALIZE[42017]</label>
                    <onclick>setfocus(9111)</onclick>
                    <texturefocus border="70,2,2,2">dialogs/options/buttons/custom-fo.png</texturefocus>
                    <texturenofocus border="70,2,2,2">dialogs/options/buttons/custom-nf.png</texturenofocus>
                </control>
            </control>
            <control type="grouplist" id="9223">
                <description>View Controls</description>
                <posx>19</posx>
                <posy>47</posy>
                <width>404</width>
                <height>399</height>
                <itemgap>0</itemgap>
                <onleft>9111</onleft>
                <onright>9111</onright>
                <onup>9223</onup>
                <ondown>9223</ondown>
                <onback>50</onback>
                <include>ViewOptionsAnimations</include>
                <control type="button" id="201">
                    <description>Label</description>
                    <posy>330</posy>
                    <include>optionsbuttonsdimensions</include>
                    <label>$LOCALIZE[42017]</label>
                    <onclick>setfocus(9111)</onclick>
                    <texturefocus border="70,2,2,2">dialogs/options/buttons/custom-back-fo.png</texturefocus>
                    <texturenofocus border="70,2,2,2">dialogs/options/buttons/custom-back-nf.png</texturenofocus>
                </control>
                <control type="radiobutton" id="202">
                    <description>List</description>
                    <include>optionsbuttonsdimensions</include>
                    <label>$LOCALIZE[42220]</label>
                    <texturefocus border="2">dialogs/options/buttons/default-fo.png</texturefocus>
                    <onclick>Container.SetViewMode(50)</onclick>
                    <selected>Control.IsVisible(50)</selected>
                    <textureradioon>buttons/radio/options-radio-button-fo.png</textureradioon>
                    <textureradiooff>buttons/radio/options-radio-button-nf.png</textureradiooff>
                    <radioposx>-19</radioposx>
                </control>
                <control type="radiobutton" id="203">
                    <description>Large thumb list</description>
                    <include>optionsbuttonsdimensions</include>
                    <label>$LOCALIZE[42234]</label>
                    <texturefocus border="2">dialogs/options/buttons/default-fo.png</texturefocus>
                    <onclick>Container.SetViewMode(52)</onclick>
                    <selected>Control.IsVisible(52)</selected>
                    <textureradioon>buttons/radio/options-radio-button-fo.png</textureradioon>
                    <textureradiooff>buttons/radio/options-radio-button-nf.png</textureradiooff>
                    <radioposx>-19</radioposx>
                    <visible>Container.HasFiles + !Container.Content(addons)</visible>
                </control>
                <control type="radiobutton" id="204">
                    <description>Thumbnail</description>
                    <include>optionsbuttonsdimensions</include>
                    <label>$LOCALIZE[42229]</label>
                    <texturefocus border="2">dialogs/options/buttons/default-fo.png</texturefocus>
                    <onclick>Container.SetViewMode(500)</onclick>
                    <selected>Control.IsVisible(500)</selected>
                    <textureradioon>buttons/radio/options-radio-button-fo.png</textureradioon>
                    <textureradiooff>buttons/radio/options-radio-button-nf.png</textureradiooff>
                    <radioposx>-19</radioposx>
                    <visible>Container.HasFiles + Container.Content(addons)</visible>
                </control>
                <control type="radiobutton" id="205">
                    <description>PictureView</description>
                    <include>optionsbuttonsdimensions</include>
                    <label>$LOCALIZE[42227]</label>
                    <texturefocus border="2">dialogs/options/buttons/default-fo.png</texturefocus>
                    <onclick>Container.SetViewMode(55)</onclick>
                    <selected>Control.IsVisible(55)</selected>
                    <textureradioon>buttons/radio/options-radio-button-fo.png</textureradioon>
                    <textureradiooff>buttons/radio/options-radio-button-nf.png</textureradiooff>
                    <radioposx>-19</radioposx>
                    <visible>Container.HasFiles + !Container.Content(addons)</visible>
                </control>
            </control>
            
            <control type="group">
                <include>GeneralOptionsAnimations</include>
                <control type="image">
                    <posx>9</posx>
                    <posy>433</posy>
                    <width>100</width>
                    <height>100</height>
                    <texture>buttons/options_nofo.png</texture>
                </control>
                <control type="label">
                    <posx>94</posx>
                    <posy>433</posy>
                    <width>300</width>
                    <height>100</height>
                    <label>$LOCALIZE[41600]</label>
                    <font>Font-Condensed-S34-B</font>
                    <textcolor>eewhite</textcolor>
                    <shadowcolor>22000000</shadowcolor>
                </control>
            </control>
            
            <control type="group">
                <include>SpecificOptionsAnimations</include>
                <control type="image">
                    <posx>9</posx>
                    <posy>433</posy>
                    <width>100</width>
                    <height>100</height>
                    <texture>buttons/options_nofo.png</texture>
                </control>
                <control type="label">
                    <posx>94</posx>
                    <posy>433</posy>
                    <width>300</width>
                    <height>100</height>
                    <label>$LOCALIZE[42010]</label>
                    <font>Font-Condensed-S34-B</font>
                    <textcolor>eewhite</textcolor>
                    <shadowcolor>22000000</shadowcolor>
                </control>
            </control>
            
            <control type="group">
                <include>ViewOptionsAnimations</include>
                <control type="image">
                    <posx>9</posx>
                    <posy>433</posy>
                    <width>100</width>
                    <height>100</height>
                    <texture>buttons/options_nofo.png</texture>
                </control>
                <control type="label">
                    <posx>94</posx> 
                    <posy>433</posy>
                    <width>300</width>
                    <height>100</height>
                    <label>$LOCALIZE[42021]</label>
                    <font>Font-Condensed-S34-B</font>
                    <textcolor>eewhite</textcolor>
                    <shadowcolor>22000000</shadowcolor>
                </control>
            </control>              
        </control>
        
        <!-- Scrollbar visibility controls -->
        <control type="image" id="9773">
            <animation effect="fade" start="100" end="0" time="0" delay="1500">WindowOpen</animation>
        </control>
        <control type="image" id="9772">
            <animation effect="fade" start="0" end="100" time="0">Visible</animation>
            <animation effect="fade" start="100" end="0" time="0">Hidden</animation>
            <visible>Control.HasFocus(70) | !Control.IsVisible(9773)</visible>
        </control>
        <control type="image" id="9772">
            <animation effect="fade" start="0" end="100" time="0">Visible</animation>
            <animation effect="fade" start="100" end="0" time="0" delay="1500">Hidden</animation>
            <visible>!Control.HasFocus(70) + [Container.Scrolling | Container.OnScrollNext | Container.OnScrollPrevious]</visible>
        </control>
    </controls>
</window>