<?xml version="1.0" encoding="UTF-8"?>
<window>
    <defaultcontrol>-</defaultcontrol>
    <controls>
        <control type="group" id="1">
            <control type="label">
                <posx>69</posx>
                <posy>-4</posy>
                <width>750</width>
                <height>36</height>
                <label>$LOCALIZE[42200]</label>
                <font>Font-Condensed-S36-B</font>
                <textcolor>C0FFFFFF</textcolor>
                <scroll>false</scroll>
                <align>left</align>
            </control>
            <control type="label">
                <posx>69</posx>
                <posy>27</posy>
                <width>750</width>
                <height>36</height>
                <label>$LOCALIZE[42201]</label>
                <font>Font-Condensed-S28</font>
                <textcolor>80FFFFFF</textcolor>
                <scroll>false</scroll>
                <align>left</align>
            </control>
            <control type="image">
                <description>Icon</description>
                <posx>0</posx>
                <posy>0</posy>
                <width>59</width>
                <height>59</height>
                <texture>overlays/mouse/notsupported.png</texture>
                <animation effect="fade" start="65" end="100" time="500" tween="sine" easing="in" pulse="true" condition="true">Conditional</animation>
            </control>
        </control>
    </controls>
</window>