<?xml version="1.0" encoding="UTF-8"?>
<addon id="skin.xperience1080" version="5.0.610" name="Xperience1080" provider-name="Piers|xhaggi">
	<requires>
		<import addon="xbmc.gui" version="5.10.0" />
		<import addon="service.skin.widgets" version="0.0.29" />
		<import addon="script.artwork.downloader" version="12.0.29" />
		<import addon="script.tv.show.next.aired" version="6.0.13" />
		<import addon="script.globalsearch" version="4.0.2" />
		<import addon="script.favourites" version="6.0.1" />
		<import addon="script.artistslideshow" version="1.8.2" />
		<import addon="script.videolanguage" version="0.1.0" />
		<import addon="script.randomandlastitems" version="2.2.2" />
		<import addon="script.toolbox" version="1.0.1" />
	</requires>
	<extension point="xbmc.gui.skin" effectslowdown="0.80" debugging="false">
		<res width="1920" height="1080" aspect="16:9" default="true" folder="1080i" />
	</extension>
	<extension point="xbmc.addon.metadata">
		<summary lang="en">Clean, modern, and elegant panel-based Skin.</summary>
		<summary lang="de">Aufgeräumtes, modernes, und elegant kachel-basiertes Skin.</summary>
		<description lang="en">Xperience1080 delivers a skin with a focus on graphical quality, smooth animations, and very well integrated functions and Add-ons.</description>
		<description lang="de">Xperience1080 verspricht einen Skin mit hohem Anspruch auf grafische Qualität, flüssigen Animationen und optimal in den Skin integrierten Funktionen und Add-Ons.</description>
		<disclaimer lang="en">Mouse and Touch inputs are not supported.</disclaimer>
		<disclaimer lang="de">Maus und Touch-Eingaben werden nicht unterstützt.</disclaimer>
		<platform>all</platform>
		<license>Creative Commons Attribution-Noncommercial-Share Alike 3.0</license>
		<forum>http://forum.kodi.tv/forumdisplay.php?fid=197</forum>
		<source>https://github.com/vonH/Xperience1080</source>
	</extension>
</addon>
