<?xml version="1.0" encoding="UTF-8"?>
<window>
    <defaultcontrol always="true">9333</defaultcontrol>
    <onload condition="System.HasAddon(script.videolanguage) + !Container.Content(musicvideos)">RunScript(script.videolanguage,movieid=$INFO[ListItem.DBID])</onload>
    <onload>SetProperty(fanart_image,$INFO[ListItem.Art(fanart)],home)</onload>
    <onload condition="Skin.HasSetting(MovieInformation.PlayTrailer)">AlarmClock(PlayTrailer,PlayMedia($INFO[ListItem.Trailer],false,1),00:01,silent)</onload>
    <onload condition="System.HasAddon(script.videoextras)">RunScript(script.videoextras,check,"$INFO[ListItem.FilenameAndPath]")</onload>
    <onunload>ClearProperty(fanart_image,home)</onunload>
    <controls>
        <!-- Movies, TVShows, Seasons, Episodes -->
        <control type="group">
            <visible>!Window.IsVisible(script-ExtendedInfo Script-DialogVideoInfo.xml)</visible>
            <visible>!Window.IsVisible(script-ExtendedInfo Script-DialogInfo.xml)</visible>
            <visible>!Window.IsVisible(fullscreenvideo)</visible>
            <posx>0</posx>
            <posy>0</posy>
            <width>1920</width>
            <height>1080</height>
            <animation type="WindowOpen">
                <effect type="fade" start="0" end="100" time="300" tween="sine" delay="300" easing="out" />
                <effect type="zoom" start="335,125,1440,810" end="0,0,1920,1080" time="400" delay="300" tween="cubic" easing="out" />
            </animation>
            <animation type="WindowClose">
                <effect type="fade" start="100" end="0" time="300" tween="sine" easing="out" />
                <effect type="zoom" start="0,0,1920,1080" end="335,125,1440,810" time="300" tween="cubic" easing="out" />
            </animation>
            <animation type="Visible">
                <effect type="slide" start="-1920" end="0" time="500" delay="0" tween="sine" easing="inout" />
            </animation>
            <animation type="Hidden">
                <effect type="zoom" start="100" end="75" center="640,540" time="250" tween="sine" easing="inout" />
                <effect type="slide" start="0" end="-2320" time="500" delay="0" tween="sine" easing="inout" />
            </animation>

            <visible>!Window.IsActive(script-ExtendedInfo Script-DialogInfo.xml) + [Container.Content(movies) | Container.Content(tvshows) | Container.Content(episodes) | Container.Content(musicvideos)]</visible>

            <!-- Title Label -->
            <control type="group">
                <visible>[!Player.HasMedia | !IsEmpty(Window(10025).Property(PlayingBackgroundMedia))] + !Window.IsActive(infodialog) + !Window.IsActive(extendedprogressdialog)</visible>
                <include>visiblehidefadeinfo</include>
                <control type="grouplist">
                    <posx>87</posx>
                    <posy>51</posy>
                    <width>1490</width>
                    <height>100</height>
                    <aligny>center</aligny>
                    <orientation>horizontal</orientation>
                    <animation effect="fade" start="0" end="100" time="300" tween="sine" delay="300" easing="in">WindowOpen</animation>
                    <visible>Container.Content(tvshows) + !IsEmpty(listitem.mpaa)</visible>
                    <control type="group">
                        <posx>0</posx>
                        <posy>0</posy>
                        <width>130</width>
                        <visible>!IsEmpty(ListItem.MPAA) + Container.Content(TVShows)</visible>
                        <include>TVRatingFlags</include>
                    </control>
                    <control type="label">
                        <posx>0</posx>
                        <posy>0</posy>
                        <height>100</height>
                        <width min="0" max="1360">auto</width>
                        <label>$INFO[ListItem.Title]</label>
                        <font>Font-Condensed-S75</font>
                        <textcolor>aawhite</textcolor>
                        <align>left</align>
                        <scroll>false</scroll>
                    </control>
                </control>

                <!-- Title Label -->            
                <control type="label">
                    <animation effect="fade" start="0" end="100" time="300" tween="sine" delay="300" easing="in">WindowOpen</animation>
                    <posx>118</posx>
                    <posy>51</posy>
                    <width>1490</width>
                    <height>100</height>
                    <label>$INFO[ListItem.Title]</label>
                    <font>Font-Condensed-S75</font>
                    <textcolor>aawhite</textcolor>
                    <align>left</align>
                    <scroll>false</scroll>
                    <visible>!Container.Content(episodes) + ![Container.Content(tvshows) + !IsEmpty(listitem.mpaa)]</visible>
                </control>

                <!-- Title Label -->            
                <control type="label">
                    <animation effect="fade" start="0" end="100" time="300" tween="sine" delay="300" easing="in">WindowOpen</animation>
                    <posx>118</posx>
                    <posy>51</posy>
                    <width>1490</width>
                    <height>100</height>
                    <label>$INFO[ListItem.TVShowTitle]</label>
                    <font>Font-Condensed-S75</font>
                    <textcolor>aawhite</textcolor>
                    <align>left</align>
                    <scroll>false</scroll>
                    <visible>Container.Content(episodes)</visible>
                </control>
            </control>

            <!-- Title Label -->
            <control type="group">
                <visible>[Player.HasMedia + IsEmpty(Window(10025).Property(PlayingBackgroundMedia))] | Window.IsActive(infodialog) | Window.IsActive(extendedprogressdialog)</visible>
                <include>visiblehidefadeinfo</include>
                <control type="grouplist">
                    <posx>87</posx>
                    <posy>51</posy>
                    <width>832</width>
                    <height>100</height>
                    <aligny>center</aligny>
                    <orientation>horizontal</orientation>
                    <animation effect="fade" start="0" end="100" time="300" tween="sine" delay="300" easing="in">WindowOpen</animation>
                    <visible>Container.Content(tvshows) + !IsEmpty(listitem.mpaa)</visible>
                    <control type="group">
                        <posx>0</posx>
                        <posy>0</posy>
                        <width>130</width>
                        <visible>!IsEmpty(ListItem.MPAA) + Container.Content(TVShows)</visible>
                        <include>TVRatingFlags</include>
                    </control>
                    <control type="label">
                        <posx>0</posx>
                        <posy>0</posy>
                        <height>100</height>
                        <width min="0" max="702">auto</width>
                        <label>$INFO[ListItem.Title]</label>
                        <font>Font-Condensed-S75</font>
                        <textcolor>aawhite</textcolor>
                        <align>left</align>
                        <scroll>false</scroll>
                    </control>
                </control>

                <!-- Title Label -->            
                <control type="label">
                    <animation effect="fade" start="0" end="100" time="300" tween="sine" delay="300" easing="in">WindowOpen</animation>
                    <posx>118</posx>
                    <posy>51</posy>
                    <width>832</width>
                    <height>100</height>
                    <label>$INFO[ListItem.Title]</label>
                    <font>Font-Condensed-S75</font>
                    <textcolor>aawhite</textcolor>
                    <align>left</align>
                    <scroll>false</scroll>
                    <visible>!Container.Content(episodes) + ![Container.Content(tvshows) + !IsEmpty(listitem.mpaa)]</visible>
                </control>

                <!-- Title Label -->            
                <control type="label">
                    <animation effect="fade" start="0" end="100" time="300" tween="sine" delay="300" easing="in">WindowOpen</animation>
                    <posx>118</posx>
                    <posy>51</posy>
                    <width>832</width>
                    <height>100</height>
                    <label>$INFO[ListItem.TVShowTitle]</label>
                    <font>Font-Condensed-S75</font>
                    <textcolor>aawhite</textcolor>
                    <align>left</align>
                    <scroll>false</scroll>
                    <visible>Container.Content(episodes)</visible>
                </control>
            </control>

            <!-- Studio / Rating -->
            <control type="group">
                <animation type="Conditional" condition="[Player.HasMedia + IsEmpty(Window(10025).Property(PlayingBackgroundMedia))] | Window.IsActive(busydialog) | Window.IsActive(volumebar) | Window.IsActive(infodialog) | Window.IsActive(extendedprogressdialog)">
                    <effect type="fade" start="100" end="8" tween="sine" easing="out" time="300" /> 
                    <effect type="zoom" start="100" end="50" center="1765,101" tween="sine" easing="inout" time="300" />
                </animation>
                <animation effect="fade" start="0" end="100" time="300" tween="sine" delay="300" easing="in">WindowOpen</animation>
                <control type="image" id="9340">
                    <posx>1659</posx>
                    <posy>41</posy>
                    <width>161</width>
                    <aspectratio align="right" aligny="center">center</aspectratio>
                    <height>120</height>
                    <texture background="true" fallback=".">$INFO[ListItem.Studio,special://skin/extras/studioflags/,.png]</texture>
                    <colordiffuse>aawhite</colordiffuse>
                    <visible>!IsEmpty(ListItem.Studio)</visible>
                </control>
                <control type="label">
                    <animation effect="fade" start="0" end="100" time="300" tween="sine" delay="300" easing="in">WindowOpen</animation>
                    <posx>1820</posx>
                    <posy>51</posy>
                    <width>250</width>
                    <height>100</height>
                    <label>$INFO[ListItem.Rating,, ★]</label>
                    <font>Font-Condensed-S75</font>
                    <textcolor>aawhite</textcolor>
                    <align>right</align>
                    <scroll>false</scroll>
                    <visible>stringcompare(Control.GetLabel(9340),.)</visible>
                    <visible>!IsEmpty(ListItem.Rating)</visible>
                </control>
            </control>

            <control type="grouplist">
                <animation effect="fade" start="0" end="100" time="300" tween="sine" delay="300" easing="in">WindowOpen</animation>
                <animation type="Conditional" condition="Control.HasFocus(1110) | Window.IsActive(3004)">
                    <effect type="slide" start="0" end="510" time="400" delay="0" tween="sine" easing="inout" />
                </animation>
                <animation effect="slide" start="0" end="1441" time="400" tween="sine" easing="inout" condition="!IsEmpty(Window(3004).Property(ChooseArt)) + !StringCompare(Window(3004).Property(ChooseArt),poster) + !StringCompare(Window(3004).Property(ChooseArt),fanart) + !StringCompare(Window(3004).Property(ChooseArt),landscape) + !StringCompare(Window(3004).Property(ChooseArt),banner) + [Window.IsActive(filebrowser) | Window.IsActive(selectdialog) | Window.IsActive(DialogSelect.xml)]">Conditional</animation>
                <animation effect="slide" start="0" end="1485" time="400" tween="sine" easing="inout" condition="!IsEmpty(Window(3004).Property(ChooseArt)) + StringCompare(Window(3004).Property(ChooseArt),poster) + [Window.IsActive(filebrowser) | Window.IsActive(selectdialog) | Window.IsActive(DialogSelect.xml)]">Conditional</animation>
                <animation effect="slide" start="0" end="1239" time="400" tween="sine" easing="inout" condition="!IsEmpty(Window(3004).Property(ChooseArt)) + [StringCompare(Window(3004).Property(ChooseArt),fanart) | StringCompare(Window(3004).Property(ChooseArt),landscape)] + [Window.IsActive(filebrowser) | Window.IsActive(selectdialog) | Window.IsActive(DialogSelect.xml)]">Conditional</animation>
                <animation effect="slide" start="0" end="1701" time="400" tween="sine" easing="inout" condition="!IsEmpty(Window(3004).Property(ChooseArt)) + StringCompare(Window(3004).Property(ChooseArt),banner) + [Window.IsActive(filebrowser) | Window.IsActive(selectdialog) | Window.IsActive(DialogSelect.xml)]">Conditional</animation>
                <posx>65</posx>
                <posy>144</posy>
                <width>1000</width>
                <height>60</height>
                <orientation>horizontal</orientation>
                <itemgap>20</itemgap>
                <usecontrolcoords>true</usecontrolcoords>
                <!-- Left Arrow Label -->
                <control type="label">
                    <posx>0</posx>
                    <posy>0</posy>
                    <width>45</width>
                    <height>60</height>
                    <label>←</label>
                    <font>Font-Condensed-S45</font>
                    <textcolor>eewhite</textcolor>
                    <align>left</align>
                    <scroll>false</scroll>
                    <include>visiblehidefadeinfo</include>
                    <animation effect="fade" start="100" end="0" tween="sine" easing="inout" time="300" condition="Control.HasFocus(1110) | Control.HasFocus(50)| Window.IsActive(3004) | [!IsEmpty(Window(3004).Property(ChooseArt)) + [Window.IsActive(filebrowser) | Window.IsActive(selectdialog) | Window.IsActive(DialogSelect.xml)]]">Conditional</animation>
                </control>
                <!-- Plot Label -->
                <control type="label">
                    <posx>-12</posx>
                    <posy>0</posy>
                    <width min="50" max="400">auto</width>
                    <height>60</height>
                    <label>$LOCALIZE[31319]</label>
                    <font>Font-Condensed-S45</font>
                    <textcolor>eewhite</textcolor>
                    <align>left</align>
                    <scroll>false</scroll>
                    <animation effect="fade" start="100" end="50" time="200" tween="sine" easing="inout" condition="Control.HasFocus(9334) | Control.HasFocus(50) | Control.HasFocus(1110) | Window.IsActive(script-ExtendedInfo Script-DialogInfo.xml) | Window.IsActive(3004) | [!IsEmpty(Window(3004).Property(ChooseArt)) + [Window.IsActive(filebrowser) | Window.IsActive(selectdialog) | Window.IsActive(DialogSelect.xml)]]">Conditional</animation>
                </control>
                <!-- Cast Label -->
                <control type="label">
                    <posx>0</posx>
                    <posy>0</posy>
                    <width min="50" max="400">auto</width>
                    <height>60</height>
                    <label>$VAR[CastLabel]</label>
                    <font>Font-Condensed-S45</font>
                    <textcolor>eewhite</textcolor>
                    <align>left</align>
                    <scroll>false</scroll>  
                    <animation effect="fade" start="100" end="50" time="200" tween="sine" easing="inout" condition="Control.HasFocus(9333) | Control.HasFocus(9335) | Control.HasFocus(1101) | Control.HasFocus(1104) | Control.HasFocus(1105) | Control.HasFocus(1110) | Control.HasFocus(70) | Control.HasFocus(71) | Window.IsActive(script-ExtendedInfo Script-DialogInfo.xml) | [!IsEmpty(Window(3004).Property(ChooseArt)) + [Window.IsActive(filebrowser) | Window.IsActive(selectdialog) | Window.IsActive(DialogSelect.xml)]]">Conditional</animation>
                    <visible>IntegerGreaterThan(Container(50).NumItems,0)</visible>
                </control>
                <!-- Right Arrow Label -->
                <control type="label">
                    <posx>-12</posx>
                    <posy>0</posy>
                    <width>45</width>
                    <height>60</height>
                    <label>→</label>
                    <font>Font-Condensed-S45</font>
                    <textcolor>eewhite</textcolor>
                    <align>left</align>
                    <scroll>false</scroll>
                    <include>visiblehidefadeinfo</include>
                    <animation effect="fade" start="100" end="0" tween="sine" easing="inout" time="300" condition="!Control.HasFocus(50)">Conditional</animation>
                    <visible>System.HasAddon(script.extendedinfo) + !Container.Content(musicvideos)</visible>
                </control>
            </control>

            <!-- Info Stuff -->
            <control type="group">
                <include>FullscreenDimensions</include>
                <visible allowhiddenfocus="true">Control.HasFocus(9333) | Control.HasFocus(9335) | Control.HasFocus(1101) | Control.HasFocus(1104) | Control.HasFocus(1105) | Control.HasFocus(1110) | Control.HasFocus(70) | Control.HasFocus(71) | [!IsEmpty(Window(3004).Property(ChooseArt)) + [Window.IsActive(filebrowser) | Window.IsActive(selectdialog) | Window.IsActive(DialogSelect.xml)]]</visible>
                <include>listEndAnimation</include>
                <animation type="Visible">
                    <effect type="slide" start="-1920" end="0" time="500" delay="0" tween="sine" easing="inout" />
                </animation>
                <animation type="Hidden">
                    <effect type="zoom" start="100" end="75" center="640,540" time="250" tween="sine" easing="inout" />
                    <effect type="slide" start="0" end="-2320" time="500" delay="0" tween="sine" easing="inout" />
                </animation>
                <animation type="Conditional" condition="Control.HasFocus(1110) | Window.IsActive(3004)">
                    <effect type="slide" start="0" end="494" time="400" tween="sine" easing="inout" />
                </animation>
                <animation effect="slide" start="0" end="1441" time="400" tween="sine" easing="inout" condition="!IsEmpty(Window(3004).Property(ChooseArt)) + !StringCompare(Window(3004).Property(ChooseArt),poster) + !StringCompare(Window(3004).Property(ChooseArt),fanart) + !StringCompare(Window(3004).Property(ChooseArt),landscape) + !StringCompare(Window(3004).Property(ChooseArt),banner) + [Window.IsActive(filebrowser) | Window.IsActive(selectdialog) | Window.IsActive(DialogSelect.xml)]">Conditional</animation>
                <animation effect="slide" start="0" end="1485" time="400" tween="sine" easing="inout" condition="!IsEmpty(Window(3004).Property(ChooseArt)) + StringCompare(Window(3004).Property(ChooseArt),poster) + [Window.IsActive(filebrowser) | Window.IsActive(selectdialog) | Window.IsActive(DialogSelect.xml)]">Conditional</animation>
                <animation effect="slide" start="0" end="1239" time="400" tween="sine" easing="inout" condition="!IsEmpty(Window(3004).Property(ChooseArt)) + [StringCompare(Window(3004).Property(ChooseArt),fanart) | StringCompare(Window(3004).Property(ChooseArt),landscape)] + [Window.IsActive(filebrowser) | Window.IsActive(selectdialog) | Window.IsActive(DialogSelect.xml)]">Conditional</animation>
                <animation effect="slide" start="0" end="1701" time="400" tween="sine" easing="inout" condition="!IsEmpty(Window(3004).Property(ChooseArt)) + StringCompare(Window(3004).Property(ChooseArt),banner) + [Window.IsActive(filebrowser) | Window.IsActive(selectdialog) | Window.IsActive(DialogSelect.xml)]">Conditional</animation>

                <!-- Shadow -->                
                <control type="image">
                    <description>Shadow</description>
                    <posx>57</posx>
                    <posy>900</posy>
                    <width>720</width>
                    <height>125</height>
                    <texture>windows/home/item-shadow.png</texture>
                </control>

                <!-- Panel -->
                <control type="image">
                    <posx>98</posx>
                    <posy>573</posy>
                    <width>638</width>
                    <height>335</height>
                    <texture border="3">views/list/panel/panel.png</texture>
                </control>

                <!-- Fanart / Thumb / Overlay -->
                <control type="group">
                    <posx>100</posx>
                    <posy>220</posy>
                    <control type="group">
                        <visible>!Player.HasVideo</visible>
                        <include>visiblehidefadeinfo</include>
                        <control type="image">
                            <posx>0</posx>
                            <posy>0</posy>
                            <width>634</width>
                            <height>355</height>
                            <aspectratio>scale</aspectratio>
                            <texture background="true">$VAR[VideoInfoArt]</texture>
                        </control>
                        <control type="image">
                            <posx>534</posx>
                            <posy>0</posy>
                            <width>100</width>
                            <height>100</height>
                            <texture>$VAR[VideoInfoOverlay]</texture>
                        </control>
                    </control>
                    <control type="group">
                        <visible>Player.HasVideo</visible>
                        <include>visiblehidefadeinfo</include>
                        <control type="image">
                            <description>black</description>
                            <posx>0</posx>
                            <posy>0</posy>
                            <width>634</width>
                            <height>355</height>
                            <texture border="1">windows/common/black.png</texture>
                        </control>
                        <control type="videowindow">
                            <description>video</description>
                            <posx>0</posx>
                            <posy>0</posy>
                            <width>634</width>
                            <height>356</height>
                            <include>visiblehidefadeinfo</include>
                            <visible>Window.IsActive(movieinformation)</visible>
                        </control>
                    </control>
                </control>

                <!-- OSD Back -->
                <control type="image">
                    <posx>324</posx>
                    <posy>500</posy>
                    <width>188</width>
                    <height>59</height>
                    <texture>dialogs/video-info/osd-back.png</texture>
                    <animation effect="fade" start="100" end="0" time="300" tween="sine" easing="inout" condition="![Control.HasFocus(1101) | Control.HasFocus(1104) | Control.HasFocus(1105)]">Conditional</animation>
                    <include>visiblehidefade</include>
                    <visible>Player.HasVideo</visible>
                </control>

                <control type="group" id="9336">
                    <posx>329</posx>
                    <posy>500</posy>
                    <width>177</width>
                    <height>59</height>
                    <animation effect="fade" start="100" end="0" time="300" tween="sine" easing="inout" condition="![Control.HasFocus(1101) | Control.HasFocus(1104) | Control.HasFocus(1105)]">Conditional</animation>
                    <control type="button" id="1101">
                        <posx>0</posx>
                        <posy>0</posy>
                        <width>59</width>
                        <height>59</height>
                        <onleft>1105</onleft>
                        <onright>1104</onright>
                        <onup>9333</onup>
                        <ondown>9333</ondown>
                        <onclick>PlayerControl(Stop)</onclick>
                        <onclick>SetFocus(9333)</onclick>
                        <texturefocus>dialogs/video-info/osd-stop.png</texturefocus>
                        <texturenofocus>dialogs/video-info/osd-stop-nf.png</texturenofocus>
                        <visible>Player.HasVideo</visible>
                        <enable>Player.HasVideo</enable>
                    </control>
                    <control type="togglebutton" id="1104">
                        <posx>59</posx>
                        <posy>0</posy>
                        <width>59</width>
                        <height>59</height>
                        <onleft>1101</onleft>
                        <onright>1105</onright>
                        <onup>9333</onup>
                        <ondown>9333</ondown>
                        <onclick>PlayerControl(Play)</onclick>
                        <texturefocus>dialogs/video-info/osd-play.png</texturefocus>
                        <texturenofocus>dialogs/video-info/osd-play-nf.png</texturenofocus>
                        <alttexturefocus>dialogs/video-info/osd-pause.png</alttexturefocus>
                        <alttexturenofocus>dialogs/video-info/osd-pause-nf.png</alttexturenofocus>
                        <usealttexture>!Player.IsPaused</usealttexture>
                        <visible>Player.HasVideo</visible>
                        <enable>Player.HasVideo</enable>
                    </control>
                    <control type="button" id="1105">
                        <posx>118</posx>
                        <posy>0</posy>
                        <width>59</width>
                        <height>59</height>
                        <onleft>1104</onleft>
                        <onright>1101</onright>
                        <onup>9333</onup>
                        <ondown>9333</ondown>
                        <onclick>Action(fullscreen)</onclick>
                        <texturefocus>dialogs/video-info/osd-fs.png</texturefocus>
                        <texturenofocus>dialogs/video-info/osd-fs-nf.png</texturenofocus>
                        <visible>Player.HasVideo</visible>
                        <enable>Player.HasVideo</enable>
                    </control>
                </control>

                <control type="list" id="9333">
                    <posx>100</posx>
                    <posy>576</posy>
                    <width>634</width>
                    <height>332</height>
                    <onleft>1110</onleft>
                    <onright condition="Control.IsVisible(70)">70</onright>
                    <onright condition="!Control.IsVisible(70) + Control.IsVisible(71)">71</onright>
                    <onright condition="!Control.IsVisible(70) + !Control.IsVisible(71) + !IntegerGreaterThan(Container(50).NumItems,0)">SetProperty(BounceRight,1,Home)</onright>
                    <onright condition="!Control.IsVisible(70) + !Control.IsVisible(71) + IntegerGreaterThan(Container(50).NumItems,0)">SendClick(2003,5)</onright>
                    <onright condition="!Control.IsVisible(70) + !Control.IsVisible(71) + IntegerGreaterThan(Container(50).NumItems,0)">SetFocus(9334)</onright>
                    <onup condition="!Player.HasVideo">9333</onup>
                    <onup condition="Player.HasVideo">9336</onup>
                    <ondown condition="!Player.HasVideo">9333</ondown>
                    <ondown condition="Player.HasVideo">9336</ondown>
                    <scrolltime>0</scrolltime>
                    <orientation>vertical</orientation>
                    <itemlayout height="83">
                        <control type="image">
                            <posx>0</posx>
                            <posy>0</posy>
                            <width>634</width>
                            <height>84</height>
                            <texture border="90,3,90,3">views/list/other/separator.png</texture>
                        </control>
                        <control type="label">
                            <posx>30</posx>
                            <posy>0</posy>
                            <width>574</width>
                            <height>82</height>
                            <font>Font-Condensed-S40</font>
                            <label>$INFO[ListItem.Label]</label>
                            <textcolor>eewhite</textcolor>
                            <shadowcolor>33000000</shadowcolor>
                            <animation effect="fade" start="100" end="50" time="0" condition="true">Conditional</animation>
                        </control>
                    </itemlayout>
                    <focusedlayout height="83">
                        <control type="image">
                            <posx>0</posx>
                            <posy>0</posy>
                            <width>634</width>
                            <height>84</height>
                            <texture border="90,3,90,3">views/list/other/separator.png</texture>
                        </control>
                        <control type="image">
                            <posx>0</posx>
                            <posy>0</posy>
                            <width>634</width>
                            <height>82</height>
                            <texture border="150,1,150,1">views/other/focus.png</texture>
                            <animation effect="slide" start="0,83" end="0,0" time="300" reversible="false" tween="back" easing="out" condition="Container(9333).OnPrevious">Focus</animation>
                            <animation effect="slide" start="0,-83" end="0,0" time="300" reversible="false" tween="back" easing="out" condition="Container(9333).OnNext">Focus</animation>
                            <include>visiblehidefadeinfo</include>
                            <visible>Control.HasFocus(9333)</visible>
                        </control>
                        <control type="label">
                            <posx>30</posx>
                            <posy>0</posy>
                            <width>574</width>
                            <height>82</height>
                            <font>Font-Condensed-S40</font>
                            <label>$INFO[ListItem.Label]</label>
                            <textcolor>eewhite</textcolor>
                            <shadowcolor>33000000</shadowcolor>
                            <animation effect="fade" start="50" end="100" time="300" tween="sine" easing="inout" reversible="false" condition="Container(9333).OnNext | Container(9333).OnPrevious">Focus</animation>
                            <animation effect="fade" start="100" end="50" time="300" tween="sine" easing="inout" condition="!Control.HasFocus(9333)">Conditional</animation>
                        </control>
                    </focusedlayout>
                    <content>
                        <item id="1">
                            <description>Play</description>
                            <label>$LOCALIZE[31315]</label>
                            <onclick>SendClick(2003,8)</onclick>
                            <visible>Container.Content(files) | Container.Content(songs) | Container.Content(episodes) | [Container.Content(movies) + !System.HasAddon(script.cinema.experience)]</visible>
                        </item>
                        <item id="2">
                            <description>Play</description>
                            <label>$LOCALIZE[502]</label>
                            <onclick>SendClick(2003,8)</onclick>
                            <visible>Container.Content(seasons) | Container.Content(tvshows)</visible>
                        </item>
                        <item id="3">
                            <description>Playback Options</description>
                            <label>$LOCALIZE[14086]</label>
                            <onclick>SetProperty(Dialog.1.Label,$LOCALIZE[31315])</onclick>
                            <onclick>SetProperty(Dialog.1.BuiltIn,SendClick(2003,8))</onclick>
                            <onclick>SetProperty(Dialog.2.Label,$LOCALIZE[31001])</onclick>
                            <onclick>SetProperty(Dialog.2.BuiltIn,RunScript(script.cinema.experience,movieid=$INFO[ListItem.DBID])||Dialog.Close(MovieInformation))</onclick>
                            <onclick>RunScript(script.toolbox,info=selectdialog,header=$LOCALIZE[14086])</onclick>                       
                            <visible>System.HasAddon(script.cinema.experience) + Container.Content(movies)</visible>
                        </item>
                        <item id="4">
                            <label>$LOCALIZE[20410]</label>
                            <onclick condition="!Skin.HasSetting(PlayTrailer.Minimized)">PreviousMenu</onclick>
                            <onclick condition="!Skin.HasSetting(PlayTrailer.Minimized)">PlayMedia($INFO[ListItem.Trailer])</onclick>
                            <onclick condition="Skin.HasSetting(PlayTrailer.Minimized)">PlayMedia($INFO[ListItem.Trailer],false,1)</onclick>
                            <visible>!IsEmpty(ListItem.Trailer)</visible>
                        </item>
                        <item id="5">
                            <description>Get Artwork</description>
                            <label>$LOCALIZE[13511]</label>
                            <onclick>ActivateWindow(3004)</onclick>
                            <visible>[Container.Content(movies) | Container.Content(tvshows)] + !Container.Content(musicvideos)</visible>
                        </item>
                        <item id="6">
                            <description>Get Artwork</description>
                            <label>$LOCALIZE[13511]</label>
                            <onclick>SetProperty(ChooseArt,1,3004)</onclick>
                            <onclick>SendClick(2003,10)</onclick>
                            <visible>Container.Content(musicvideos)</visible>
                        </item>
                        <item id="7">
                            <description>Get theme</description>
                            <label>$LOCALIZE[31333]</label>
                            <onclick>RunScript(script.tvtunes,mode=solo&amp;tvpath=$INFO[ListItem.FilenameAndPath]&amp;tvname=$INFO[ListItem.TVShowTitle])</onclick>
                            <visible>[Container.Content(TVShows) | Container.Content(Seasons)] + System.HasAddon(script.tvtunes)</visible>
                        </item>                        
                        <item id="8">
                            <description>Refresh</description>
                            <label>$LOCALIZE[31307]</label>
                            <onclick>SendClick(2003,6)</onclick>
                        </item>
                        <item id="9">
                            <description>Video Extras</description>
                            <label>$LOCALIZE[31022]</label>
                            <onclick>RunScript(script.videoextras,display,"$INFO[ListItem.FilenameAndPath]")</onclick>
                            <visible>System.HasAddon(script.videoextras) + [Container.Content(movies) | Container.Content(episodes) | Container.Content(TVShows) | Container.Content(musicvideos)] + IsEmpty(Window(movieinformation).Property("HideVideoExtrasButton"))</visible>
                        </item>  
                        <item id="8">
                            <description>User Rating</description>
                            <label>$LOCALIZE[38023]</label>
                            <onclick>SendClick(2003,7)</onclick>
                        </item>                      
                    </content>
                </control>

                <!-- Language flags -->
                <control type="grouplist">
                    <animation effect="fade" start="100" end="50" time="300" tween="sine" easing="inout" condition="!Control.HasFocus(9333) | !Container(9333).HasFocus(1)">Conditional</animation>
                    <posx>415</posx>
                    <posy>593</posy>
                    <width>290</width>
                    <height>48</height>
                    <align>right</align>
                    <itemgap>10</itemgap>
                    <orientation>horizontal</orientation>
                    <visible>Container.Content(movies) | Container.Content(episodes)</visible>
                    <control type="image">
                        <width>48</width>
                        <height>48</height>
                        <aspectratio>center</aspectratio>
                        <texture>$INFO[Window.Property(AudioLanguage.1),flags/language/,.png]</texture>
                        <include>visiblehidefadeflags</include>
                        <visible>!IsEmpty(Window.Property(AudioLanguage.1))</visible>
                    </control>
                    <control type="image">
                        <width>48</width>
                        <height>48</height>
                        <aspectratio>center</aspectratio>
                        <texture>$INFO[Window.Property(AudioLanguage.2),flags/language/,.png]</texture>
                        <include>visiblehidefadeflags</include>
                        <visible>!IsEmpty(Window.Property(AudioLanguage.2))</visible>
                    </control>
                    <control type="image">
                        <width>48</width>
                        <height>48</height>
                        <aspectratio>center</aspectratio>
                        <texture>$INFO[Window.Property(AudioLanguage.3),flags/language/,.png]</texture>
                        <include>visiblehidefadeflags</include>
                        <visible>!IsEmpty(Window.Property(AudioLanguage.3))</visible>
                    </control>
                    <control type="image">
                        <width>48</width>
                        <height>48</height>
                        <aspectratio>center</aspectratio>
                        <texture>$INFO[Window.Property(AudioLanguage.4),flags/language/,.png]</texture>
                        <include>visiblehidefadeflags</include>
                        <visible>!IsEmpty(Window.Property(AudioLanguage.4))</visible>
                    </control>
                    <control type="image">
                        <width>48</width>
                        <height>48</height>
                        <aspectratio>center</aspectratio>
                        <texture>$INFO[Window.Property(AudioLanguage.5),flags/language/,.png]</texture>
                        <include>visiblehidefadeflags</include>
                        <visible>!IsEmpty(Window.Property(AudioLanguage.5))</visible>
                    </control>
                </control>

                <!-- Info -->
                <control type="grouplist">
                    <animation effect="fade" start="0" end="100" time="300" tween="sine" delay="300" easing="in">WindowOpen</animation>
                    <animation effect="fade" start="0" end="100" time="300" tween="sine" delay="500" easing="in">Visible</animation>
                    <animation effect="fade" start="100" end="0" time="300" tween="sine" delay="500" easing="out">Hidden</animation>
                    <posx>760</posx>
                    <posy>245</posy>
                    <width>1054</width>
                    <height>700</height>
                    <orientation>vertical</orientation>
                    <usecontrolcoords>true</usecontrolcoords>
                    <control type="group">
                        <posx>10</posx>
                        <width>1044</width>
                        <height>70</height>
                        <control type="label">
                            <width min="0" max="1044">auto</width>
                            <height>70</height>
                            <font>Font-Condensed-S45</font>
                            <align>left</align>
                            <label>$VAR[VideoInfoTitleLabel]</label>
                            <textcolor>eewhite</textcolor>
                            <scroll>false</scroll>
                            <visible>!Container.Content(episodes)</visible>
                        </control>
                        <control type="label">
                            <width min="0" max="1044">auto</width>
                            <height>70</height>
                            <font>Font-Condensed-S45</font>
                            <align>left</align>
                            <label>$INFO[ListItem.Season,,x]$INFO[ListItem.Episode,,. ]$INFO[ListItem.Title]</label>
                            <textcolor>eewhite</textcolor>
                            <scroll>false</scroll>
                            <visible>Container.Content(episodes)</visible>
                        </control>
                    </control>
                    <control type="group">
                        <width>1044</width>
                        <height>40</height>
                        <visible>!Container.Content(TVShows)</visible>
                        <!-- Year | Runtime -->
                        <control type="label">
                            <visible>Container.Content(episodes)</visible>  
                            <posx>8</posx>
                            <posy>0</posy>
                            <width>1044</width>
                            <height>36</height>
                            <font>Font-Condensed-S34</font>
                            <align>left</align>
                            <label>$INFO[ListItem.Premiered,, • ]$INFO[ListItem.Duration,, $LOCALIZE[12391]]$INFO[ListItem.RatingAndVotes, • ★ ,]</label>
                            <textcolor>aawhite</textcolor>
                            <scroll>false</scroll>
                        </control>
                        <control type="label">
                            <visible>!Container.Content(episodes)</visible> 
                            <posx>8</posx>
                            <posy>0</posy>
                            <width>1044</width>
                            <height>36</height>
                            <font>Font-Condensed-S34</font>
                            <align>left</align>
                            <label>$INFO[ListItem.Year,, • ]$INFO[ListItem.Duration,, $LOCALIZE[12391]]$INFO[ListItem.RatingAndVotes, • ★ ,]</label>
                            <textcolor>aawhite</textcolor>
                            <scroll>false</scroll>
                        </control>                      
                    </control>
                    <control type="group">
                        <width>1044</width>
                        <height>40</height>
                        <visible>Container.Content(TVShows) + !IsEmpty(ListItem.Premiered)</visible>
                        <!-- Premiered -->
                        <control type="label">
                            <posx>8</posx>
                            <posy>0</posy>
                            <width>1044</width>
                            <height>36</height>
                            <font>Font-Condensed-S34</font>
                            <align>left</align>
                            <label>$INFO[ListItem.Premiered,$LOCALIZE[31314],]$INFO[ListItem.RatingAndVotes, • ★ ,]</label>
                            <textcolor>aawhite</textcolor>
                            <scroll>false</scroll>
                        </control>
                    </control>
                    <control type="group">
                        <width>1044</width>
                        <height>40</height>
                        <visible>Container.Content(musicvideos) + !IsEmpty(ListItem.Artist)</visible>
                        <!-- Artist -->
                        <control type="label">
                            <posx>8</posx>
                            <posy>0</posy>
                            <width>1044</width>
                            <height>36</height>
                            <font>Font-Condensed-S34</font>
                            <align>left</align>
                            <label>$INFO[ListItem.Artist]</label>
                            <textcolor>aawhite</textcolor>
                            <scroll>false</scroll>
                        </control>
                    </control>
                    <control type="group">
                        <width>1044</width>
                        <height>40</height>
                        <visible>Container.Content(musicvideos) + !IsEmpty(ListItem.Album)</visible>
                        <!-- Album -->
                        <control type="label">
                            <posx>8</posx>
                            <posy>0</posy>
                            <width>1044</width>
                            <height>36</height>
                            <font>Font-Condensed-S34</font>
                            <align>left</align>
                            <label>$INFO[ListItem.Album]</label>
                            <textcolor>aawhite</textcolor>
                            <scroll>false</scroll>
                        </control>
                    </control>
                    <control type="group">
                        <!-- Genre -->
                        <width>1044</width>
                        <height>40</height>
                        <visible>!IsEmpty(ListItem.Genre) + !Container.Content(tvshows) + !Container.Content(musicvideos)</visible>
                        <control type="image">
                            <posx>0</posx>
                            <posy>-6</posy>
                            <width>49</width>
                            <height>49</height>
                            <texture>views/other/genre-icon.png</texture>
                        </control>
                        <control type="label">
                            <posx>50</posx>
                            <posy>0</posy>
                            <width>1002</width>
                            <height>36</height>
                            <font>Font-Condensed-S34</font>
                            <align>left</align>
                            <label>$INFO[ListItem.Genre]</label>
                            <textcolor>aawhite</textcolor>
                            <scroll>false</scroll>
                        </control>
                    </control>
                    <control type="group">
                        <!-- Genre -->
                        <width>1044</width>
                        <height>40</height>
                        <visible>!IsEmpty(ListItem.Genre) + [Container.Content(tvshows) | Container.Content(musicvideos)]</visible>
                        <control type="label">
                            <posx>8</posx>
                            <posy>0</posy>
                            <width>1044</width>
                            <height>36</height>
                            <font>Font-Condensed-S34</font>
                            <align>left</align>
                            <label>$INFO[ListItem.Genre]</label>
                            <textcolor>aawhite</textcolor>
                            <scroll>false</scroll>
                        </control>
                    </control>
                    <control type="group">
                        <width>1044</width>
                        <height>40</height>
                        <visible>Container.Content(TVShows) + !IsEmpty(Window(Home).Property(NextAired.Status))</visible>
                        <!-- Studio -->
                        <control type="label">
                            <posx>8</posx>
                            <posy>0</posy>
                            <width>1044</width>
                            <height>36</height>
                            <font>Font-Condensed-S34</font>
                            <align>left</align>
                            <label>$INFO[Window(Home).Property(NextAired.Status)]</label>
                            <textcolor>aawhite</textcolor>
                            <scroll>false</scroll>
                        </control>
                    </control>
                    <control type="group">
                        <width>1044</width>
                        <height>40</height>
                        <visible>Container.Content(TVShows) + !IsEmpty(Window(Home).Property(NextAired.NextDate))</visible>
                        <!-- Studio -->
                        <control type="label">
                            <posx>8</posx>
                            <posy>0</posy>
                            <width>1044</width>
                            <height>36</height>
                            <font>Font-Condensed-S34</font>
                            <align>left</align>
                            <label>$INFO[Window(Home).Property(NextAired.NextNumber),→ ,]$INFO[Window(Home).Property(NextAired.NextTitle), ,]$INFO[Window(Home).Property(NextAired.NextDate), (,)]</label>
                            <textcolor>ddwhite</textcolor>
                            <scroll>false</scroll>
                        </control>
                    </control>
                    <control type="group">
                        <!-- Director -->
                        <width>1044</width>
                        <height>40</height>
                        <visible>!Container.Content(tvshows) + !IsEmpty(ListItem.Director)</visible>
                        <control type="image">
                            <posx>0</posx>
                            <posy>-6</posy>
                            <width>49</width>
                            <height>49</height>
                            <texture>views/other/director-icon.png</texture>
                        </control>
                        <control type="button" id="71">
                            <posx>50</posx>
                            <posy>0</posy>
                            <width>1002</width>
                            <height>36</height>
                            <font>Font-Condensed-S34</font>
                            <align>left</align>
                            <label>$INFO[ListItem.Director]</label>
                            <textcolor>eewhite</textcolor>
                            <focusedcolor>eewhite</focusedcolor>
                            <onup>70</onup>
                            <ondown>70</ondown>                  
                            <onleft>9333</onleft>
                            <onright condition="!IntegerGreaterThan(Container(50).NumItems,0)">SetProperty(BounceRight,1,Home)</onright>
                            <onright condition="IntegerGreaterThan(Container(50).NumItems,0)">SendClick(2003,5)</onright>
                            <onright condition="IntegerGreaterThan(Container(50).NumItems,0)">SetFocus(9334)</onright>
                            <onclick>SendClick(2003,13)</onclick>
                            <animation effect="fade" start="100" end="71.5" time="300" tween="sine" easing="inout" condition="!Control.HasFocus(71)">Conditional</animation>
                            <visible>!IsEmpty(ListItem.Director)</visible>
                        </control>
                    </control>
                    <control type="group">
                        <!-- Writer -->
                        <width>1044</width>
                        <height>59</height>
                        <visible>!Container.Content(tvshows) + !IsEmpty(ListItem.Writer)</visible>
                        <control type="image">
                            <posx>0</posx>
                            <posy>-5</posy>
                            <width>49</width>
                            <height>49</height>
                            <texture>views/other/writer-icon.png</texture>
                        </control>
                        <control type="label">
                            <posx>50</posx>
                            <posy>0</posy>
                            <width>1002</width>
                            <height>36</height>
                            <font>Font-Condensed-S34</font>
                            <align>left</align>
                            <label>$INFO[ListItem.Writer]</label>
                            <textcolor>aawhite</textcolor>
                            <scroll>false</scroll>
                        </control>
                    </control>
                    <control type="grouplist">
                        <width>1044</width>
                        <height>40</height>
                        <visible>Container.Content(TVShows) + ![IsEmpty(ListItem.Property(TotalSeasons)) + IsEmpty(ListItem.Property(TotalEpisodes)) + IsEmpty(ListItem.Property(unWatchedepisodes)) + !IntegerGreaterThan(ListItem.Property(unWatchedepisodes),0)]</visible>
                        <!-- Episodes -->
                        <orientation>horizontal</orientation>
                        <itemgap>0</itemgap>
                        <usecontrolcoords>true</usecontrolcoords>
                        <control type="label">
                            <posx>8</posx>
                            <posy>0</posy>
                            <width min="0" max="225">auto</width>
                            <height>36</height>
                            <font>Font-Condensed-S34</font>
                            <align>left</align>
                            <label>$INFO[ListItem.Property(TotalSeasons),$LOCALIZE[33054]: , • ]</label>
                            <textcolor>aawhite</textcolor>
                            <scroll>false</scroll>
                        </control>
                        <control type="label">
                            <posx>0</posx>
                            <posy>0</posy>
                            <width min="0" max="275">auto</width>
                            <height>36</height>
                            <font>Font-Condensed-S34</font>
                            <align>left</align>
                            <label>$INFO[ListItem.Property(TotalEpisodes),$LOCALIZE[31813]: ,]</label>
                            <textcolor>aawhite</textcolor>
                            <scroll>false</scroll>
                        </control>
                        <control type="label">
                            <posx>0</posx>

                            <posy>0</posy>
                            <width min="0" max="544">auto</width>
                            <height>36</height>
                            <font>Font-Condensed-S34</font>
                            <align>left</align>
                            <label>$INFO[ListItem.Property(unWatchedepisodes), • $LOCALIZE[31311],]</label>
                            <textcolor>aawhite</textcolor>
                            <scroll>false</scroll>
                            <visible>IntegerGreaterThan(ListItem.Property(unWatchedepisodes),0)</visible>
                        </control>
                    </control>
                </control>

                <!-- Flags -->
                <control type="grouplist">
                    <posx>760</posx>
                    <posy>519</posy>
                    <width>783</width>
                    <height>60</height>
                    <align>left</align>
                    <itemgap>-9</itemgap>
                    <orientation>horizontal</orientation>
                    <visible>!Container.Content(tvshows)</visible>
                    <animation effect="fade" start="0" end="100" time="300" tween="sine" delay="300" easing="in">WindowOpen</animation>
                    <animation effect="fade" start="0" end="100" time="300" tween="sine" delay="500" easing="in">Visible</animation>
                    <animation effect="fade" start="100" end="0" time="300" tween="sine" delay="500" easing="out">Hidden</animation>
                    <include>InfoFlags</include>
                </control>

                <!-- Plot -->
                <control type="group">
                    <animation effect="fade" start="0" end="100" time="300" tween="sine" delay="300" easing="in">WindowOpen</animation>
                    <animation effect="fade" start="0" end="100" time="300" tween="sine" delay="500" easing="in">Visible</animation>
                    <animation effect="fade" start="100" end="0" time="300" tween="sine" delay="500" easing="out">Hidden</animation>
                    <posx>770</posx>
                    <posy>590</posy>
                    <width>1045</width>
                    <height>60</height>
                    <control type="textbox">
                        <posx>0</posx>
                        <posy>0</posy>
                        <width>1045</width>
                        <height>270</height>
                        <label>$INFO[ListItem.Plot]</label>
                        <textcolor>bbwhite</textcolor>
                        <align>justify</align>
                        <font>Font-Condensed-S40</font>
                        <autoscroll time="2000" delay="10000" repeat="10000">Window.IsActive(movieinformation) + !Control.HasFocus(70) + [Control.HasFocus(9333) | Control.HasFocus(71) | ControlGroup(9336).HasFocus] + !Window.IsActive(3004) + !Skin.HasSetting(AutoScroll.Disable)</autoscroll>
                        <pagecontrol>70</pagecontrol>
                    </control>
                    <!-- Scrollbar -->
                    <control type="image">
                        <description>Scrollbar background</description>
                        <posx>1065</posx>
                        <posy>15</posy>
                        <width>6</width>
                        <height>244</height>
                        <texture border="1">views/other/scrollbar-sq.png</texture>
                        <visible>Control.IsVisible(70)</visible>
                        <animation effect="fade" start="25" end="10" time="300" tween="sine" easing="inout" condition="!Control.HasFocus(70)">Conditional</animation>
                    </control>
                    <control type="scrollbar" id="70">
                        <description>Scrollbar</description>
                        <posx>1065</posx>
                        <posy>15</posy>
                        <width>6</width>
                        <height>244</height>
                        <onup>71</onup>
                        <ondown>71</ondown>                  
                        <onleft>9333</onleft>
                        <onright condition="!IntegerGreaterThan(Container(50).NumItems,0)">SetProperty(BounceRight,1,Home)</onright>
                        <onright condition="IntegerGreaterThan(Container(50).NumItems,0)">SendClick(2003,5)</onright>
                        <onright condition="IntegerGreaterThan(Container(50).NumItems,0)">SetFocus(9334)</onright>
                        <texturesliderbar border="1">views/other/scrollbar-sq.png</texturesliderbar>
                        <texturesliderbarfocus border="1">views/other/scrollbar-sq.png</texturesliderbarfocus>
                        <orientation>vertical</orientation>
                        <showonepage>false</showonepage>
                        <animation effect="fade" start="80" end="35" time="300" tween="sine" easing="inout" condition="!Control.HasFocus(70)">Conditional</animation>
                        <visible>!IsEmpty(ListItem.Plot)</visible>
                    </control>
                </control>          
            </control>

            <!-- Cast Stuff -->
            <control type="group">
                <include>FullscreenDimensions</include>
                <include>listEndAnimation</include>
                <visible allowhiddenfocus="true">Control.HasFocus(9334) | Control.HasFocus(50)</visible>
                <animation type="Visible">
                    <effect type="slide" start="1920" end="0" time="500" delay="0" tween="sine" easing="inout" />
                </animation>
                <animation type="Hidden">
                    <effect type="zoom" start="100" end="75" center="640,540" time="250" tween="sine" easing="inout" />
                    <effect type="slide" end="2320" time="500" delay="0" tween="sine" easing="inout" />
                </animation>

                <control type="group">

                    <control type="button" id="9334">
                        <onfocus>Action(left)</onfocus>
                        <onleft>50</onleft>
                    </control>

                    <control type="list" id="50">
                        <posx>118</posx>
                        <posy>234</posy>
                        <width>1180</width>
                        <height>660</height>
                        <onleft>SetFocus(9335)</onleft>
                        <onright condition="[!System.HasAddon(script.extendedinfo) | Container.Content(musicvideos)] + !Window.IsVisible(3009)">SetProperty(BounceRight,1,Home)</onright>
                        <onright condition="System.HasAddon(script.extendedinfo) + !Container.Content(musicvideos)">RunScript(script.extendedinfo,info=extendedactorinfo,name=$INFO[Container(50).ListItem.Label])</onright>
                        <onup>50</onup>
                        <ondown>50</ondown>
                        <pagecontrol>151</pagecontrol>
                        <scrolltime tween="cubic" easing="out">500</scrolltime>
                        <orientation>vertical</orientation>
                        <viewtype label="actor list">list</viewtype>
                        <itemlayout height="60">
                            <control type="label">
                                <posx>0</posx>
                                <posy>0</posy>
                                <width>1190</width>
                                <height>60</height>
                                <label>$INFO[ListItem.Label]$INFO[ListItem.Label2, $LOCALIZE[20347] ,]</label>
                                <font>Font-Condensed-S40</font>
                                <textcolor>aawhite</textcolor>
                                <selectedcolor>white</selectedcolor>
                                <align>left</align>
                                <aligny>center</aligny>
                                <scroll>false</scroll>
                            </control>  
                        </itemlayout>
                        <focusedlayout height="60">
                            <control type="label">
                                <posx>0</posx>
                                <posy>0</posy>
                                <width>1190</width>
                                <height>60</height>
                                <label>$INFO[ListItem.Label]$INFO[ListItem.Label2, $LOCALIZE[20347] ,]</label>
                                <textcolor>eewhite</textcolor>
                                <font>Font-Condensed-S40</font>
                                <align>left</align>
                                <aligny>center</aligny>
                            </control>  
                        </focusedlayout>
                    </control>

                    <control type="image">
                        <description>Scrollbar background</description>
                        <posx>1340</posx>
                        <posy>220</posy>
                        <width>6</width>
                        <height>687</height>
                        <texture border="1">views/other/scrollbar-sq.png</texture>
                        <visible>Control.IsVisible(151)</visible>
                        <animation effect="fade" start="25" end="10" time="300" tween="sine" easing="inout" condition="!Control.HasFocus(151)">Conditional</animation>
                    </control>
                    <control type="scrollbar" id="151">
                        <description>Scrollbar</description>
                        <posx>1340</posx>
                        <posy>220</posy>
                        <width>6</width>
                        <height>687</height>                    
                        <texturesliderbar border="1">views/other/scrollbar-sq.png</texturesliderbar>
                        <texturesliderbarfocus border="1">views/other/scrollbar-sq.png</texturesliderbarfocus>
                        <orientation>vertical</orientation>
                        <showonepage>false</showonepage>
                        <animation effect="fade" start="80" end="35" time="300" tween="sine" easing="inout" condition="!Control.HasFocus(151)">Conditional</animation>
                    </control>

                    <control type="image">
                        <description>Actor image</description>
                        <posx>1362</posx>
                        <posy>220</posy>
                        <width>458</width>
                        <height>687</height>
                        <texture background="true">$INFO[Container(50).ListItem.Art(thumb)]</texture>
                        <fadetime>300</fadetime>
                        <aspectratio>scale</aspectratio>
                    </control>
                    <control type="image">
                        <description>Shadow</description>
                        <posx>1319</posx>
                        <posy>900</posy>
                        <width>544</width>
                        <height>125</height>
                        <texture>windows/home/item-shadow.png</texture>
                        <visible>!IsEmpty(Container(50).ListItem.Art(thumb))</visible>
                        <include>visiblehidefadeinfo</include>
                    </control>

                </control>

            </control>

            <control type="group">
                <visible>Control.HasFocus(1110)</visible>
                <animation type="Visible">
                    <effect type="fade" start="50" end="100" time="400"  tween="sine" easing="inout" />
                    <effect type="slide" start="-650" end="0" time="400" tween="sine" easing="inout" />
                </animation>
                <animation type="Hidden">
                    <effect type="slide" start="0" end="-650" time="400" tween="sine" easing="inout" />
                </animation>
                <control type="label">
                    <posx>118</posx>
                    <posy>144</posy>
                    <width>200</width>
                    <height>60</height>
                    <label>$LOCALIZE[21371]</label>
                    <font>Font-Condensed-S45</font>
                    <textcolor>eewhite</textcolor>
                    <align>left</align>
                    <scroll>false</scroll>
                </control>
                <control type="image">
                    <description>Cover</description>
                    <posx>100</posx>
                    <posy>220</posy>
                    <width>458</width>
                    <height>687</height>
                    <texture background="true">$VAR[VideoInfoThumb]</texture>
                    <include>listEndAnimation</include>
                    <aspectratio>scale</aspectratio>
                </control>
                <control type="image">
                    <description>Shadow</description>
                    <posx>57</posx>
                    <posy>900</posy>
                    <width>544</width>
                    <height>125</height>
                    <texture>windows/home/item-shadow.png</texture>
                    <include>listEndAnimation</include>
                </control>
            </control>

        </control>

        <!-- Invisible Buttons -->
        <control type="button" id="5">
            <description>Cast/Crew</description>
            <visible>false</visible>
        </control>

        <control type="button" id="7">
            <description>User rating button</description>
            <visible>false</visible>
        </control>

        <control type="button" id="8">
            <description>Play</description>
            <visible>false</visible>
        </control>

        <control type="button" id="10">
            <description>Get Thumb</description>
            <visible>false</visible>
        </control>

        <control type="button" id="6">
            <description>Refresh</description>
            <visible>false</visible>
        </control>

        <control type="button" id="13">
            <description>Show director movies</description>
            <visible>false</visible>
        </control>

        <control type="button" id="1110">
            <onleft condition="!Window.IsVisible(3008)">SetProperty(BounceLeft,1,Home)</onleft>
            <onright>9333</onright>
        </control>

        <control type="button" id="9335">
            <onfocus>SendClick(2003,5)</onfocus>
            <onfocus>SetFocus(9333)</onfocus>
            <animation effect="fade" start="0" end="100" time="0" delay="725">Focus</animation>
        </control>

        <include>FadeBackgroundMovieInfo</include>
    </controls>
</window>