<?xml version="1.0" encoding="UTF-8"?>
<window id="600">
    <defaultcontrol always="true">50</defaultcontrol>
    <allowoverlay>no</allowoverlay>
    <views>10,11,12,13</views>
    <controls>
        <include>CommonPVRItems</include>
        <include>PVRHeader</include>
        
        <control type="group">
            <posx>0</posx>
            <animation type="WindowClose">
                <effect type="fade" start="100" end="0" time="300" tween="sine" easing="out" />
                <effect type="zoom" start="100" end="85" time="300" center="960,600" tween="sine" easing="out" />
            </animation>
            
            <include>PVRMenu</include>
            
            <control type="group" id="50">
                <include>Viewtype-EPGTimeline</include>
                <include>Viewtype-TVGuideNow</include>
                <include>Viewtype-TVGuideNext</include>
                <include>Viewtype-TVGuideChannelView</include>
            </control>
        </control>
        <include>Common-Info</include>
        <include>PVROptionsMenu</include>
        <include>PVRScrollbarVisiblityControl</include>
    </controls>
</window>
