<?xml version="1.0" encoding="UTF-8"?>
<window>
    <include condition="!Skin.HasSetting(OSDDefaultSubtitleButton.Enabled) + !VideoPlayer.Content(LiveTV)">OSDDefaultControlPlay</include>
    <include condition="Skin.HasSetting(OSDDefaultSubtitleButton.Enabled) + !VideoPlayer.Content(LiveTV)">OSDDefaultControlSubtitles</include>
    <include condition="VideoPlayer.Content(LiveTV)">OSDDefaultControlLiveTV</include>
    <allowoverlay>yes</allowoverlay>
    <zorder>2</zorder>
    <controls>
        <control type="group">
            <visible>!Window.IsVisible(sliderdialog)</visible>
            <animation type="WindowOpen" condition="Player.Seeking | Player.DisplayAfterSeek | Player.Paused | Player.Forwarding | Player.Rewinding">
                <effect type="fade" start="0" end="100" time="175" tween="sine" easing="inout" delay="100" />
                <effect type="slide" start="0,70" end="0,0" time="275" tween="cubic" easing="inout" />
            </animation>
            <animation type="WindowOpen" condition="![Player.Seeking | Player.DisplayAfterSeek | Player.Paused | Player.Forwarding | Player.Rewinding]">
                <effect type="fade" start="0" end="100" time="200" tween="sine" easing="inout" />
                <effect type="slide" start="0,85" end="0,0" time="300" tween="cubic" easing="out" />
            </animation>
            <animation type="WindowClose" condition="Player.Seeking | Player.DisplayAfterSeek | Player.Paused | Player.Forwarding | Player.Rewinding">
                <effect type="fade" start="100" end="0" time="200" tween="sine" easing="out" />
                <effect type="slide" start="0,0" end="0,70" time="300" tween="cubic" easing="inout" />
            </animation>
            <animation type="WindowClose" condition="![Player.Seeking | Player.DisplayAfterSeek | Player.Paused | Player.Forwarding | Player.Rewinding]">
                <effect type="fade" start="100" end="0" time="200" tween="sine" easing="in" />
                <effect type="slide" start="0,0" end="0,85" time="300" tween="sine" easing="in" />
            </animation>
            <animation type="Visible">
                <effect type="fade" start="0" end="100" time="175" tween="sine" easing="inout" delay="100" />
                <effect type="slide" start="0,70" end="0,0" time="275" tween="cubic" easing="inout" />
            </animation>
            <animation type="Hidden">
                <effect type="fade" start="100" end="0" time="200" tween="sine" easing="out" />
                <effect type="slide" start="0,0" end="0,70" time="300" tween="cubic" easing="inout" />
            </animation>
            <animation effect="slide" start="0,0" end="0,-62" time="300" tween="cubic" easing="inout" condition="Player.Seeking | Player.DisplayAfterSeek | Player.Paused | Player.Forwarding | Player.Rewinding">Conditional</animation>
            <control type="group">
                <!-- control buttons -->
                <posx>0</posx>
                <posy>989</posy>
                <control type="button" id="11">
                    <description>Audio Settings</description>
                    <posx>385</posx>
                    <height>100</height>
                    <width>100</width>
                    <texturefocus>osd/fullscreen/buttons/audio-settings-fo.png</texturefocus>
                    <texturenofocus>osd/fullscreen/buttons/audio-settings-nofo.png</texturenofocus>
                    <onclick>activatewindow(124)</onclick>
                    <onup>Close</onup>
                    <ondown>Close</ondown>
                    <onleft>9</onleft>
                    <onright>12</onright>
                </control>
                <control type="button" id="12">
                    <description>Video Settings</description>
                    <posx>460</posx>
                    <height>100</height>
                    <width>100</width>
                    <texturefocus>osd/fullscreen/buttons/video-settings-fo.png</texturefocus>
                    <texturenofocus>osd/fullscreen/buttons/video-settings-nofo.png</texturenofocus>
                    <onclick>activatewindow(123)</onclick>
                    <onup>Close</onup>
                    <ondown>Close</ondown>
                    <onleft>11</onleft>
                    <onright>7</onright>
                </control>
                <control type="togglebutton" id="7">
                    <description>Subtitles</description>
                    <posx>535</posx>
                    <height>100</height>
                    <width>100</width>
                    <texturefocus>osd/fullscreen/buttons/subtitles-fo.png</texturefocus>
                    <texturenofocus>osd/fullscreen/buttons/subtitles-nofo.png</texturenofocus>
                    <alttexturefocus>osd/fullscreen/buttons/subtitles-fo.png</alttexturefocus>
                    <alttexturenofocus>osd/fullscreen/buttons/subtitles-nofo.png</alttexturenofocus>
                    <onclick>ActivateWindow(SubtitleSearch)</onclick>
                    <onleft>12</onleft>
                    <onright>1</onright>
                    <onup>Close</onup>
                    <ondown>Close</ondown>
                    <visible>!VideoPlayer.Content(LiveTV)</visible>
                </control>
                <control type="togglebutton" id="7">
    				<posx>535</posx>
    				<height>100</height>
    				<width>100</width>
    				<texturefocus>osd/fullscreen/buttons/record-off-fo.png</texturefocus>
    				<texturenofocus>osd/fullscreen/buttons/record-off-nofo.png</texturenofocus>
    				<alttexturefocus>osd/fullscreen/buttons/record-fo.png</alttexturefocus>
    				<alttexturenofocus>osd/fullscreen/buttons/record-nofo.png</alttexturenofocus>
    				<usealttexture>Player.Recording</usealttexture>
    				<onleft>12</onleft>
    				<onright>1</onright>
    				<onup>Close</onup>
    				<ondown>Close</ondown>
    				<onclick>PlayerControl(Record)</onclick>
    				<enable>Player.CanRecord</enable>
    				<animation effect="fade" start="100" end="50" time="150" tween="sine" easing="inout" condition="!Player.CanRecord">Conditional</animation>
    				<visible>VideoPlayer.Content(LiveTV)</visible>
    			</control>
                <control type="button" id="1">
                    <description>Skip Back</description>
                    <posx>690</posx>
                    <height>100</height>
                    <width>100</width>
                    <texturefocus>osd/fullscreen/buttons/previous-fo.png</texturefocus>
                    <texturenofocus>osd/fullscreen/buttons/previous-nofo.png</texturenofocus>
                    <onclick>playercontrol(previous)</onclick>
                    <onup>Close</onup>
                    <ondown>Close</ondown>
                    <onleft>7</onleft>
                    <onright>2</onright>
                    <visible>!VideoPlayer.Content(LiveTV)</visible>
                </control>
                <control type="button" id="1">
                    <description>Previous</description>
                    <posx>690</posx>
                    <height>100</height>
                    <width>100</width>
                    <texturefocus>osd/fullscreen/buttons/up-fo.png</texturefocus>
                    <texturenofocus>osd/fullscreen/buttons/up-nofo.png</texturenofocus>
                    <onclick>playercontrol(previous)</onclick>
                    <onup>Close</onup>
                    <ondown>Close</ondown>
                    <onleft>7</onleft>
                    <onright>13</onright>
                    <visible>VideoPlayer.Content(LiveTV)</visible>
                </control>
                <control type="button" id="13">
                    <description>Next</description>
                    <posx>780</posx>
                    <height>100</height>
                    <width>100</width>
                    <texturefocus>osd/fullscreen/buttons/down-fo.png</texturefocus>
                    <texturenofocus>osd/fullscreen/buttons/down-nofo.png</texturenofocus>
                    <onclick>playercontrol(next)</onclick>
                    <onup>Close</onup>
                    <ondown>Close</ondown>
                    <onleft>1</onleft>
                    <onright>2</onright>
                    <visible>VideoPlayer.Content(LiveTV)</visible>
                </control>
                <control type="group">
                    <animation effect="slide" end="90" time="0" condition="VideoPlayer.Content(LiveTV)">Conditional</animation>
                    <control type="togglebutton" id="2">
                        <description>Rewind</description>
                        <posx>780</posx>
                        <height>100</height>
                        <width>100</width>
                        <texturefocus>osd/fullscreen/buttons/rewind-fo.png</texturefocus>
                        <texturenofocus>osd/fullscreen/buttons/rewind-nofo.png</texturenofocus>
                        <usealttexture>Player.Rewinding</usealttexture>
                        <alttexturefocus>osd/fullscreen/buttons/rewind-on-fo.png</alttexturefocus>
                        <alttexturenofocus>osd/fullscreen/buttons/rewind-on-nofo.png</alttexturenofocus>
                        <onclick>playercontrol(rewind)</onclick>
                        <onup>Close</onup>
                        <ondown>Close</ondown>
                        <onleft condition="VideoPlayer.Content(LiveTV)">13</onleft>
                        <onleft condition="!VideoPlayer.Content(LiveTV)">1</onleft>
                        <onright>3</onright>
                        <enable>Player.SeekEnabled</enable>
                        <animation effect="fade" start="100" end="50" time="150" tween="sine" easing="inout" condition="!Player.SeekEnabled">Conditional</animation>
                    </control>
                    <control type="togglebutton" id="3">
                        <description>Play / Pause</description>
                        <posx>870</posx>
                        <height>100</height>
                        <width>100</width>
                        <texturefocus>osd/fullscreen/buttons/pause-fo.png</texturefocus>
                        <texturenofocus>osd/fullscreen/buttons/pause-nofo.png</texturenofocus>
                        <usealttexture>Player.Paused | Player.Forwarding | Player.Rewinding</usealttexture>
                        <alttexturefocus>osd/fullscreen/buttons/play-fo.png</alttexturefocus>
                        <alttexturenofocus>osd/fullscreen/buttons/play-nofo.png</alttexturenofocus>
                        <onclick>playercontrol(play)</onclick>
                        <onup>Close</onup>
                        <ondown>Close</ondown>
                        <onleft>2</onleft>
                        <onright>4</onright>
                        <enable>Player.PauseEnabled</enable>
                        <animation effect="fade" start="100" end="50" time="150" tween="sine" easing="inout" condition="!Player.PauseEnabled">Conditional</animation>
                    </control>
                    <control type="button" id="4">
                        <description>stop</description>
                        <posx>960</posx>
                        <height>100</height>
                        <width>100</width>
                        <texturefocus>osd/fullscreen/buttons/stop-fo.png</texturefocus>
                        <texturenofocus>osd/fullscreen/buttons/stop-nofo.png</texturenofocus>
                        <onclick>playercontrol(stop)</onclick>
                        <onup>Close</onup>
                        <ondown>Close</ondown>
                        <onleft>3</onleft>
                        <onright>5</onright>
                    </control>
                    <control type="togglebutton" id="5">
                        <description>Forward</description>
                        <posx>1050</posx>
                        <height>100</height>
                        <width>100</width>
                        <texturefocus>osd/fullscreen/buttons/fast-forward-fo.png</texturefocus>
                        <texturenofocus>osd/fullscreen/buttons/fast-forward-nofo.png</texturenofocus>
                        <usealttexture>Player.Forwarding</usealttexture>
                        <alttexturefocus>osd/fullscreen/buttons/fast-forward-on-fo.png</alttexturefocus>
                        <alttexturenofocus>osd/fullscreen/buttons/fast-forward-on-nofo.png</alttexturenofocus>
                        <onclick>playercontrol(forward)</onclick>
                        <onup>Close</onup>
                        <ondown>Close</ondown>
                        <onleft>4</onleft>
                        <onright>6</onright>
                        <enable>Player.SeekEnabled</enable>
                        <animation effect="fade" start="100" end="50" time="150" tween="sine" easing="inout" condition="!Player.SeekEnabled">Conditional</animation>
                    </control>
                    <control type="button" id="6">
                        <description>Skip Forward</description>
                        <posx>1140</posx>
                        <height>100</height>
                        <width>100</width>
                        <texturefocus>osd/fullscreen/buttons/next-fo.png</texturefocus>
                        <texturenofocus>osd/fullscreen/buttons/next-nofo.png</texturenofocus>
                        <onclick>playercontrol(next)</onclick>
                        <onup>Close</onup>
                        <ondown>Close</ondown>
                        <onleft>5</onleft>
                        <onright>10</onright>
                        <visible>!VideoPlayer.Content(LiveTV)</visible>
                    </control>
                </control>
                <control type="group">
                    <visible>!VideoPlayer.Content(LiveTV)</visible>
                    <control type="button" id="10">
                        <description>DVD Menu</description>
                        <posx>1285</posx>
                        <height>100</height>
                        <width>100</width>
                        <texturefocus>osd/fullscreen/buttons/dvd-fo.png</texturefocus>
                        <texturenofocus>osd/fullscreen/buttons/dvd-nofo.png</texturenofocus>
                        <onclick>PlayerControl(ShowVideoMenu)</onclick>
                        <enable>VideoPlayer.HasMenu</enable>
                        <onleft>6</onleft>
                        <onright>8</onright>
                        <onup>Close</onup>
                        <ondown>Close</ondown>
                        <animation effect="fade" start="100" end="50" time="150" tween="sine" easing="inout" condition="!VideoPlayer.HasMenu">Conditional</animation>
                    </control>
                    <control type="button" id="8">
                        <description>Info</description>
                        <posx>1360</posx>
                        <height>100</height>
                        <width>100</width>
                        <texturefocus>osd/fullscreen/buttons/info-fo.png</texturefocus>
                        <texturenofocus>osd/fullscreen/buttons/info-nofo.png</texturenofocus>
                        <onclick>Action(Info)</onclick>
                        <onclick>PreviousMenu</onclick>
                        <onleft>10</onleft>
                        <onright>9</onright>
                        <onup>Close</onup>
                        <ondown>Close</ondown>
                        <enable>!Player.ShowInfo</enable>
                        <animation effect="fade" start="100" end="50" time="150" tween="sine" easing="inout" condition="Player.ShowInfo">Conditional</animation>
                    </control>
                    <control type="button" id="9">
                        <description>Bookmarks</description>
                        <posx>1435</posx>
                        <height>100</height>
                        <width>100</width>
                        <texturefocus>osd/fullscreen/buttons/bookmarks-fo.png</texturefocus>
                        <texturenofocus>osd/fullscreen/buttons/bookmarks-nofo.png</texturenofocus>
                        <onclick>ActivateWindow(125)</onclick>
                        <onup>Close</onup>
                        <ondown>Close</ondown>
                        <onleft>8</onleft>
                        <onright>11</onright>
                    </control>
                </control>
                <control type="group">
                    <visible>VideoPlayer.Content(LiveTV)</visible>
                    <control type="button" id="10">
                        <description>Channels</description>
                        <posx>1285</posx>
                        <height>100</height>
                        <width>100</width>
                        <texturefocus>osd/fullscreen/buttons/channel-fo.png</texturefocus>
                        <texturenofocus>osd/fullscreen/buttons/channel-nofo.png</texturenofocus>
                        <onclick>ActivateWindow(PVROSDChannels)</onclick>
                        <onleft>6</onleft>
                        <onright>8</onright>
                        <onup>Close</onup>
                        <ondown>Close</ondown>
                    </control>
                    <control type="button" id="8">
                        <description>Channel EPG</description>
                        <posx>1360</posx>
                        <height>100</height>
                        <width>100</width>
                        <texturefocus>osd/fullscreen/buttons/epg-fo.png</texturefocus>
                        <texturenofocus>osd/fullscreen/buttons/epg-nofo.png</texturenofocus>
                        <onclick>ActivateWindow(PVROSDGuide)</onclick>
                        <onleft>10</onleft>
                        <onright>9</onright>
                        <onup>Close</onup>
                        <ondown>Close</ondown>
                    </control>
                    <control type="button" id="9">
                        <description>Teletext</description>
                        <posx>1435</posx>
                        <height>100</height>
                        <width>100</width>
                        <texturefocus>osd/fullscreen/buttons/text-fo.png</texturefocus>
                        <texturenofocus>osd/fullscreen/buttons/text-nofo.png</texturenofocus>
                        <onclick>ActivateWindow(Teletext)</onclick>
                        <onclick>Close</onclick>
                        <onup>Close</onup>
                        <ondown>Close</ondown>
                        <onleft>8</onleft>
                        <onright>11</onright>
                    </control>
                </control>
            </control>
        </control>
    </controls>
</window>
