<?xml version="1.0" encoding="UTF-8"?>
<includes>

<!-- ========= -->
<!-- List (50) -->
<!-- ========= -->
    <include name="Viewtype-PictureList">
        
        <control type="group">
            <visible>Control.IsVisible(50) + !Window.IsActive(addoninformation) + !Window.IsActive(favourites)</visible>
            <include>CommonViewAnimations</include>
            <include>OptionsShutdownAnimation</include>
            
            <control type="label">
            	<posx>390</posx>
            	<posy>152</posy>
            	<width>560</width>
            	<height>30</height>
            	<font>Font-Condensed-S29-B</font>
            	<textcolor>77white</textcolor>
            	<shadowcolor>22000000</shadowcolor>
            	<label>$INFO[Control.GetLabel(3)]</label>
            </control>
        
            <control type="image">
                <posx>248</posx>
                <posy>187</posy>
                <height>704</height>
                <width>1424</width>
                <texture border="4">views/list/panel/panel.png</texture>
            </control>
            <control type="image">
                <description>Shadow</description>
                <posx>150</posx>
                <posy>883</posy>
                <width>1620</width>
                <height>150</height>
                <texture>windows/home/item-shadow.png</texture>
            </control>
            
            <control type="list" id="50">
                <posx>250</posx>
                <posy>190</posy>
                <height>700</height>
                <width>1420</width>
                <pagecontrol>70</pagecontrol>
                <onleft condition="!Skin.HasSetting(KioskMode)">9010</onleft>
                <onleft condition="Skin.HasSetting(KioskMode)">50</onleft>
                <onright>70</onright>
                <onup>50</onup>
                <ondown>50</ondown>
                <viewtype label="42220">list</viewtype>
                <scrolltime tween="cubic" easing="out">500</scrolltime>
                <preloaditems>2</preloaditems>
                <itemlayout height="100">
                    <control type="image">
                        <description>List separator</description>
                        <posx>0</posx>
                        <posy>0</posy>
                        <width>1420</width>
                        <height>101</height>
                        <texture border="90,3,90,3">views/list/other/separator.png</texture>
                    </control>
                    <control type="label">
                        <description>Label</description>
                        <posx>140</posx>
                        <posy>0</posy>
                        <width>1250</width>
                        <height>100</height>
                        <font>Font-Condensed-S34-B</font>
                        <align>left</align>
                        <label>$INFO[ListItem.Label]</label>
                        <textcolor>aawhite</textcolor>
                        <selectedcolor>aawhite</selectedcolor>
                        <scroll>false</scroll>
                        <visible>IsEmpty(ListItem.PictureResolution) + IsEmpty(ListItem.PictureDateTime)</visible>
                    </control>
                    <control type="label">
                        <description>Label</description>
                        <posx>140</posx>
                        <posy>0</posy>
                        <width>1250</width>
                        <height>62</height>
                        <font>Font-Condensed-S34-B</font>
                        <align>left</align>
                        <label>$INFO[ListItem.Label]</label>
                        <textcolor>aawhite</textcolor>
                        <selectedcolor>aawhite</selectedcolor>
                        <scroll>false</scroll>
                        <visible>![IsEmpty(ListItem.PictureResolution) + IsEmpty(ListItem.PictureDateTime)]</visible>
                    </control>
                    <control type="label">
                        <description>Picture Resolution / Date</description>
                        <posx>140</posx>
                        <posy>43</posy>
                        <width>1250</width>
                        <height>54</height>
                        <font>Font-Condensed-S28</font>
                        <align>left</align>
                        <label>$INFO[ListItem.PictureResolution]$INFO[ListItem.PictureDateTime, [COLOR=44FFFFFF]/[/COLOR] ,]</label>
                        <textcolor>99FFFFFF</textcolor>
                        <selectedcolor>99FFFFFF</selectedcolor>
                        <scroll>false</scroll>
                        <visible>![IsEmpty(ListItem.PictureResolution) + IsEmpty(ListItem.PictureDateTime)]</visible>
                    </control>
                    <control type="label">
                        <description>Label 2</description>
                        <posx>1390</posx>
                        <posy>0</posy>
                        <width>1250</width>
                        <height>98</height>
                        <font>Font-Condensed-S36</font>
                        <align>right</align>
                        <label>$INFO[ListItem.Label2, ,]</label>
                        <textcolor>99FFFFFF</textcolor>
                        <selectedcolor>99FFFFFF</selectedcolor>
                        <scroll>false</scroll>
                    </control>
                    <control type="image">
                        <posx>30</posx>
                        <posy>8</posy>
                        <width>85</width>
                        <height>85</height>
                        <texture background="true">$INFO[ListItem.Icon]</texture>
                        <aspectratio>keep</aspectratio>
                    </control>
                </itemlayout>
                <focusedlayout height="100">
                    <control type="image">
                        <description>List separator</description>
                        <posx>0</posx>
                        <posy>0</posy>
                        <width>1420</width>
                        <height>101</height>
                        <texture border="90,3,90,3">views/list/other/separator.png</texture>
                    </control>
                    <control type="image">
                        <posx>0</posx>
                        <posy>0</posy>
                        <width>1420</width>
                        <height>99</height>
                        <texture border="150,1,150,1">views/other/focus.png</texture>
                        <include>defaultfocusanim</include>
                        <include>visiblehidefadeinfo</include>
                        <visible>Control.HasFocus(50)</visible>
                    </control>
                    <control type="image">
                        <posx>30</posx>
                        <posy>8</posy>
                        <width>85</width>
                        <height>85</height>
                        <texture background="true">$INFO[ListItem.Icon]</texture>
                        <aspectratio>keep</aspectratio>
                    </control>
                    <control type="group">
                        <animation type="Focus" condition="Container(50).OnNext | Container(50).OnPrevious" reversible="false">
                            <effect type="fade" start="71.5" end="100" time="500" tween="sine" easing="inout" />
                        </animation>
                        <animation effect="fade" start="100" end="71.5" time="300" tween="sine" easing="inout" condition="!Control.HasFocus(50)">Conditional</animation>
                        <control type="label">
                            <description>Label</description>
                            <posx>140</posx>
                            <posy>0</posy>
                            <width>1250</width>
                            <height>100</height>
                            <font>Font-Condensed-S34-B</font>
                            <align>left</align>
                            <label>$INFO[ListItem.Label]</label>
                            <textcolor>eewhite</textcolor>
                            <selectedcolor>eewhite</selectedcolor>
                            <visible>IsEmpty(ListItem.PictureResolution) + IsEmpty(ListItem.PictureDateTime)</visible>
                        </control>
                        <control type="label">
                            <description>Label</description>
                            <posx>140</posx>
                            <posy>0</posy>
                            <width>1250</width>
                            <height>62</height>
                            <font>Font-Condensed-S34-B</font>
                            <align>left</align>
                            <label>$INFO[ListItem.Label]</label>
                            <textcolor>eewhite</textcolor>
                            <selectedcolor>eewhite</selectedcolor>
                            <visible>![IsEmpty(ListItem.PictureResolution) + IsEmpty(ListItem.PictureDateTime)]</visible>
                        </control>
                        <control type="label">
                            <description>Picture Resolution / Date</description>
                            <posx>140</posx>
                            <posy>43</posy>
                            <width>1250</width>
                            <height>54</height>
                            <font>Font-Condensed-S28</font>
                            <align>left</align>
                            <label>$INFO[ListItem.PictureResolution]$INFO[ListItem.PictureDateTime, [COLOR=61FFFFFF]/[/COLOR] ,]</label>
                            <textcolor>D4FFFFFF</textcolor>
                            <selectedcolor>D4FFFFFF</selectedcolor>
                            <scroll>false</scroll>
                            <visible>![IsEmpty(ListItem.PictureResolution) + IsEmpty(ListItem.PictureDateTime)]</visible>
                        </control>
                        <control type="label">
                            <description>Label 2</description>
                            <posx>1390</posx>
                            <posy>0</posy>
                            <width>1250</width>
                            <height>98</height>
                            <font>Font-Condensed-S36</font>
                            <align>right</align>
                            <label>$INFO[ListItem.Label2, ,]</label>
                            <textcolor>D4FFFFFF</textcolor>
                            <selectedcolor>D4FFFFFF</selectedcolor>
                            <scroll>false</scroll>
                        </control>
                    </control>
                </focusedlayout>
            </control>

            <control type="scrollbar" id="70">
                <description>Scrollbar</description>
                <posx>1664</posx>
                <posy>190</posy>
                <width>6</width>
                <height>700</height>
                <onleft condition="!Control.IsVisible(500) | [Control.IsVisible(500) + Skin.HasSetting(KioskMode)]">50</onleft>
                <onleft condition="Control.IsVisible(500) + !Skin.HasSetting(KioskMode)">9010</onleft>
                <onright condition="!Skin.HasSetting(KioskMode)">9010</onright>
                <onright condition="Skin.HasSetting(KioskMode)">50</onright>
                <ondown condition="!Skin.HasSetting(KioskMode)">9010</ondown>
                <ondown condition="Skin.HasSetting(KioskMode)">50</ondown>
                <texturesliderbar border="1">views/other/scrollbar-sq.png</texturesliderbar>
                <texturesliderbarfocus border="1">views/other/scrollbar-sq.png</texturesliderbarfocus>
                <orientation>vertical</orientation>
                <showonepage>false</showonepage>
                <animation effect="fade" start="45" end="0" time="300" tween="sine" easing="inout" condition="!Control.IsVisible(9772)">Conditional</animation>
                <visible>Control.IsVisible(50)</visible>
            </control>
        </control>
    </include>
    
    <!-- ===================== -->
    <!-- Large thumb list (52) -->
    <!-- ===================== -->
    <include name="Viewtype-PictureListLargeThumb">
        <control type="group">
            <include>FullscreenDimensions</include>
            <include>OptionsShutdownAnimation</include>
            <!-- List Panel -->
            <control type="group">
                <visible>Control.IsVisible(52) + !Window.IsActive(addoninformation) + !Window.IsActive(favourites)</visible>
                <animation type="WindowOpen">
                    <effect type="slide" start="200" end="0" tween="cubic" easing="out" time="750" />
                    <effect type="fade" start="0" end="100" tween="sine" easing="inout" time="300" />
                    <effect type="zoom" start="90" end="100" center="300,438" tween="cubic" easing="out" time="400" />
                </animation>
                <animation type="Visible" condition="IsEmpty(Window(home).property(NoAnimation)) + !Window.Next(visualisation)" reversible="false">
                    <effect type="slide" start="200" end="0" tween="cubic" easing="out" time="750" delay="300" />
                    <effect type="fade" start="0" end="100" tween="sine" easing="inout" time="300" delay="300" />
                    <effect type="zoom" start="90" end="100" center="300,438" tween="cubic" easing="out" time="400" delay="300" />
                </animation>
                <include>GuideNoAnimation</include>
                <animation type="WindowClose">
                    <effect type="fade" start="100" end="0" time="300" tween="sine" easing="out" />
                    <effect type="zoom" start="100" end="85" time="300" center="960,600" tween="sine" easing="out" />
                </animation>
                <animation type="Hidden" reversible="false">
                    <effect type="zoom" start="100" end="125" center="960,600" tween="sine" easing="out" time="350" /> 
                    <effect type="fade" start="100" end="0" tween="cubic" easing="out" time="250" />
                </animation>
                <control type="image">
                    <description>Shadow</description>
                    <posx>0</posx>
                    <posy>870</posy>
                    <width>1920</width>
                    <height>150</height>
                    <texture>windows/home/item-shadow.png</texture>
                </control>
                <control type="image">
                    <description>Thumb</description>
                    <posx>100</posx>
                    <posy>277</posy>
                    <width>988</width>
                    <height>600</height>
                    <texture border="1">windows/common/black.png</texture>
                </control>
                <control type="image">
                    <description>Thumb</description>
                    <posx>100</posx>
                    <posy>277</posy>
                    <width>988</width>
                    <height>600</height>
                    <texture background="true">$INFO[ListItem.Icon]</texture>
                    <fadetime>500</fadetime>
                    <aspectratio>keep</aspectratio>
                    <include>visiblehidefadeinfo</include>
                    <visible>IsEmpty(ListItem.Thumb) | [!IsEmpty(ListItem.Thumb) + stringcompare(Control.GetLabel(521),.)]</visible>
                </control>
                <control type="image" id="521">
                    <description>Thumb</description>
                    <posx>100</posx>
                    <posy>277</posy>
                    <width>988</width>
                    <height>600</height>
                    <texture background="true" fallback=".">$INFO[ListItem.FileNameAndPath]</texture>
                    <fadetime>500</fadetime>
                    <aspectratio>keep</aspectratio>
                    <include>visiblehidefadeinfo</include>
                    <visible>!IsEmpty(ListItem.Thumb)</visible>
                </control>
            </control>
            <control type="group">
                <visible>Control.IsVisible(52)</visible>
                <animation type="WindowOpen">
                    <effect type="slide" start="200" end="0" tween="cubic" easing="out" time="645" delay="105" />
                    <effect type="fade" start="0" end="100" tween="sine" easing="inout" time="300" delay="105" />
                    <effect type="zoom" start="80" end="100" center="867,438" tween="cubic" easing="out" time="400" delay="105" /> 
                </animation>
                <animation type="Visible" condition="IsEmpty(Window(home).property(NoAnimation)) + !Window.Next(visualisation)" reversible="false">
                    <effect type="slide" start="200" end="0" tween="cubic" easing="out" time="645" delay="405" />
                    <effect type="fade" start="0" end="100" tween="sine" easing="inout" time="300" delay="405" />
                    <effect type="zoom" start="80" end="100" center="867,438" tween="cubic" easing="out" time="400" delay="405" />
                </animation>
                <include>GuideNoAnimation</include>
                <animation type="WindowClose">
                    <effect type="fade" start="100" end="0" time="300" tween="sine" easing="out" />
                    <effect type="zoom" start="100" end="85" time="300" center="960,600" tween="sine" easing="out" />
                </animation>
                <animation type="Hidden" reversible="false">
                    <effect type="zoom" start="100" end="125" center="960,600" tween="sine" easing="out" time="350" /> 
                    <effect type="fade" start="100" end="0" tween="cubic" easing="out" time="250" />
                </animation>
                <control type="image">
                    <description>List Panel</description>
                    <posx>1098</posx>
                    <posy>274</posy>
                    <width>714</width>
                    <height>604</height>
                    <texture>views/list/panel/panel.png</texture>
                </control>
                <control type="list" id="52">
                    <visible>Container.HasFiles + !Container.Content(addons)</visible>
                    <posx>1100</posx>
                    <posy>277</posy>
                    <width>710</width>
                    <height>600</height>
                    <pagecontrol>70</pagecontrol>
                    <onleft condition="!Skin.HasSetting(KioskMode)">9010</onleft>
                    <onleft condition="Skin.HasSetting(KioskMode)">52</onleft>
                    <onright>70</onright>
                    <onup>52</onup>
                    <ondown>52</ondown>
                    <viewtype label="42234">list</viewtype>
                    <preloaditems>2</preloaditems>
                    <scrolltime tween="cubic" easing="out">500</scrolltime>
                    <itemlayout height="60">
                        <control type="image">
                            <posx>0</posx>
                            <posy>0</posy>
                            <width>710</width>
                            <height>61</height>
                            <texture border="90,3,90,3">views/list/other/separator.png</texture>
                        </control>
                        <control type="label">
                            <posx>20</posx>
                            <posy>1</posy>
                            <height>60</height>
                            <width>670</width>
                            <font>Font-Condensed-S29-B</font>
                            <label>$INFO[ListItem.Label]</label>
                            <textcolor>77white</textcolor>
                            <shadowcolor>22000000</shadowcolor>
                            <scroll>false</scroll>
                        </control>
                        <control type="label">
                            <posx>690</posx>
                            <width>670</width>
                            <height>60</height>
                            <font>Font-Condensed-S31</font>
                            <label>$INFO[ListItem.Label2]</label>
                            <textcolor>77white</textcolor>
                            <shadowcolor>22000000</shadowcolor>
                            <scroll>false</scroll>
                            <align>right</align>
                        </control>
                    </itemlayout>
                    <focusedlayout height="60">
                        <control type="image">
                            <posx>0</posx>
                            <posy>0</posy>
                            <width>710</width>
                            <height>61</height>
                            <texture border="90,3,90,3">views/list/other/separator.png</texture>
                        </control>
                        <control type="image">
                            <posx>0</posx>
                            <posy>0</posy>
                            <width>710</width>
                            <height>59</height>
                            <texture border="150,1,150,1">views/other/focus.png</texture>
                            <include>listfocusanim</include>
                            <include>visiblehidefadeinfo</include>
                            <visible>Control.HasFocus(52)</visible>
                        </control>
                        <control type="group">
                            <animation type="Focus" condition="Container(52).OnNext | Container(52).OnPrevious" reversible="false">
                                <effect type="fade" start="50" end="100" time="500" tween="sine" easing="inout" />
                            </animation>
                            <animation effect="fade" start="100" end="50" time="300" tween="sine" easing="inout" condition="!Control.HasFocus(52)">Conditional</animation>
                            <control type="label">
                                <posx>20</posx>
                                <posy>1</posy>
                                <height>60</height>
                                <width>670</width>
                                <font>Font-Condensed-S29-B</font>
                                <label>$INFO[ListItem.Label]</label>
                                <textcolor>eewhite</textcolor>
                                <shadowcolor>22000000</shadowcolor>
                            </control>
                            <control type="label">
                                <posx>690</posx>
                                <width>670</width>
                                <height>60</height>
                                <font>Font-Condensed-S31</font>
                                <label>$INFO[ListItem.Label2]</label>
                                <textcolor>eewhite</textcolor>
                                <shadowcolor>22000000</shadowcolor>
                                <scroll>false</scroll>
                                <align>right</align>
                            </control>
                        </control>
                    </focusedlayout>
                </control>
                <control type="scrollbar" id="70">
                    <description>Scrollbar</description>
                    <posx>1804</posx>
                    <posy>277</posy>
                    <width>6</width>
                    <height>600</height>
                    <onleft>52</onleft>
                    <onright condition="!Skin.HasSetting(KioskMode)">9010</onright>
                    <onright condition="Skin.HasSetting(KioskMode)">52</onright>
                    <texturesliderbar border="1">views/other/scrollbar-sq.png</texturesliderbar>
                    <texturesliderbarfocus border="1">views/other/scrollbar-sq.png</texturesliderbarfocus>
                    <orientation>vertical</orientation>
                    <showonepage>false</showonepage>
                    <animation effect="fade" start="35" end="0" time="300" tween="sine" easing="inout" condition="!Control.IsVisible(9772) + !Control.HasFocus(70)">Conditional</animation>
                    <visible>Control.IsVisible(52)</visible>
                </control>
            </control>
        </control>
    </include>
    
<!-- =============== -->
<!-- PictureView (55) -->
<!-- =============== -->
    <include name="Viewtype-PictureView">
        <control type="group">
            <include>FullscreenDimensions</include>
            <include>OptionsShutdownAnimation</include>
            
            <control type="image" id="80">
                <animation type="WindowOpen" reversible="false">
                    <effect type="fade" start="0" end="100" delay="700" time="0" />
                </animation>
                <animation effect="fade" start="0" end="100" time="0" delay="1000" reversible="false">Visible</animation>
                <animation effect="fade" start="100" end="0" time="0" reversible="false">Hidden</animation>
                <visible>Control.IsVisible(55) + !Window.IsActive(favourites)</visible>
            </control>
            
            <control type="group">
                <posx>113</posx>
                <posy>430</posy>
                <animation effect="fade" start="0" end="100" time="0" reversible="false">Visible</animation>
                <visible>Window.Next(Home) | Window.Next(programs) | Window.Next(pictures) | Window.Next(filemanager) | Window.Next(settings) | Window.Next(music) | Window.Next(systeminfo) | Window.Next(screencalibration) | Window.Next(picturessettings) | Window.Next(programssettings) | Window.Next(weathersettings) | Window.Next(musicsettings) | Window.Next(systemsettings) | Window.Next(videossettings) | Window.Next(servicesettings) | Window.Next(appearancesettings) | Window.Next(pvrsettings) | Window.Next(videos) | Window.Next(videoplaylist) | Window.Next(LoginScreen) | Window.Next(profiles) | Window.Next(addonbrowser) | Window.Next(filebrowser) | Window.Next(ProfileSettings) | Window.Next(LockSettings) | Window.Next(smartplaylisteditor) | Window.Next(smartplaylistrule) | Window.Next(musicplaylist) | Window.Next(musicfiles) | Window.Next(musiclibrary) | Window.Next(fullscreenvideo) | Window.Next(visualisation) | Window.Next(slideshow) | Window.Next(karaoke) | Window.Next(weather) | Window.Next(pvr) | Window.Next(script-NextAired-TVGuide.xml) | !Control.IsVisible(80)</visible>
                <control type="group">
                    <animation type="Conditional" condition="true">
                        <effect type="zoom" start="100" end="94.7368421" time="0" center="-186,206" />
                    </animation>
                    <animation type="WindowOpen">
                        <effect type="fade" start="0" end="100" delay="100" tween="sine" easing="in" time="300" />
                        <effect type="slide" start="-400" end="0" delay="100" tween="cubic" easing="out" time="600" />
                    </animation>
                    <animation type="Visible" condition="IsEmpty(Window(home).property(NoAnimation)) + !Window.Next(visualisation)" reversible="false">
                        <effect type="fade" start="0" end="100" delay="400" tween="sine" easing="in" time="300" />
                        <effect type="slide" start="-400" end="0" delay="400" tween="cubic" easing="out" time="600" />
                    </animation>
                    <include>GuideNoAnimation</include>
                    <animation type="Hidden" reversible="false">
                        <effect type="zoom" start="100" end="115" center="960,260" tween="sine" delay="0" easing="out" time="300" /> 
                        <effect type="fade" start="100" end="0" tween="cubic" easing="out" delay="0" time="300" />
                    </animation>
                    <animation type="WindowClose" reversible="false">
                        <effect type="fade" start="100" end="0" time="300" tween="sine" easing="out" />
                        <effect type="zoom" start="100" end="85" time="300" center="960,260" tween="sine" easing="out" />
                    </animation>
                    <visible>Control.IsVisible(55) + !Window.IsActive(favourites)</visible>
                    <control type="group">
                        <posx>-372</posx>
                        <control type="image">
                            <description>Reflection</description>
                            <posx>-4</posx>
                            <posy>398</posy>
                            <width>380</width>
                            <height>380</height>
                            <colordiffuse>77white</colordiffuse>
                            <texture background="true" flipy="true" diffuse="views/posterview/diffuse-ref-square.png">$VAR[SquareThumbLarge-1]</texture>
                            <bordertexture border="2" diffuse="views/posterview/diffuse-ref-square.png">views/posterview/border.png</bordertexture>
                            <aspectratio align="center" scalediffuse="false">scale</aspectratio>
                        </control>
                        <control type="image">
                            <description>Shadow Bottom</description>
                            <posx>-35</posx>
                            <posy>377</posy>
                            <width>442</width>
                            <height>36</height>
                            <texture>views/posterview/shadow.png</texture>
                        </control>
                        <control type="image">
                            <description>Poster</description>
                            <posx>-4</posx>
                            <posy>16</posy>
                            <width>380</width>
                            <height>380</height>
                            <colordiffuse>ddwhite</colordiffuse>
                            <texture background="true">$VAR[SquareThumbLarge-1]</texture>
                            <bordertexture border="2">views/posterview/border.png</bordertexture>
                            <aspectratio align="center" scalediffuse="false">scale</aspectratio>
                        </control>
                        <visible>!IsEmpty(Container(55).ListItemNoWrap(-1).Label)</visible>
                    </control>
                </control>
                <control type="group">
                    <animation type="Conditional" condition="true">
                        <effect type="zoom" start="100" end="94.7368421" time="0" center="2046,206" />
                    </animation>
                    <animation type="WindowOpen">
                        <effect type="fade" start="0" end="200" delay="100" tween="sine" easing="in" time="300" />
                        <effect type="slide" start="1600" end="0" delay="100" tween="cubic" easing="out" time="600" />
                    </animation>
                    <animation type="Visible" condition="IsEmpty(Window(home).property(NoAnimation)) + !Window.Next(visualisation)" reversible="false">
                        <effect type="fade" start="0" end="100" delay="400" tween="sine" easing="in" time="300"/>
                        <effect type="slide" start="1600" end="0" delay="400" tween="cubic" easing="out" time="600" />
                    </animation>
                    <include>GuideNoAnimation</include>
                    <animation type="Hidden" reversible="false">
                        <effect type="zoom" start="100" end="115" center="960,260" tween="sine" delay="0" easing="out" time="300" /> 
                        <effect type="fade" start="100" end="0" tween="cubic" easing="out" delay="0" time="300" />
                    </animation>
                    <animation type="WindowClose" reversible="false">
                        <effect type="fade" start="100" end="0" time="300" tween="sine" easing="out" />
                        <effect type="zoom" start="100" end="85" time="300" center="960,260" tween="sine" easing="out" />
                    </animation>
                    <visible>Control.IsVisible(55) + !Window.IsActive(favourites)</visible>
                    <control type="group">
                        <posx>1860</posx>
                        <control type="image">
                            <description>Reflection</description>
                            <posx>-4</posx>
                            <posy>398</posy>
                            <width>380</width>
                            <height>380</height>
                            <colordiffuse>77white</colordiffuse>
                            <texture background="true" flipy="true" diffuse="views/posterview/diffuse-ref-square.png">$VAR[SquareThumbLarge5]</texture>
                            <bordertexture border="2" diffuse="views/posterview/diffuse-ref-square.png">views/posterview/border.png</bordertexture>
                            <aspectratio align="center" scalediffuse="false">scale</aspectratio>
                        </control>
                        <control type="image">
                            <description>Shadow Bottom</description>
                            <posx>-35</posx>
                            <posy>377</posy>
                            <width>442</width>
                            <height>36</height>
                            <texture>views/posterview/shadow.png</texture>
                        </control>
                        <control type="image">
                            <description>Poster</description>
                            <posx>-4</posx>
                            <posy>16</posy>
                            <width>380</width>
                            <height>380</height>
                            <colordiffuse>ddwhite</colordiffuse>
                            <texture background="true">$VAR[SquareThumbLarge5]</texture>
                            <bordertexture border="2">views/posterview/border.png</bordertexture>
                            <aspectratio align="center" scalediffuse="false">scale</aspectratio>
                        </control>
                        <visible>!IsEmpty(Container(55).ListItemNoWrap(5).Label)</visible>
                    </control>
                </control>
                <control type="group">
                    <animation type="Conditional" condition="true">
                        <effect type="zoom" start="100" end="94.7368421" time="0" center="1674,206" />
                    </animation>
                    <animation type="WindowOpen">
                        <effect type="fade" start="0" end="200" delay="100" tween="sine" easing="in" time="300" />
                        <effect type="slide" start="1300" end="0" delay="100" tween="cubic" easing="out" time="600" />
                    </animation>
                    <animation type="Visible" condition="IsEmpty(Window(home).property(NoAnimation)) + !Window.Next(visualisation)" reversible="false">
                        <effect type="fade" start="0" end="100" delay="400" tween="sine" easing="in" time="300"/>
                        <effect type="slide" start="1300" end="0" delay="400" tween="cubic" easing="out" time="600" />
                    </animation>
                    <include>GuideNoAnimation</include>
                    <animation type="Hidden" reversible="false">
                        <effect type="zoom" start="100" end="115" center="960,260" tween="sine" delay="0" easing="out" time="300" /> 
                        <effect type="fade" start="100" end="0" tween="cubic" easing="out" delay="0" time="300" />
                    </animation>
                    <animation type="WindowClose" reversible="false">
                        <effect type="fade" start="100" end="0" time="300" tween="sine" easing="out" />
                        <effect type="zoom" start="100" end="85" time="300" center="960,260" tween="sine" easing="out" />
                    </animation>
                    <visible>Control.IsVisible(55) + !Window.IsActive(favourites)</visible>
                    <control type="group">
                        <posx>1488</posx>
                        <control type="image">
                            <description>Reflection</description>
                            <posx>-4</posx>
                            <posy>398</posy>
                            <width>380</width>
                            <height>380</height>
                            <colordiffuse>77white</colordiffuse>
                            <texture background="true" flipy="true" diffuse="views/posterview/diffuse-ref-square.png">$VAR[SquareThumbLarge4]</texture>
                            <bordertexture border="2" diffuse="views/posterview/diffuse-ref-square.png">views/posterview/border.png</bordertexture>
                            <aspectratio align="center" scalediffuse="false">scale</aspectratio>
                        </control>
                        <control type="image">
                            <description>Shadow Bottom</description>
                            <posx>-35</posx>
                            <posy>377</posy>
                            <width>442</width>
                            <height>36</height>
                            <texture>views/posterview/shadow.png</texture>
                        </control>
                        <control type="image">
                            <description>Poster</description>
                            <posx>-4</posx>
                            <posy>16</posy>
                            <width>380</width>
                            <height>380</height>
                            <colordiffuse>ddwhite</colordiffuse>
                            <texture background="true">$VAR[SquareThumbLarge4]</texture>
                            <bordertexture border="2">views/posterview/border.png</bordertexture>
                            <aspectratio align="center" scalediffuse="false">scale</aspectratio>
                        </control>
                        <visible>!IsEmpty(Container(55).ListItemNoWrap(4).Label)</visible>
                    </control>
                </control>
                <control type="group">
                    <animation type="Conditional" condition="true">
                        <effect type="zoom" start="100" end="94.7368421" time="0" center="1302,206" />
                    </animation>
                    <animation type="WindowOpen">
                        <effect type="fade" start="0" end="100" delay="100" tween="sine" easing="in" time="300" />
                        <effect type="slide" start="1000" end="0" delay="100" tween="cubic" easing="out" time="600" />
                    </animation>
                    <animation type="Visible" condition="IsEmpty(Window(home).property(NoAnimation)) + !Window.Next(visualisation)" reversible="false">
                        <effect type="fade" start="0" end="100" delay="400" tween="sine" easing="in" time="300" />
                        <effect type="slide" start="1000" end="0" delay="400" tween="cubic" easing="out" time="600" />
                    </animation>
                    <include>GuideNoAnimation</include>
                    <animation type="Hidden" reversible="false">
                        <effect type="zoom" start="100" end="115" center="960,260" tween="sine" delay="0" easing="out" time="300" /> 
                        <effect type="fade" start="100" end="0" tween="cubic" easing="out" delay="0" time="300" />
                    </animation>
                    <animation type="WindowClose" reversible="false">
                        <effect type="fade" start="100" end="0" time="300" tween="sine" easing="out" />
                        <effect type="zoom" start="100" end="85" time="300" center="960,260" tween="sine" easing="out" />
                    </animation>
                    <visible>Control.IsVisible(55) + !Window.IsActive(favourites)</visible>
                    <control type="group">
                        <posx>1116</posx>
                        <control type="image">
                            <description>Reflection</description>
                            <posx>-4</posx>
                            <posy>398</posy>
                            <width>380</width>
                            <height>380</height>
                            <colordiffuse>77white</colordiffuse>
                            <texture background="true" flipy="true" diffuse="views/posterview/diffuse-ref-square.png">$VAR[SquareThumbLarge3]</texture>
                            <bordertexture border="2" diffuse="views/posterview/diffuse-ref-square.png">views/posterview/border.png</bordertexture>
                            <aspectratio align="center" scalediffuse="false">scale</aspectratio>
                        </control>
                        <control type="image">
                            <description>Shadow Bottom</description>
                            <posx>-35</posx>
                            <posy>377</posy>
                            <width>442</width>
                            <height>36</height>
                            <texture>views/posterview/shadow.png</texture>
                        </control>
                        <control type="image">
                            <description>Poster</description>
                            <posx>-4</posx>
                            <posy>16</posy>
                            <width>380</width>
                            <height>380</height>
                            <colordiffuse>ddwhite</colordiffuse>
                            <texture background="true">$VAR[SquareThumbLarge3]</texture>
                            <bordertexture border="2">views/posterview/border.png</bordertexture>
                            <aspectratio align="center" scalediffuse="false">scale</aspectratio>
                        </control>
                        <visible>!IsEmpty(Container(55).ListItemNoWrap(3).Label)</visible>
                    </control>
                </control>
                <control type="group">
                    <animation type="Conditional" condition="true">
                        <effect type="zoom" start="100" end="94.7368421" time="0" center="930,206" />
                    </animation>
                    <animation type="WindowOpen">
                        <effect type="fade" start="0" end="100" delay="100" tween="sine" easing="in" time="300" />
                        <effect type="slide" start="700" end="0" delay="100" tween="cubic" easing="out" time="600" />
                    </animation>
                    <animation type="Visible" condition="IsEmpty(Window(home).property(NoAnimation)) + !Window.Next(visualisation)" reversible="false">
                        <effect type="fade" start="0" end="100" delay="400" tween="sine" easing="in" time="300" />
                        <effect type="slide" start="700" end="0" delay="400" tween="cubic" easing="out" time="600" />
                    </animation>
                    <include>GuideNoAnimation</include>
                    <animation type="Hidden" reversible="false">
                        <effect type="zoom" start="100" end="115" center="960,260" tween="sine" delay="0" easing="out" time="300" /> 
                        <effect type="fade" start="100" end="0" tween="cubic" easing="out" delay="0" time="300" />
                    </animation>
                    <animation type="WindowClose" reversible="false">
                        <effect type="fade" start="100" end="0" time="300" tween="sine" easing="out" />
                        <effect type="zoom" start="100" end="85" time="300" center="960,260" tween="sine" easing="out" />
                    </animation>
                    <visible>Control.IsVisible(55) + !Window.IsActive(favourites)</visible>
                    <control type="group">
                        <posx>744</posx>
                        <control type="image">
                            <description>Reflection</description>
                            <posx>-4</posx>
                            <posy>398</posy>
                            <width>380</width>
                            <height>380</height>
                            <colordiffuse>77white</colordiffuse>
                            <texture background="true" flipy="true" diffuse="views/posterview/diffuse-ref-square.png">$VAR[SquareThumbLarge2]</texture>
                            <bordertexture border="2" diffuse="views/posterview/diffuse-ref-square.png">views/posterview/border.png</bordertexture>
                            <aspectratio align="center" scalediffuse="false">scale</aspectratio>
                        </control>
                        <control type="image">
                            <description>Shadow Bottom</description>
                            <posx>-35</posx>
                            <posy>377</posy>
                            <width>442</width>
                            <height>36</height>
                            <texture>views/posterview/shadow.png</texture>
                        </control>
                        <control type="image">
                            <description>Poster</description>
                            <posx>-4</posx>
                            <posy>16</posy>
                            <width>380</width>
                            <height>380</height>
                            <colordiffuse>ddwhite</colordiffuse>
                            <texture background="true">$VAR[SquareThumbLarge2]</texture>
                            <bordertexture border="2">views/posterview/border.png</bordertexture>
                            <aspectratio align="center" scalediffuse="false">scale</aspectratio>
                        </control>
                        <visible>!IsEmpty(Container(55).ListItemNoWrap(2).Label)</visible>
                    </control>
                </control>
                <control type="group">
                    <animation type="Conditional" condition="true">
                        <effect type="zoom" start="100" end="94.7368421" time="0" center="558,206" />
                    </animation>
                    <animation type="WindowOpen">
                        <effect type="fade" start="0" end="100" delay="100" tween="sine" easing="in" time="300" />
                        <effect type="slide" start="400" end="0" delay="100" tween="cubic" easing="out" time="600" />
                    </animation>
                    <animation type="Visible" condition="IsEmpty(Window(home).property(NoAnimation)) + !Window.Next(visualisation)" reversible="false">
                        <effect type="fade" start="0" end="100" delay="400" tween="sine" easing="in" time="300" />
                        <effect type="slide" start="400" end="0" delay="400" tween="cubic" easing="out" time="600" />
                    </animation>
                    <include>GuideNoAnimation</include>
                    <animation type="Hidden" reversible="false">
                        <effect type="zoom" start="100" end="115" center="960,260" tween="sine" delay="0" easing="out" time="300" /> 
                        <effect type="fade" start="100" end="0" tween="cubic" easing="out" delay="0" time="300" />
                    </animation>
                    <animation type="WindowClose" reversible="false">
                        <effect type="fade" start="100" end="0" time="300" tween="sine" easing="out" />
                        <effect type="zoom" start="100" end="85" time="300" center="960,260" tween="sine" easing="out" />
                    </animation>
                    <visible>Control.IsVisible(55) + !Window.IsActive(favourites)</visible>
                    <control type="group">
                        <posx>372</posx>
                        <control type="image">
                            <description>Reflection</description>
                            <posx>-4</posx>
                            <posy>398</posy>
                            <width>380</width>
                            <height>380</height>
                            <colordiffuse>77white</colordiffuse>
                            <texture background="true" flipy="true" diffuse="views/posterview/diffuse-ref-square.png">$VAR[SquareThumbLarge1]</texture>
                            <bordertexture border="2" diffuse="views/posterview/diffuse-ref-square.png">views/posterview/border.png</bordertexture>
                            <aspectratio align="center" scalediffuse="false">scale</aspectratio>
                        </control>
                        <control type="image">
                            <description>Shadow Bottom</description>
                            <posx>-35</posx>
                            <posy>377</posy>
                            <width>442</width>
                            <height>36</height>
                            <texture>views/posterview/shadow.png</texture>
                        </control>
                        <control type="image">
                            <description>Poster</description>
                            <posx>-4</posx>
                            <posy>16</posy>
                            <width>380</width>
                            <height>380</height>
                            <colordiffuse>ddwhite</colordiffuse>
                            <texture background="true">$VAR[SquareThumbLarge1]</texture>
                            <bordertexture border="2">views/posterview/border.png</bordertexture>
                            <aspectratio align="center" scalediffuse="false">scale</aspectratio>
                        </control>
                        <visible>!IsEmpty(Container(55).ListItemNoWrap(1).Label)</visible>
                    </control>
                </control>
                <control type="group">
                    <animation type="WindowOpen">
                        <effect type="slide" start="200" end="0" tween="cubic" easing="out" time="700" />
                        <effect type="fade" start="0" end="100" tween="sine" easing="inout" time="300" />
                        <effect type="zoom" start="94.7368421" end="100" center="400,206" tween="cubic" easing="out" time="400" />
                    </animation>
                    <animation type="Visible" condition="IsEmpty(Window(home).property(NoAnimation)) + !Window.Next(visualisation)" reversible="false">
                        <effect type="slide" start="200" end="0" tween="cubic" easing="out" time="700" delay="300" />
                        <effect type="fade" start="0" end="100" tween="sine" easing="inout" time="300" delay="300" />
                        <effect type="zoom" start="94.7368421" end="100" center="400,206" tween="cubic" easing="out" time="400" delay="300" />
                    </animation>
                    <include>GuideNoAnimation</include>
                    <animation type="Hidden" reversible="false">
                        <effect type="zoom" start="100" end="115" center="960,260" tween="sine" delay="0" easing="out" time="300" /> 
                        <effect type="fade" start="100" end="0" tween="cubic" easing="out" delay="0" time="300" />
                    </animation>
                    <animation type="WindowClose" reversible="false">
                        <effect type="fade" start="100" end="0" time="300" tween="sine" easing="out" />
                        <effect type="zoom" start="100" end="85" time="300" center="960,260" tween="sine" easing="out" />
                    </animation>
                    <visible>Control.IsVisible(55) + !Window.IsActive(favourites)</visible>
                    <control type="image">
                        <description>Reflection</description>
                        <posx>-4</posx>
                        <posy>398</posy>
                        <width>380</width>
                        <height>380</height>
                        <colordiffuse>77white</colordiffuse>
                        <texture background="true" flipy="true" diffuse="views/posterview/diffuse-ref-square.png">$VAR[SquareThumbLarge0]</texture>
                        <bordertexture border="2" diffuse="views/posterview/diffuse-ref-square.png">views/posterview/border.png</bordertexture>
                        <aspectratio align="center" scalediffuse="false">scale</aspectratio>
                    </control>
                    <control type="image">
                        <posx>-16</posx>
                        <posy>386</posy>
                        <width>406</width>
                        <height>406</height>
                        <texture border="31" flipy="true" diffuse="views/posterview/diffuse-ref-square.png">views/panel/focus.png</texture>
                    </control>
                    <control type="image">
                        <description>Shadow Bottom</description>
                        <posx>-35</posx>
                        <posy>377</posy>
                        <width>442</width>
                        <height>36</height>
                        <texture>views/posterview/shadow.png</texture>
                    </control>
                    <control type="image">
                        <description>Shadow Focus</description>
                        <posx>-120</posx>
                        <posy>16</posy>
                        <width>612</width>
                        <height>381</height>
                        <texture border="108,0,108,0">views/posterview/shadow-focus.png</texture>
                    </control>
                    <control type="image">
                        <description>Poster</description>
                        <posx>-4</posx>
                        <posy>16</posy>
                        <width>380</width>
                        <height>380</height>
                        <texture background="true">$VAR[SquareThumbLarge0]</texture>
                        <bordertexture border="2">views/posterview/border.png</bordertexture>
                        <aspectratio align="center" scalediffuse="false">scale</aspectratio>
                    </control>
                    <control type="image">
                        <posx>-16</posx>
                        <posy>4</posy>
                        <width>406</width>
                        <height>406</height>
                        <texture border="31">views/panel/focus.png</texture>
                    </control>
                </control>
            </control>
            
            <control type="group">      
                <visible>Control.IsVisible(55) + !Window.IsActive(favourites)</visible>
                <animation effect="fade" start="100" end="0" time="0" reversible="false">Hidden</animation>
                <animation effect="fade" start="0" end="100" time="0" delay="1000" reversible="false">Visible</animation>       
                <control type="fixedlist" id="55">
                    <posx>-259</posx>
                    <posy>430</posy>
                    <width>2300</width>
                    <height>830</height>
                    <pagecontrol>70</pagecontrol>
                    <scrolltime tween="cubic" easing="out">500</scrolltime>
                    <orientation>horizontal</orientation>
                    <viewtype label="42227">list</viewtype>
                    <onleft>55</onleft>
                    <onright>55</onright>
                    <onup condition="!Skin.HasSetting(KioskMode)">9010</onup>
                    <onup condition="Skin.HasSetting(KioskMode)">55</onup>
                    <ondown>70</ondown>
                    <focusposition>1</focusposition>
                    <preloaditems>2</preloaditems>
                    <animation type="WindowOpen" reversible="false">
                        <effect type="fade" start="0" end="100" time="0" />
                        <effect type="slide" start="0,-1500" end="0,0" delay="700" time="0" />
                    </animation>
                    <animation type="WindowClose" reversible="false">
                        <effect type="fade" start="100" end="0" time="0" />
                    </animation>
                    <itemlayout width="372">
                        <control type="group">
                            <animation effect="Conditional" condition="true">
                                <effect type="zoom" end="94.7368421" time="0" center="186,206" />
                            </animation>
                            <control type="image">
                                <description>Reflection</description>
                                <posx>-4</posx>
                                <posy>398</posy>
                                <width>380</width>
                                <height>380</height>
                                <colordiffuse>77white</colordiffuse>
                                <texture background="true" flipy="true" diffuse="views/posterview/diffuse-ref-square.png">$VAR[SquareThumbLarge]</texture>
                                <bordertexture border="2" diffuse="views/posterview/diffuse-ref-square.png">views/posterview/border.png</bordertexture>
                                <aspectratio align="center" scalediffuse="false">scale</aspectratio>
                            </control>
                            <control type="image">
                                <description>Shadow Bottom</description>
                                <posx>-35</posx>
                                <posy>377</posy>
                                <width>442</width>
                                <height>36</height>
                                <texture>views/posterview/shadow.png</texture>
                            </control>
                            <control type="image">
                                <description>Poster</description>
                                <posx>-4</posx>
                                <posy>16</posy>
                                <width>380</width>
                                <height>380</height>
                                <colordiffuse>ddwhite</colordiffuse>
                                <texture background="true">$VAR[SquareThumbLarge]</texture>
                                <bordertexture border="2">views/posterview/border.png</bordertexture>
                                <aspectratio align="center" scalediffuse="false">scale</aspectratio>
                            </control>
                        </control>
                    </itemlayout>
                    <focusedlayout width="372">
                        <control type="group">
                            <animation type="Focus" condition="Container(55).OnNext | Container(55).OnPrevious">
                                <effect type="zoom" start="94.7368421" end="100" time="350" tween="sine" easing="out" center="186,206" />
                            </animation>
                            <animation type="Unfocus" condition="Container(55).OnNext | Container(55).OnPrevious">
                                <effect type="zoom" start="100" end="94.7368421" time="250" tween="sine" easing="out" center="186,206" />
                            </animation>
                            <control type="image">
                                <description>Reflection</description>
                                <posx>-4</posx>
                                <posy>398</posy>
                                <width>380</width>
                                <height>380</height>
                                <colordiffuse>77white</colordiffuse>
                                <texture background="true" flipy="true" diffuse="views/posterview/diffuse-ref-square.png">$VAR[SquareThumbLarge]</texture>
                                <bordertexture border="2" diffuse="views/posterview/diffuse-ref-square.png">views/posterview/border.png</bordertexture>
                                <aspectratio align="center" scalediffuse="false">scale</aspectratio>
                            </control>
                            <control type="image">
                                <posx>-16</posx>
                                <posy>386</posy>
                                <width>406</width>
                                <height>406</height>
                                <texture border="31" flipy="true" diffuse="views/posterview/diffuse-ref-square.png">views/panel/focus.png</texture>
                                <animation effect="fade" start="0" end="100" time="200" tween="sine" easing="in" condition="Container(55).OnNext | Container(55).OnPrevious">Focus</animation>
                                <animation effect="fade" start="100" end="0" time="200" tween="sine" easing="out" condition="Container(55).OnNext | Container(55).OnPrevious">UnFocus</animation>
                            </control>
                            <control type="image">
                                <description>Shadow Bottom</description>
                                <posx>-35</posx>
                                <posy>377</posy>
                                <width>442</width>
                                <height>36</height>
                                <texture>views/posterview/shadow.png</texture>
                            </control>
                            <control type="image">
                                <description>Shadow Focus</description>
                                <posx>-120</posx>
                                <posy>16</posy>
                                <width>612</width>
                                <height>381</height>
                                <texture border="108,0,108,0">views/posterview/shadow-focus.png</texture>
                                <animation effect="fade" start="0" end="100" time="200" tween="sine" easing="in" condition="Container(55).OnNext | Container(55).OnPrevious">Focus</animation>
                                <animation effect="fade" start="100" end="0" time="200" tween="sine" easing="out" condition="Container(55).OnNext | Container(55).OnPrevious">UnFocus</animation>
                            </control>
                            <control type="image">
                                <description>Poster</description>
                                <posx>-4</posx>
                                <posy>16</posy>
                                <width>380</width>
                                <height>380</height>
                                <texture background="true">$VAR[SquareThumbLarge]</texture>
                                <bordertexture border="2">views/posterview/border.png</bordertexture>
                                <animation effect="fade" start="86.71875" end="100" time="200" tween="sine" easing="in" condition="Container(55).OnNext | Container(55).OnPrevious">Focus</animation>
                                <animation effect="fade" start="100" end="86.71875" time="200" tween="sine" easing="out" condition="Container(55).OnNext | Container(55).OnPrevious">UnFocus</animation>
                                <aspectratio align="center" scalediffuse="false">scale</aspectratio>
                            </control>
                            <control type="image">
                                <posx>-16</posx>
                                <posy>4</posy>
                                <width>406</width>
                                <height>406</height>
                                <texture border="31">views/panel/focus.png</texture>
                                <animation effect="fade" start="0" end="100" time="200" tween="sine" easing="in" condition="Container(55).OnNext | Container(55).OnPrevious">Focus</animation>
                                <animation effect="fade" start="100" end="0" time="200" tween="sine" easing="out" condition="Container(55).OnNext | Container(55).OnPrevious">UnFocus</animation>
                            </control>
                        </control>
                    </focusedlayout>
                </control>
            </control>
            <control type="group">
                <animation type="WindowOpen" reversible="false">
                    <effect type="fade" start="0" end="100" delay="400" time="300" tween="sine" easing="inout" />
                </animation>
                <animation type="Visible" reversible="true">
                    <effect type="fade" start="0" end="100" delay="700" time="300" tween="sine" easing="inout" />
                </animation>
                <animation type="Hidden" reversible="false">
                    <effect type="fade" start="100" end="0" time="200" tween="sine" easing="out" />
                </animation>
                <animation type="WindowClose" reversible="false">
                    <effect type="fade" start="100" end="0" time="200" tween="sine" easing="out" />
                </animation>
                <visible>Control.IsVisible(55) + !Window.IsActive(favourites)</visible>
                <control type="group">
                    <animation type="Visible" reversible="false">
                        <effect type="fade" start="0" end="100" time="150" delay="150" tween="sine" easing="in" />
                    </animation>
                    <visible>!Container(55).OnNext + !Container(55).OnPrevious</visible>
                    <posx>110</posx>
                    <posy>845</posy>
                    <control type="label">
                        <posx>12</posx>
                        <posy>15</posy>
                        <width>1730</width>
                        <label>$INFO[Container(55).ListItem.Label]</label>
                        <font>Font-Condensed-S45-B</font>
                        <textcolor>aawhite</textcolor>
                        <scroll>false</scroll>
                        <align>left</align>
                    </control>
                    <control type="label">
                        <posx>13</posx>
                        <posy>65</posy>
                        <width>1730</width>
                        <label>$INFO[Container(55).ListItem.Label2]$INFO[Container(55).ListItem.PictureResolution, [COLOR=44FFFFFF]/[/COLOR] ,]$INFO[Container(55).ListItem.PictureDateTime, [COLOR=44FFFFFF]/[/COLOR] ,]</label>
                        <font>Font-Condensed-S36</font>
                        <textcolor>77white</textcolor>
                        <scroll>false</scroll>
                        <align>left</align>
                    </control>
                </control>
                <!--Scrollbar-->
                <control type="image">
                    <description>Scrollbar background (visible on focus)</description>
                    <posx>104</posx>
                    <posy>125r</posy>
                    <width>1712</width>
                    <height>6</height>
                    <texture border="6,0,6,0">views/other/scrollbar-sq.png</texture>
                    <visible>Control.HasFocus(70)</visible>
                    <animation effect="fade" start="0" end="25" time="300" tween="sine" easing="inout">Visible</animation>
                    <animation effect="fade" start="25" end="0" time="300" tween="sine" easing="inout">Hidden</animation>
                </control>
                <control type="scrollbar" id="70">
                    <description>Scrollbar</description>
                    <posx>104</posx>
                    <posy>125r</posy>
                    <width>1712</width>
                    <height>6</height>
                    <orientation>horizontal</orientation>
                    <texturesliderbar border="6,0,6,0">views/other/scrollbar-sq.png</texturesliderbar>
                    <texturesliderbarfocus border="6,0,6,0">views/other/scrollbar-sq.png</texturesliderbarfocus>
                    <showonepage>false</showonepage>
                    <onup>55</onup>
                    <ondown condition="!Skin.HasSetting(KioskMode)">9010</ondown>
                    <ondown condition="Skin.HasSetting(KioskMode)">55</ondown>
                    <animation effect="fade" start="40" end="0" time="300" tween="sine" easing="inout" condition="!Control.IsVisible(9772)">Conditional</animation>
                    <visible>Control.IsVisible(55)</visible>
                </control>
            </control>
        </control>
    </include>
</includes>